assetId,domain,assetKind,logicalGroup,source,sourcePath,sourceType,originalFunction,originalRenderer,modernRenderer,productionStatus,shippingStatus,evidenceStatus,rightsStatus,replacementRequired,replacementComplete,humanApproved,runtimeQaPassed,dimensions,format,runtimeConsumer,visualQaStatus,generation,disposition,replacementAssetId,dependencies,blockers,notes
art:character:e000-digitama:db-reference,CHARACTER,CHARACTER_DB_ENTITY_REFERENCE,db_digimon/e000_digitama,YDIJ ROM art census,docs/art/ROM_ART_CENSUS.json,ROM_BINARY,RAW_DB_ENTITY_E000_DIGITAMA,NDS_2D,PIXIJS_2D,NEEDS_REBUILD,ORIGINAL_REPLACEMENT_REQUIRED,VERIFIED_BINARY,ROM_COPYRIGHTED_REFERENCE,true,,,,,,,,,REBUILD,,[],"[""NEXUS_IDENTITY_AND_RIGHTS_REPLACEMENT_REQUIRED"",""DATABASE_TIER_NOT_IN_ORIGINAL_752_UNIT_AUDIT""]","Database/encyclopedia art tier for e000_digitama; egg; 8 files per entity (db Main/Sub x NANR, graphics, NCER, NCLR). A separate tier from the gameplay sprite set: the palette is shared with the gameplay tier, but graphics, cells and animations are distinct and roughly a fifth of the size. Its animation contract is also its own — see art:character-animation:db-main-slot-* and db-sub-slot-*."
art:character:e000-digitama:rom-reference,CHARACTER,CHARACTER_ENTITY_REFERENCE,e000_digitama,YDIJ decoded character runtime manifest,R:\NEXUS LINK\原作\CLAUDE_CODE_YDIJ_HANDOFF\02_CHARACTER_ART_STRUCTURE\digimon_runtime_manifest.json,DECODED_REFERENCE,RAW_ENTITY_E000_DIGITAMA,NDS_2D,PIXIJS_2D,NEEDS_REBUILD,ORIGINAL_REPLACEMENT_REQUIRED,VERIFIED_CROSSCHECK,ROM_COPYRIGHTED_REFERENCE,true,,,,,,,,,REBUILD,,[],"[""NEXUS_IDENTITY_AND_RIGHTS_REPLACEMENT_REQUIRED""]","egg; 8 gameplay files per entity contract (Main/Sub x NANR, graphics, NCER, NCLR). Rendered sheets are research-only; do not copy identity pixels into shipping art."
art:character:e001-digitama:db-reference,CHARACTER,CHARACTER_DB_ENTITY_REFERENCE,db_digimon/e001_digitama,YDIJ ROM art census,docs/art/ROM_ART_CENSUS.json,ROM_BINARY,RAW_DB_ENTITY_E001_DIGITAMA,NDS_2D,PIXIJS_2D,NEEDS_REBUILD,ORIGINAL_REPLACEMENT_REQUIRED,VERIFIED_BINARY,ROM_COPYRIGHTED_REFERENCE,true,,,,,,,,,REBUILD,,[],"[""NEXUS_IDENTITY_AND_RIGHTS_REPLACEMENT_REQUIRED"",""DATABASE_TIER_NOT_IN_ORIGINAL_752_UNIT_AUDIT""]","Database/encyclopedia art tier for e001_digitama; egg; 8 files per entity (db Main/Sub x NANR, graphics, NCER, NCLR). A separate tier from the gameplay sprite set: the palette is shared with the gameplay tier, but graphics, cells and animations are distinct and roughly a fifth of the size. Its animation contract is also its own — see art:character-animation:db-main-slot-* and db-sub-slot-*."
art:character:e001-digitama:rom-reference,CHARACTER,CHARACTER_ENTITY_REFERENCE,e001_digitama,YDIJ decoded character runtime manifest,R:\NEXUS LINK\原作\CLAUDE_CODE_YDIJ_HANDOFF\02_CHARACTER_ART_STRUCTURE\digimon_runtime_manifest.json,DECODED_REFERENCE,RAW_ENTITY_E001_DIGITAMA,NDS_2D,PIXIJS_2D,NEEDS_REBUILD,ORIGINAL_REPLACEMENT_REQUIRED,VERIFIED_CROSSCHECK,ROM_COPYRIGHTED_REFERENCE,true,,,,,,,,,REBUILD,,[],"[""NEXUS_IDENTITY_AND_RIGHTS_REPLACEMENT_REQUIRED""]","egg; 8 gameplay files per entity contract (Main/Sub x NANR, graphics, NCER, NCLR). Rendered sheets are research-only; do not copy identity pixels into shipping art."
art:character:e002-digitama:db-reference,CHARACTER,CHARACTER_DB_ENTITY_REFERENCE,db_digimon/e002_digitama,YDIJ ROM art census,docs/art/ROM_ART_CENSUS.json,ROM_BINARY,RAW_DB_ENTITY_E002_DIGITAMA,NDS_2D,PIXIJS_2D,NEEDS_REBUILD,ORIGINAL_REPLACEMENT_REQUIRED,VERIFIED_BINARY,ROM_COPYRIGHTED_REFERENCE,true,,,,,,,,,REBUILD,,[],"[""NEXUS_IDENTITY_AND_RIGHTS_REPLACEMENT_REQUIRED"",""DATABASE_TIER_NOT_IN_ORIGINAL_752_UNIT_AUDIT""]","Database/encyclopedia art tier for e002_digitama; egg; 8 files per entity (db Main/Sub x NANR, graphics, NCER, NCLR). A separate tier from the gameplay sprite set: the palette is shared with the gameplay tier, but graphics, cells and animations are distinct and roughly a fifth of the size. Its animation contract is also its own — see art:character-animation:db-main-slot-* and db-sub-slot-*."
art:character:e002-digitama:rom-reference,CHARACTER,CHARACTER_ENTITY_REFERENCE,e002_digitama,YDIJ decoded character runtime manifest,R:\NEXUS LINK\原作\CLAUDE_CODE_YDIJ_HANDOFF\02_CHARACTER_ART_STRUCTURE\digimon_runtime_manifest.json,DECODED_REFERENCE,RAW_ENTITY_E002_DIGITAMA,NDS_2D,PIXIJS_2D,NEEDS_REBUILD,ORIGINAL_REPLACEMENT_REQUIRED,VERIFIED_CROSSCHECK,ROM_COPYRIGHTED_REFERENCE,true,,,,,,,,,REBUILD,,[],"[""NEXUS_IDENTITY_AND_RIGHTS_REPLACEMENT_REQUIRED""]","egg; 8 gameplay files per entity contract (Main/Sub x NANR, graphics, NCER, NCLR). Rendered sheets are research-only; do not copy identity pixels into shipping art."
art:character:e003-digitama:db-reference,CHARACTER,CHARACTER_DB_ENTITY_REFERENCE,db_digimon/e003_digitama,YDIJ ROM art census,docs/art/ROM_ART_CENSUS.json,ROM_BINARY,RAW_DB_ENTITY_E003_DIGITAMA,NDS_2D,PIXIJS_2D,NEEDS_REBUILD,ORIGINAL_REPLACEMENT_REQUIRED,VERIFIED_BINARY,ROM_COPYRIGHTED_REFERENCE,true,,,,,,,,,REBUILD,,[],"[""NEXUS_IDENTITY_AND_RIGHTS_REPLACEMENT_REQUIRED"",""DATABASE_TIER_NOT_IN_ORIGINAL_752_UNIT_AUDIT""]","Database/encyclopedia art tier for e003_digitama; egg; 8 files per entity (db Main/Sub x NANR, graphics, NCER, NCLR). A separate tier from the gameplay sprite set: the palette is shared with the gameplay tier, but graphics, cells and animations are distinct and roughly a fifth of the size. Its animation contract is also its own — see art:character-animation:db-main-slot-* and db-sub-slot-*."
art:character:e003-digitama:rom-reference,CHARACTER,CHARACTER_ENTITY_REFERENCE,e003_digitama,YDIJ decoded character runtime manifest,R:\NEXUS LINK\原作\CLAUDE_CODE_YDIJ_HANDOFF\02_CHARACTER_ART_STRUCTURE\digimon_runtime_manifest.json,DECODED_REFERENCE,RAW_ENTITY_E003_DIGITAMA,NDS_2D,PIXIJS_2D,NEEDS_REBUILD,ORIGINAL_REPLACEMENT_REQUIRED,VERIFIED_CROSSCHECK,ROM_COPYRIGHTED_REFERENCE,true,,,,,,,,,REBUILD,,[],"[""NEXUS_IDENTITY_AND_RIGHTS_REPLACEMENT_REQUIRED""]","egg; 8 gameplay files per entity contract (Main/Sub x NANR, graphics, NCER, NCLR). Rendered sheets are research-only; do not copy identity pixels into shipping art."
art:character:e004-digitama:db-reference,CHARACTER,CHARACTER_DB_ENTITY_REFERENCE,db_digimon/e004_digitama,YDIJ ROM art census,docs/art/ROM_ART_CENSUS.json,ROM_BINARY,RAW_DB_ENTITY_E004_DIGITAMA,NDS_2D,PIXIJS_2D,NEEDS_REBUILD,ORIGINAL_REPLACEMENT_REQUIRED,VERIFIED_BINARY,ROM_COPYRIGHTED_REFERENCE,true,,,,,,,,,REBUILD,,[],"[""NEXUS_IDENTITY_AND_RIGHTS_REPLACEMENT_REQUIRED"",""DATABASE_TIER_NOT_IN_ORIGINAL_752_UNIT_AUDIT""]","Database/encyclopedia art tier for e004_digitama; egg; 8 files per entity (db Main/Sub x NANR, graphics, NCER, NCLR). A separate tier from the gameplay sprite set: the palette is shared with the gameplay tier, but graphics, cells and animations are distinct and roughly a fifth of the size. Its animation contract is also its own — see art:character-animation:db-main-slot-* and db-sub-slot-*."
art:character:e004-digitama:rom-reference,CHARACTER,CHARACTER_ENTITY_REFERENCE,e004_digitama,YDIJ decoded character runtime manifest,R:\NEXUS LINK\原作\CLAUDE_CODE_YDIJ_HANDOFF\02_CHARACTER_ART_STRUCTURE\digimon_runtime_manifest.json,DECODED_REFERENCE,RAW_ENTITY_E004_DIGITAMA,NDS_2D,PIXIJS_2D,NEEDS_REBUILD,ORIGINAL_REPLACEMENT_REQUIRED,VERIFIED_CROSSCHECK,ROM_COPYRIGHTED_REFERENCE,true,,,,,,,,,REBUILD,,[],"[""NEXUS_IDENTITY_AND_RIGHTS_REPLACEMENT_REQUIRED""]","egg; 8 gameplay files per entity contract (Main/Sub x NANR, graphics, NCER, NCLR). Rendered sheets are research-only; do not copy identity pixels into shipping art."
art:character:e005-digitama:db-reference,CHARACTER,CHARACTER_DB_ENTITY_REFERENCE,db_digimon/e005_digitama,YDIJ ROM art census,docs/art/ROM_ART_CENSUS.json,ROM_BINARY,RAW_DB_ENTITY_E005_DIGITAMA,NDS_2D,PIXIJS_2D,NEEDS_REBUILD,ORIGINAL_REPLACEMENT_REQUIRED,VERIFIED_BINARY,ROM_COPYRIGHTED_REFERENCE,true,,,,,,,,,REBUILD,,[],"[""NEXUS_IDENTITY_AND_RIGHTS_REPLACEMENT_REQUIRED"",""DATABASE_TIER_NOT_IN_ORIGINAL_752_UNIT_AUDIT""]","Database/encyclopedia art tier for e005_digitama; egg; 8 files per entity (db Main/Sub x NANR, graphics, NCER, NCLR). A separate tier from the gameplay sprite set: the palette is shared with the gameplay tier, but graphics, cells and animations are distinct and roughly a fifth of the size. Its animation contract is also its own — see art:character-animation:db-main-slot-* and db-sub-slot-*."
art:character:e005-digitama:rom-reference,CHARACTER,CHARACTER_ENTITY_REFERENCE,e005_digitama,YDIJ decoded character runtime manifest,R:\NEXUS LINK\原作\CLAUDE_CODE_YDIJ_HANDOFF\02_CHARACTER_ART_STRUCTURE\digimon_runtime_manifest.json,DECODED_REFERENCE,RAW_ENTITY_E005_DIGITAMA,NDS_2D,PIXIJS_2D,NEEDS_REBUILD,ORIGINAL_REPLACEMENT_REQUIRED,VERIFIED_CROSSCHECK,ROM_COPYRIGHTED_REFERENCE,true,,,,,,,,,REBUILD,,[],"[""NEXUS_IDENTITY_AND_RIGHTS_REPLACEMENT_REQUIRED""]","egg; 8 gameplay files per entity contract (Main/Sub x NANR, graphics, NCER, NCLR). Rendered sheets are research-only; do not copy identity pixels into shipping art."
art:character:e006-digitama:db-reference,CHARACTER,CHARACTER_DB_ENTITY_REFERENCE,db_digimon/e006_digitama,YDIJ ROM art census,docs/art/ROM_ART_CENSUS.json,ROM_BINARY,RAW_DB_ENTITY_E006_DIGITAMA,NDS_2D,PIXIJS_2D,NEEDS_REBUILD,ORIGINAL_REPLACEMENT_REQUIRED,VERIFIED_BINARY,ROM_COPYRIGHTED_REFERENCE,true,,,,,,,,,REBUILD,,[],"[""NEXUS_IDENTITY_AND_RIGHTS_REPLACEMENT_REQUIRED"",""DATABASE_TIER_NOT_IN_ORIGINAL_752_UNIT_AUDIT""]","Database/encyclopedia art tier for e006_digitama; egg; 8 files per entity (db Main/Sub x NANR, graphics, NCER, NCLR). A separate tier from the gameplay sprite set: the palette is shared with the gameplay tier, but graphics, cells and animations are distinct and roughly a fifth of the size. Its animation contract is also its own — see art:character-animation:db-main-slot-* and db-sub-slot-*."
art:character:e006-digitama:rom-reference,CHARACTER,CHARACTER_ENTITY_REFERENCE,e006_digitama,YDIJ decoded character runtime manifest,R:\NEXUS LINK\原作\CLAUDE_CODE_YDIJ_HANDOFF\02_CHARACTER_ART_STRUCTURE\digimon_runtime_manifest.json,DECODED_REFERENCE,RAW_ENTITY_E006_DIGITAMA,NDS_2D,PIXIJS_2D,NEEDS_REBUILD,ORIGINAL_REPLACEMENT_REQUIRED,VERIFIED_CROSSCHECK,ROM_COPYRIGHTED_REFERENCE,true,,,,,,,,,REBUILD,,[],"[""NEXUS_IDENTITY_AND_RIGHTS_REPLACEMENT_REQUIRED""]","egg; 8 gameplay files per entity contract (Main/Sub x NANR, graphics, NCER, NCLR). Rendered sheets are research-only; do not copy identity pixels into shipping art."
art:character:e007-digitama:db-reference,CHARACTER,CHARACTER_DB_ENTITY_REFERENCE,db_digimon/e007_digitama,YDIJ ROM art census,docs/art/ROM_ART_CENSUS.json,ROM_BINARY,RAW_DB_ENTITY_E007_DIGITAMA,NDS_2D,PIXIJS_2D,NEEDS_REBUILD,ORIGINAL_REPLACEMENT_REQUIRED,VERIFIED_BINARY,ROM_COPYRIGHTED_REFERENCE,true,,,,,,,,,REBUILD,,[],"[""NEXUS_IDENTITY_AND_RIGHTS_REPLACEMENT_REQUIRED"",""DATABASE_TIER_NOT_IN_ORIGINAL_752_UNIT_AUDIT""]","Database/encyclopedia art tier for e007_digitama; egg; 8 files per entity (db Main/Sub x NANR, graphics, NCER, NCLR). A separate tier from the gameplay sprite set: the palette is shared with the gameplay tier, but graphics, cells and animations are distinct and roughly a fifth of the size. Its animation contract is also its own — see art:character-animation:db-main-slot-* and db-sub-slot-*."
art:character:e007-digitama:rom-reference,CHARACTER,CHARACTER_ENTITY_REFERENCE,e007_digitama,YDIJ decoded character runtime manifest,R:\NEXUS LINK\原作\CLAUDE_CODE_YDIJ_HANDOFF\02_CHARACTER_ART_STRUCTURE\digimon_runtime_manifest.json,DECODED_REFERENCE,RAW_ENTITY_E007_DIGITAMA,NDS_2D,PIXIJS_2D,NEEDS_REBUILD,ORIGINAL_REPLACEMENT_REQUIRED,VERIFIED_CROSSCHECK,ROM_COPYRIGHTED_REFERENCE,true,,,,,,,,,REBUILD,,[],"[""NEXUS_IDENTITY_AND_RIGHTS_REPLACEMENT_REQUIRED""]","egg; 8 gameplay files per entity contract (Main/Sub x NANR, graphics, NCER, NCLR). Rendered sheets are research-only; do not copy identity pixels into shipping art."
art:character:m001-zurumon:db-reference,CHARACTER,CHARACTER_DB_ENTITY_REFERENCE,db_digimon/m001_zurumon,YDIJ ROM art census,docs/art/ROM_ART_CENSUS.json,ROM_BINARY,RAW_DB_ENTITY_M001_ZURUMON,NDS_2D,PIXIJS_2D,NEEDS_REBUILD,ORIGINAL_REPLACEMENT_REQUIRED,VERIFIED_BINARY,ROM_COPYRIGHTED_REFERENCE,true,,,,,,,,,REBUILD,,[],"[""NEXUS_IDENTITY_AND_RIGHTS_REPLACEMENT_REQUIRED"",""DATABASE_TIER_NOT_IN_ORIGINAL_752_UNIT_AUDIT""]","Database/encyclopedia art tier for m001_zurumon; regular; 8 files per entity (db Main/Sub x NANR, graphics, NCER, NCLR). A separate tier from the gameplay sprite set: the palette is shared with the gameplay tier, but graphics, cells and animations are distinct and roughly a fifth of the size. Its animation contract is also its own — see art:character-animation:db-main-slot-* and db-sub-slot-*."
art:character:m001-zurumon:rom-reference,CHARACTER,CHARACTER_ENTITY_REFERENCE,m001_zurumon,YDIJ decoded character runtime manifest,R:\NEXUS LINK\原作\CLAUDE_CODE_YDIJ_HANDOFF\02_CHARACTER_ART_STRUCTURE\digimon_runtime_manifest.json,DECODED_REFERENCE,RAW_ENTITY_M001_ZURUMON,NDS_2D,PIXIJS_2D,NEEDS_REBUILD,ORIGINAL_REPLACEMENT_REQUIRED,VERIFIED_CROSSCHECK,ROM_COPYRIGHTED_REFERENCE,true,,,,,,,,,REBUILD,,[],"[""NEXUS_IDENTITY_AND_RIGHTS_REPLACEMENT_REQUIRED""]","digimon; 8 gameplay files per entity contract (Main/Sub x NANR, graphics, NCER, NCLR). Rendered sheets are research-only; do not copy identity pixels into shipping art."
art:character:m002-choromon:db-reference,CHARACTER,CHARACTER_DB_ENTITY_REFERENCE,db_digimon/m002_choromon,YDIJ ROM art census,docs/art/ROM_ART_CENSUS.json,ROM_BINARY,RAW_DB_ENTITY_M002_CHOROMON,NDS_2D,PIXIJS_2D,NEEDS_REBUILD,ORIGINAL_REPLACEMENT_REQUIRED,VERIFIED_BINARY,ROM_COPYRIGHTED_REFERENCE,true,,,,,,,,,REBUILD,,[],"[""NEXUS_IDENTITY_AND_RIGHTS_REPLACEMENT_REQUIRED"",""DATABASE_TIER_NOT_IN_ORIGINAL_752_UNIT_AUDIT""]","Database/encyclopedia art tier for m002_choromon; regular; 8 files per entity (db Main/Sub x NANR, graphics, NCER, NCLR). A separate tier from the gameplay sprite set: the palette is shared with the gameplay tier, but graphics, cells and animations are distinct and roughly a fifth of the size. Its animation contract is also its own — see art:character-animation:db-main-slot-* and db-sub-slot-*."
art:character:m002-choromon:rom-reference,CHARACTER,CHARACTER_ENTITY_REFERENCE,m002_choromon,YDIJ decoded character runtime manifest,R:\NEXUS LINK\原作\CLAUDE_CODE_YDIJ_HANDOFF\02_CHARACTER_ART_STRUCTURE\digimon_runtime_manifest.json,DECODED_REFERENCE,RAW_ENTITY_M002_CHOROMON,NDS_2D,PIXIJS_2D,NEEDS_REBUILD,ORIGINAL_REPLACEMENT_REQUIRED,VERIFIED_CROSSCHECK,ROM_COPYRIGHTED_REFERENCE,true,,,,,,,,,REBUILD,,[],"[""NEXUS_IDENTITY_AND_RIGHTS_REPLACEMENT_REQUIRED""]","digimon; 8 gameplay files per entity contract (Main/Sub x NANR, graphics, NCER, NCLR). Rendered sheets are research-only; do not copy identity pixels into shipping art."
art:character:m003-nyokimon:db-reference,CHARACTER,CHARACTER_DB_ENTITY_REFERENCE,db_digimon/m003_nyokimon,YDIJ ROM art census,docs/art/ROM_ART_CENSUS.json,ROM_BINARY,RAW_DB_ENTITY_M003_NYOKIMON,NDS_2D,PIXIJS_2D,NEEDS_REBUILD,ORIGINAL_REPLACEMENT_REQUIRED,VERIFIED_BINARY,ROM_COPYRIGHTED_REFERENCE,true,,,,,,,,,REBUILD,,[],"[""NEXUS_IDENTITY_AND_RIGHTS_REPLACEMENT_REQUIRED"",""DATABASE_TIER_NOT_IN_ORIGINAL_752_UNIT_AUDIT""]","Database/encyclopedia art tier for m003_nyokimon; regular; 8 files per entity (db Main/Sub x NANR, graphics, NCER, NCLR). A separate tier from the gameplay sprite set: the palette is shared with the gameplay tier, but graphics, cells and animations are distinct and roughly a fifth of the size. Its animation contract is also its own — see art:character-animation:db-main-slot-* and db-sub-slot-*."
art:character:m003-nyokimon:rom-reference,CHARACTER,CHARACTER_ENTITY_REFERENCE,m003_nyokimon,YDIJ decoded character runtime manifest,R:\NEXUS LINK\原作\CLAUDE_CODE_YDIJ_HANDOFF\02_CHARACTER_ART_STRUCTURE\digimon_runtime_manifest.json,DECODED_REFERENCE,RAW_ENTITY_M003_NYOKIMON,NDS_2D,PIXIJS_2D,NEEDS_REBUILD,ORIGINAL_REPLACEMENT_REQUIRED,VERIFIED_CROSSCHECK,ROM_COPYRIGHTED_REFERENCE,true,,,,,,,,,REBUILD,,[],"[""NEXUS_IDENTITY_AND_RIGHTS_REPLACEMENT_REQUIRED""]","digimon; 8 gameplay files per entity contract (Main/Sub x NANR, graphics, NCER, NCLR). Rendered sheets are research-only; do not copy identity pixels into shipping art."
art:character:m004-bubbmon:db-reference,CHARACTER,CHARACTER_DB_ENTITY_REFERENCE,db_digimon/m004_bubbmon,YDIJ ROM art census,docs/art/ROM_ART_CENSUS.json,ROM_BINARY,RAW_DB_ENTITY_M004_BUBBMON,NDS_2D,PIXIJS_2D,NEEDS_REBUILD,ORIGINAL_REPLACEMENT_REQUIRED,VERIFIED_BINARY,ROM_COPYRIGHTED_REFERENCE,true,,,,,,,,,REBUILD,,[],"[""NEXUS_IDENTITY_AND_RIGHTS_REPLACEMENT_REQUIRED"",""DATABASE_TIER_NOT_IN_ORIGINAL_752_UNIT_AUDIT""]","Database/encyclopedia art tier for m004_bubbmon; regular; 8 files per entity (db Main/Sub x NANR, graphics, NCER, NCLR). A separate tier from the gameplay sprite set: the palette is shared with the gameplay tier, but graphics, cells and animations are distinct and roughly a fifth of the size. Its animation contract is also its own — see art:character-animation:db-main-slot-* and db-sub-slot-*."
art:character:m004-bubbmon:rom-reference,CHARACTER,CHARACTER_ENTITY_REFERENCE,m004_bubbmon,YDIJ decoded character runtime manifest,R:\NEXUS LINK\原作\CLAUDE_CODE_YDIJ_HANDOFF\02_CHARACTER_ART_STRUCTURE\digimon_runtime_manifest.json,DECODED_REFERENCE,RAW_ENTITY_M004_BUBBMON,NDS_2D,PIXIJS_2D,NEEDS_REBUILD,ORIGINAL_REPLACEMENT_REQUIRED,VERIFIED_CROSSCHECK,ROM_COPYRIGHTED_REFERENCE,true,,,,,,,,,REBUILD,,[],"[""NEXUS_IDENTITY_AND_RIGHTS_REPLACEMENT_REQUIRED""]","digimon; 8 gameplay files per entity contract (Main/Sub x NANR, graphics, NCER, NCLR). Rendered sheets are research-only; do not copy identity pixels into shipping art."
art:character:m005-pitchmon:db-reference,CHARACTER,CHARACTER_DB_ENTITY_REFERENCE,db_digimon/m005_pitchmon,YDIJ ROM art census,docs/art/ROM_ART_CENSUS.json,ROM_BINARY,RAW_DB_ENTITY_M005_PITCHMON,NDS_2D,PIXIJS_2D,NEEDS_REBUILD,ORIGINAL_REPLACEMENT_REQUIRED,VERIFIED_BINARY,ROM_COPYRIGHTED_REFERENCE,true,,,,,,,,,REBUILD,,[],"[""NEXUS_IDENTITY_AND_RIGHTS_REPLACEMENT_REQUIRED"",""DATABASE_TIER_NOT_IN_ORIGINAL_752_UNIT_AUDIT""]","Database/encyclopedia art tier for m005_pitchmon; regular; 8 files per entity (db Main/Sub x NANR, graphics, NCER, NCLR). A separate tier from the gameplay sprite set: the palette is shared with the gameplay tier, but graphics, cells and animations are distinct and roughly a fifth of the size. Its animation contract is also its own — see art:character-animation:db-main-slot-* and db-sub-slot-*."
art:character:m005-pitchmon:rom-reference,CHARACTER,CHARACTER_ENTITY_REFERENCE,m005_pitchmon,YDIJ decoded character runtime manifest,R:\NEXUS LINK\原作\CLAUDE_CODE_YDIJ_HANDOFF\02_CHARACTER_ART_STRUCTURE\digimon_runtime_manifest.json,DECODED_REFERENCE,RAW_ENTITY_M005_PITCHMON,NDS_2D,PIXIJS_2D,NEEDS_REBUILD,ORIGINAL_REPLACEMENT_REQUIRED,VERIFIED_CROSSCHECK,ROM_COPYRIGHTED_REFERENCE,true,,,,,,,,,REBUILD,,[],"[""NEXUS_IDENTITY_AND_RIGHTS_REPLACEMENT_REQUIRED""]","digimon; 8 gameplay files per entity contract (Main/Sub x NANR, graphics, NCER, NCLR). Rendered sheets are research-only; do not copy identity pixels into shipping art."
art:character:m006-punimon:db-reference,CHARACTER,CHARACTER_DB_ENTITY_REFERENCE,db_digimon/m006_punimon,YDIJ ROM art census,docs/art/ROM_ART_CENSUS.json,ROM_BINARY,RAW_DB_ENTITY_M006_PUNIMON,NDS_2D,PIXIJS_2D,NEEDS_REBUILD,ORIGINAL_REPLACEMENT_REQUIRED,VERIFIED_BINARY,ROM_COPYRIGHTED_REFERENCE,true,,,,,,,,,REBUILD,,[],"[""NEXUS_IDENTITY_AND_RIGHTS_REPLACEMENT_REQUIRED"",""DATABASE_TIER_NOT_IN_ORIGINAL_752_UNIT_AUDIT""]","Database/encyclopedia art tier for m006_punimon; regular; 8 files per entity (db Main/Sub x NANR, graphics, NCER, NCLR). A separate tier from the gameplay sprite set: the palette is shared with the gameplay tier, but graphics, cells and animations are distinct and roughly a fifth of the size. Its animation contract is also its own — see art:character-animation:db-main-slot-* and db-sub-slot-*."
art:character:m006-punimon:rom-reference,CHARACTER,CHARACTER_ENTITY_REFERENCE,m006_punimon,YDIJ decoded character runtime manifest,R:\NEXUS LINK\原作\CLAUDE_CODE_YDIJ_HANDOFF\02_CHARACTER_ART_STRUCTURE\digimon_runtime_manifest.json,DECODED_REFERENCE,RAW_ENTITY_M006_PUNIMON,NDS_2D,PIXIJS_2D,NEEDS_REBUILD,ORIGINAL_REPLACEMENT_REQUIRED,VERIFIED_CROSSCHECK,ROM_COPYRIGHTED_REFERENCE,true,,,,,,,,,REBUILD,,[],"[""NEXUS_IDENTITY_AND_RIGHTS_REPLACEMENT_REQUIRED""]","digimon; 8 gameplay files per entity contract (Main/Sub x NANR, graphics, NCER, NCLR). Rendered sheets are research-only; do not copy identity pixels into shipping art."
art:character:m007-botamon:db-reference,CHARACTER,CHARACTER_DB_ENTITY_REFERENCE,db_digimon/m007_botamon,YDIJ ROM art census,docs/art/ROM_ART_CENSUS.json,ROM_BINARY,RAW_DB_ENTITY_M007_BOTAMON,NDS_2D,PIXIJS_2D,NEEDS_REBUILD,ORIGINAL_REPLACEMENT_REQUIRED,VERIFIED_BINARY,ROM_COPYRIGHTED_REFERENCE,true,,,,,,,,,REBUILD,,[],"[""NEXUS_IDENTITY_AND_RIGHTS_REPLACEMENT_REQUIRED"",""DATABASE_TIER_NOT_IN_ORIGINAL_752_UNIT_AUDIT""]","Database/encyclopedia art tier for m007_botamon; regular; 8 files per entity (db Main/Sub x NANR, graphics, NCER, NCLR). A separate tier from the gameplay sprite set: the palette is shared with the gameplay tier, but graphics, cells and animations are distinct and roughly a fifth of the size. Its animation contract is also its own — see art:character-animation:db-main-slot-* and db-sub-slot-*."
art:character:m007-botamon:rom-reference,CHARACTER,CHARACTER_ENTITY_REFERENCE,m007_botamon,YDIJ decoded character runtime manifest,R:\NEXUS LINK\原作\CLAUDE_CODE_YDIJ_HANDOFF\02_CHARACTER_ART_STRUCTURE\digimon_runtime_manifest.json,DECODED_REFERENCE,RAW_ENTITY_M007_BOTAMON,NDS_2D,PIXIJS_2D,NEEDS_REBUILD,ORIGINAL_REPLACEMENT_REQUIRED,VERIFIED_CROSSCHECK,ROM_COPYRIGHTED_REFERENCE,true,,,,,,,,,REBUILD,,[],"[""NEXUS_IDENTITY_AND_RIGHTS_REPLACEMENT_REQUIRED""]","digimon; 8 gameplay files per entity contract (Main/Sub x NANR, graphics, NCER, NCLR). Rendered sheets are research-only; do not copy identity pixels into shipping art."
art:character:m008-poyomon:db-reference,CHARACTER,CHARACTER_DB_ENTITY_REFERENCE,db_digimon/m008_poyomon,YDIJ ROM art census,docs/art/ROM_ART_CENSUS.json,ROM_BINARY,RAW_DB_ENTITY_M008_POYOMON,NDS_2D,PIXIJS_2D,NEEDS_REBUILD,ORIGINAL_REPLACEMENT_REQUIRED,VERIFIED_BINARY,ROM_COPYRIGHTED_REFERENCE,true,,,,,,,,,REBUILD,,[],"[""NEXUS_IDENTITY_AND_RIGHTS_REPLACEMENT_REQUIRED"",""DATABASE_TIER_NOT_IN_ORIGINAL_752_UNIT_AUDIT""]","Database/encyclopedia art tier for m008_poyomon; regular; 8 files per entity (db Main/Sub x NANR, graphics, NCER, NCLR). A separate tier from the gameplay sprite set: the palette is shared with the gameplay tier, but graphics, cells and animations are distinct and roughly a fifth of the size. Its animation contract is also its own — see art:character-animation:db-main-slot-* and db-sub-slot-*."
art:character:m008-poyomon:rom-reference,CHARACTER,CHARACTER_ENTITY_REFERENCE,m008_poyomon,YDIJ decoded character runtime manifest,R:\NEXUS LINK\原作\CLAUDE_CODE_YDIJ_HANDOFF\02_CHARACTER_ART_STRUCTURE\digimon_runtime_manifest.json,DECODED_REFERENCE,RAW_ENTITY_M008_POYOMON,NDS_2D,PIXIJS_2D,NEEDS_REBUILD,ORIGINAL_REPLACEMENT_REQUIRED,VERIFIED_CROSSCHECK,ROM_COPYRIGHTED_REFERENCE,true,,,,,,,,,REBUILD,,[],"[""NEXUS_IDENTITY_AND_RIGHTS_REPLACEMENT_REQUIRED""]","digimon; 8 gameplay files per entity contract (Main/Sub x NANR, graphics, NCER, NCLR). Rendered sheets are research-only; do not copy identity pixels into shipping art."
art:character:m009-mokumon:db-reference,CHARACTER,CHARACTER_DB_ENTITY_REFERENCE,db_digimon/m009_mokumon,YDIJ ROM art census,docs/art/ROM_ART_CENSUS.json,ROM_BINARY,RAW_DB_ENTITY_M009_MOKUMON,NDS_2D,PIXIJS_2D,NEEDS_REBUILD,ORIGINAL_REPLACEMENT_REQUIRED,VERIFIED_BINARY,ROM_COPYRIGHTED_REFERENCE,true,,,,,,,,,REBUILD,,[],"[""NEXUS_IDENTITY_AND_RIGHTS_REPLACEMENT_REQUIRED"",""DATABASE_TIER_NOT_IN_ORIGINAL_752_UNIT_AUDIT""]","Database/encyclopedia art tier for m009_mokumon; regular; 8 files per entity (db Main/Sub x NANR, graphics, NCER, NCLR). A separate tier from the gameplay sprite set: the palette is shared with the gameplay tier, but graphics, cells and animations are distinct and roughly a fifth of the size. Its animation contract is also its own — see art:character-animation:db-main-slot-* and db-sub-slot-*."
art:character:m009-mokumon:rom-reference,CHARACTER,CHARACTER_ENTITY_REFERENCE,m009_mokumon,YDIJ decoded character runtime manifest,R:\NEXUS LINK\原作\CLAUDE_CODE_YDIJ_HANDOFF\02_CHARACTER_ART_STRUCTURE\digimon_runtime_manifest.json,DECODED_REFERENCE,RAW_ENTITY_M009_MOKUMON,NDS_2D,PIXIJS_2D,NEEDS_REBUILD,ORIGINAL_REPLACEMENT_REQUIRED,VERIFIED_CROSSCHECK,ROM_COPYRIGHTED_REFERENCE,true,,,,,,,,,REBUILD,,[],"[""NEXUS_IDENTITY_AND_RIGHTS_REPLACEMENT_REQUIRED""]","digimon; 8 gameplay files per entity contract (Main/Sub x NANR, graphics, NCER, NCLR). Rendered sheets are research-only; do not copy identity pixels into shipping art."
art:character:m010-yukimibotamon:db-reference,CHARACTER,CHARACTER_DB_ENTITY_REFERENCE,db_digimon/m010_yukimibotamon,YDIJ ROM art census,docs/art/ROM_ART_CENSUS.json,ROM_BINARY,RAW_DB_ENTITY_M010_YUKIMIBOTAMON,NDS_2D,PIXIJS_2D,NEEDS_REBUILD,ORIGINAL_REPLACEMENT_REQUIRED,VERIFIED_BINARY,ROM_COPYRIGHTED_REFERENCE,true,,,,,,,,,REBUILD,,[],"[""NEXUS_IDENTITY_AND_RIGHTS_REPLACEMENT_REQUIRED"",""DATABASE_TIER_NOT_IN_ORIGINAL_752_UNIT_AUDIT""]","Database/encyclopedia art tier for m010_yukimibotamon; regular; 8 files per entity (db Main/Sub x NANR, graphics, NCER, NCLR). A separate tier from the gameplay sprite set: the palette is shared with the gameplay tier, but graphics, cells and animations are distinct and roughly a fifth of the size. Its animation contract is also its own — see art:character-animation:db-main-slot-* and db-sub-slot-*."
art:character:m010-yukimibotamon:rom-reference,CHARACTER,CHARACTER_ENTITY_REFERENCE,m010_yukimibotamon,YDIJ decoded character runtime manifest,R:\NEXUS LINK\原作\CLAUDE_CODE_YDIJ_HANDOFF\02_CHARACTER_ART_STRUCTURE\digimon_runtime_manifest.json,DECODED_REFERENCE,RAW_ENTITY_M010_YUKIMIBOTAMON,NDS_2D,PIXIJS_2D,NEEDS_REBUILD,ORIGINAL_REPLACEMENT_REQUIRED,VERIFIED_CROSSCHECK,ROM_COPYRIGHTED_REFERENCE,true,,,,,,,,,REBUILD,,[],"[""NEXUS_IDENTITY_AND_RIGHTS_REPLACEMENT_REQUIRED""]","digimon; 8 gameplay files per entity contract (Main/Sub x NANR, graphics, NCER, NCLR). Rendered sheets are research-only; do not copy identity pixels into shipping art."
art:character:m011-yuramon:db-reference,CHARACTER,CHARACTER_DB_ENTITY_REFERENCE,db_digimon/m011_yuramon,YDIJ ROM art census,docs/art/ROM_ART_CENSUS.json,ROM_BINARY,RAW_DB_ENTITY_M011_YURAMON,NDS_2D,PIXIJS_2D,NEEDS_REBUILD,ORIGINAL_REPLACEMENT_REQUIRED,VERIFIED_BINARY,ROM_COPYRIGHTED_REFERENCE,true,,,,,,,,,REBUILD,,[],"[""NEXUS_IDENTITY_AND_RIGHTS_REPLACEMENT_REQUIRED"",""DATABASE_TIER_NOT_IN_ORIGINAL_752_UNIT_AUDIT""]","Database/encyclopedia art tier for m011_yuramon; regular; 8 files per entity (db Main/Sub x NANR, graphics, NCER, NCLR). A separate tier from the gameplay sprite set: the palette is shared with the gameplay tier, but graphics, cells and animations are distinct and roughly a fifth of the size. Its animation contract is also its own — see art:character-animation:db-main-slot-* and db-sub-slot-*."
art:character:m011-yuramon:rom-reference,CHARACTER,CHARACTER_ENTITY_REFERENCE,m011_yuramon,YDIJ decoded character runtime manifest,R:\NEXUS LINK\原作\CLAUDE_CODE_YDIJ_HANDOFF\02_CHARACTER_ART_STRUCTURE\digimon_runtime_manifest.json,DECODED_REFERENCE,RAW_ENTITY_M011_YURAMON,NDS_2D,PIXIJS_2D,NEEDS_REBUILD,ORIGINAL_REPLACEMENT_REQUIRED,VERIFIED_CROSSCHECK,ROM_COPYRIGHTED_REFERENCE,true,,,,,,,,,REBUILD,,[],"[""NEXUS_IDENTITY_AND_RIGHTS_REPLACEMENT_REQUIRED""]","digimon; 8 gameplay files per entity contract (Main/Sub x NANR, graphics, NCER, NCLR). Rendered sheets are research-only; do not copy identity pixels into shipping art."
art:character:m012-petimon:db-reference,CHARACTER,CHARACTER_DB_ENTITY_REFERENCE,db_digimon/m012_petimon,YDIJ ROM art census,docs/art/ROM_ART_CENSUS.json,ROM_BINARY,RAW_DB_ENTITY_M012_PETIMON,NDS_2D,PIXIJS_2D,NEEDS_REBUILD,ORIGINAL_REPLACEMENT_REQUIRED,VERIFIED_BINARY,ROM_COPYRIGHTED_REFERENCE,true,,,,,,,,,REBUILD,,[],"[""NEXUS_IDENTITY_AND_RIGHTS_REPLACEMENT_REQUIRED"",""DATABASE_TIER_NOT_IN_ORIGINAL_752_UNIT_AUDIT""]","Database/encyclopedia art tier for m012_petimon; regular; 8 files per entity (db Main/Sub x NANR, graphics, NCER, NCLR). A separate tier from the gameplay sprite set: the palette is shared with the gameplay tier, but graphics, cells and animations are distinct and roughly a fifth of the size. Its animation contract is also its own — see art:character-animation:db-main-slot-* and db-sub-slot-*."
art:character:m012-petimon:rom-reference,CHARACTER,CHARACTER_ENTITY_REFERENCE,m012_petimon,YDIJ decoded character runtime manifest,R:\NEXUS LINK\原作\CLAUDE_CODE_YDIJ_HANDOFF\02_CHARACTER_ART_STRUCTURE\digimon_runtime_manifest.json,DECODED_REFERENCE,RAW_ENTITY_M012_PETIMON,NDS_2D,PIXIJS_2D,NEEDS_REBUILD,ORIGINAL_REPLACEMENT_REQUIRED,VERIFIED_CROSSCHECK,ROM_COPYRIGHTED_REFERENCE,true,,,,,,,,,REBUILD,,[],"[""NEXUS_IDENTITY_AND_RIGHTS_REPLACEMENT_REQUIRED""]","digimon; 8 gameplay files per entity contract (Main/Sub x NANR, graphics, NCER, NCLR). Rendered sheets are research-only; do not copy identity pixels into shipping art."
art:character:m101-caprimon:db-reference,CHARACTER,CHARACTER_DB_ENTITY_REFERENCE,db_digimon/m101_caprimon,YDIJ ROM art census,docs/art/ROM_ART_CENSUS.json,ROM_BINARY,RAW_DB_ENTITY_M101_CAPRIMON,NDS_2D,PIXIJS_2D,NEEDS_REBUILD,ORIGINAL_REPLACEMENT_REQUIRED,VERIFIED_BINARY,ROM_COPYRIGHTED_REFERENCE,true,,,,,,,,,REBUILD,,[],"[""NEXUS_IDENTITY_AND_RIGHTS_REPLACEMENT_REQUIRED"",""DATABASE_TIER_NOT_IN_ORIGINAL_752_UNIT_AUDIT""]","Database/encyclopedia art tier for m101_caprimon; regular; 8 files per entity (db Main/Sub x NANR, graphics, NCER, NCLR). A separate tier from the gameplay sprite set: the palette is shared with the gameplay tier, but graphics, cells and animations are distinct and roughly a fifth of the size. Its animation contract is also its own — see art:character-animation:db-main-slot-* and db-sub-slot-*."
art:character:m101-caprimon:rom-reference,CHARACTER,CHARACTER_ENTITY_REFERENCE,m101_caprimon,YDIJ decoded character runtime manifest,R:\NEXUS LINK\原作\CLAUDE_CODE_YDIJ_HANDOFF\02_CHARACTER_ART_STRUCTURE\digimon_runtime_manifest.json,DECODED_REFERENCE,RAW_ENTITY_M101_CAPRIMON,NDS_2D,PIXIJS_2D,NEEDS_REBUILD,ORIGINAL_REPLACEMENT_REQUIRED,VERIFIED_CROSSCHECK,ROM_COPYRIGHTED_REFERENCE,true,,,,,,,,,REBUILD,,[],"[""NEXUS_IDENTITY_AND_RIGHTS_REPLACEMENT_REQUIRED""]","digimon; 8 gameplay files per entity contract (Main/Sub x NANR, graphics, NCER, NCLR). Rendered sheets are research-only; do not copy identity pixels into shipping art."
art:character:m102-koromon:db-reference,CHARACTER,CHARACTER_DB_ENTITY_REFERENCE,db_digimon/m102_koromon,YDIJ ROM art census,docs/art/ROM_ART_CENSUS.json,ROM_BINARY,RAW_DB_ENTITY_M102_KOROMON,NDS_2D,PIXIJS_2D,NEEDS_REBUILD,ORIGINAL_REPLACEMENT_REQUIRED,VERIFIED_BINARY,ROM_COPYRIGHTED_REFERENCE,true,,,,,,,,,REBUILD,,[],"[""NEXUS_IDENTITY_AND_RIGHTS_REPLACEMENT_REQUIRED"",""DATABASE_TIER_NOT_IN_ORIGINAL_752_UNIT_AUDIT""]","Database/encyclopedia art tier for m102_koromon; regular; 8 files per entity (db Main/Sub x NANR, graphics, NCER, NCLR). A separate tier from the gameplay sprite set: the palette is shared with the gameplay tier, but graphics, cells and animations are distinct and roughly a fifth of the size. Its animation contract is also its own — see art:character-animation:db-main-slot-* and db-sub-slot-*."
art:character:m102-koromon:rom-reference,CHARACTER,CHARACTER_ENTITY_REFERENCE,m102_koromon,YDIJ decoded character runtime manifest,R:\NEXUS LINK\原作\CLAUDE_CODE_YDIJ_HANDOFF\02_CHARACTER_ART_STRUCTURE\digimon_runtime_manifest.json,DECODED_REFERENCE,RAW_ENTITY_M102_KOROMON,NDS_2D,PIXIJS_2D,NEEDS_REBUILD,ORIGINAL_REPLACEMENT_REQUIRED,VERIFIED_CROSSCHECK,ROM_COPYRIGHTED_REFERENCE,true,,,,,,,,,REBUILD,,[],"[""NEXUS_IDENTITY_AND_RIGHTS_REPLACEMENT_REQUIRED""]","digimon; 8 gameplay files per entity contract (Main/Sub x NANR, graphics, NCER, NCLR). Rendered sheets are research-only; do not copy identity pixels into shipping art."
art:character:m103-tanemon:db-reference,CHARACTER,CHARACTER_DB_ENTITY_REFERENCE,db_digimon/m103_tanemon,YDIJ ROM art census,docs/art/ROM_ART_CENSUS.json,ROM_BINARY,RAW_DB_ENTITY_M103_TANEMON,NDS_2D,PIXIJS_2D,NEEDS_REBUILD,ORIGINAL_REPLACEMENT_REQUIRED,VERIFIED_BINARY,ROM_COPYRIGHTED_REFERENCE,true,,,,,,,,,REBUILD,,[],"[""NEXUS_IDENTITY_AND_RIGHTS_REPLACEMENT_REQUIRED"",""DATABASE_TIER_NOT_IN_ORIGINAL_752_UNIT_AUDIT""]","Database/encyclopedia art tier for m103_tanemon; regular; 8 files per entity (db Main/Sub x NANR, graphics, NCER, NCLR). A separate tier from the gameplay sprite set: the palette is shared with the gameplay tier, but graphics, cells and animations are distinct and roughly a fifth of the size. Its animation contract is also its own — see art:character-animation:db-main-slot-* and db-sub-slot-*."
art:character:m103-tanemon:rom-reference,CHARACTER,CHARACTER_ENTITY_REFERENCE,m103_tanemon,YDIJ decoded character runtime manifest,R:\NEXUS LINK\原作\CLAUDE_CODE_YDIJ_HANDOFF\02_CHARACTER_ART_STRUCTURE\digimon_runtime_manifest.json,DECODED_REFERENCE,RAW_ENTITY_M103_TANEMON,NDS_2D,PIXIJS_2D,NEEDS_REBUILD,ORIGINAL_REPLACEMENT_REQUIRED,VERIFIED_CROSSCHECK,ROM_COPYRIGHTED_REFERENCE,true,,,,,,,,,REBUILD,,[],"[""NEXUS_IDENTITY_AND_RIGHTS_REPLACEMENT_REQUIRED""]","digimon; 8 gameplay files per entity contract (Main/Sub x NANR, graphics, NCER, NCLR). Rendered sheets are research-only; do not copy identity pixels into shipping art."
art:character:m104-tunomon:db-reference,CHARACTER,CHARACTER_DB_ENTITY_REFERENCE,db_digimon/m104_tunomon,YDIJ ROM art census,docs/art/ROM_ART_CENSUS.json,ROM_BINARY,RAW_DB_ENTITY_M104_TUNOMON,NDS_2D,PIXIJS_2D,NEEDS_REBUILD,ORIGINAL_REPLACEMENT_REQUIRED,VERIFIED_BINARY,ROM_COPYRIGHTED_REFERENCE,true,,,,,,,,,REBUILD,,[],"[""NEXUS_IDENTITY_AND_RIGHTS_REPLACEMENT_REQUIRED"",""DATABASE_TIER_NOT_IN_ORIGINAL_752_UNIT_AUDIT""]","Database/encyclopedia art tier for m104_tunomon; regular; 8 files per entity (db Main/Sub x NANR, graphics, NCER, NCLR). A separate tier from the gameplay sprite set: the palette is shared with the gameplay tier, but graphics, cells and animations are distinct and roughly a fifth of the size. Its animation contract is also its own — see art:character-animation:db-main-slot-* and db-sub-slot-*."
art:character:m104-tunomon:rom-reference,CHARACTER,CHARACTER_ENTITY_REFERENCE,m104_tunomon,YDIJ decoded character runtime manifest,R:\NEXUS LINK\原作\CLAUDE_CODE_YDIJ_HANDOFF\02_CHARACTER_ART_STRUCTURE\digimon_runtime_manifest.json,DECODED_REFERENCE,RAW_ENTITY_M104_TUNOMON,NDS_2D,PIXIJS_2D,NEEDS_REBUILD,ORIGINAL_REPLACEMENT_REQUIRED,VERIFIED_CROSSCHECK,ROM_COPYRIGHTED_REFERENCE,true,,,,,,,,,REBUILD,,[],"[""NEXUS_IDENTITY_AND_RIGHTS_REPLACEMENT_REQUIRED""]","digimon; 8 gameplay files per entity contract (Main/Sub x NANR, graphics, NCER, NCLR). Rendered sheets are research-only; do not copy identity pixels into shipping art."
art:character:m105-tokomon:db-reference,CHARACTER,CHARACTER_DB_ENTITY_REFERENCE,db_digimon/m105_tokomon,YDIJ ROM art census,docs/art/ROM_ART_CENSUS.json,ROM_BINARY,RAW_DB_ENTITY_M105_TOKOMON,NDS_2D,PIXIJS_2D,NEEDS_REBUILD,ORIGINAL_REPLACEMENT_REQUIRED,VERIFIED_BINARY,ROM_COPYRIGHTED_REFERENCE,true,,,,,,,,,REBUILD,,[],"[""NEXUS_IDENTITY_AND_RIGHTS_REPLACEMENT_REQUIRED"",""DATABASE_TIER_NOT_IN_ORIGINAL_752_UNIT_AUDIT""]","Database/encyclopedia art tier for m105_tokomon; regular; 8 files per entity (db Main/Sub x NANR, graphics, NCER, NCLR). A separate tier from the gameplay sprite set: the palette is shared with the gameplay tier, but graphics, cells and animations are distinct and roughly a fifth of the size. Its animation contract is also its own — see art:character-animation:db-main-slot-* and db-sub-slot-*."
art:character:m105-tokomon:rom-reference,CHARACTER,CHARACTER_ENTITY_REFERENCE,m105_tokomon,YDIJ decoded character runtime manifest,R:\NEXUS LINK\原作\CLAUDE_CODE_YDIJ_HANDOFF\02_CHARACTER_ART_STRUCTURE\digimon_runtime_manifest.json,DECODED_REFERENCE,RAW_ENTITY_M105_TOKOMON,NDS_2D,PIXIJS_2D,NEEDS_REBUILD,ORIGINAL_REPLACEMENT_REQUIRED,VERIFIED_CROSSCHECK,ROM_COPYRIGHTED_REFERENCE,true,,,,,,,,,REBUILD,,[],"[""NEXUS_IDENTITY_AND_RIGHTS_REPLACEMENT_REQUIRED""]","digimon; 8 gameplay files per entity contract (Main/Sub x NANR, graphics, NCER, NCLR). Rendered sheets are research-only; do not copy identity pixels into shipping art."
art:character:m106-nyaromon:db-reference,CHARACTER,CHARACTER_DB_ENTITY_REFERENCE,db_digimon/m106_nyaromon,YDIJ ROM art census,docs/art/ROM_ART_CENSUS.json,ROM_BINARY,RAW_DB_ENTITY_M106_NYAROMON,NDS_2D,PIXIJS_2D,NEEDS_REBUILD,ORIGINAL_REPLACEMENT_REQUIRED,VERIFIED_BINARY,ROM_COPYRIGHTED_REFERENCE,true,,,,,,,,,REBUILD,,[],"[""NEXUS_IDENTITY_AND_RIGHTS_REPLACEMENT_REQUIRED"",""DATABASE_TIER_NOT_IN_ORIGINAL_752_UNIT_AUDIT""]","Database/encyclopedia art tier for m106_nyaromon; regular; 8 files per entity (db Main/Sub x NANR, graphics, NCER, NCLR). A separate tier from the gameplay sprite set: the palette is shared with the gameplay tier, but graphics, cells and animations are distinct and roughly a fifth of the size. Its animation contract is also its own — see art:character-animation:db-main-slot-* and db-sub-slot-*."
art:character:m106-nyaromon:rom-reference,CHARACTER,CHARACTER_ENTITY_REFERENCE,m106_nyaromon,YDIJ decoded character runtime manifest,R:\NEXUS LINK\原作\CLAUDE_CODE_YDIJ_HANDOFF\02_CHARACTER_ART_STRUCTURE\digimon_runtime_manifest.json,DECODED_REFERENCE,RAW_ENTITY_M106_NYAROMON,NDS_2D,PIXIJS_2D,NEEDS_REBUILD,ORIGINAL_REPLACEMENT_REQUIRED,VERIFIED_CROSSCHECK,ROM_COPYRIGHTED_REFERENCE,true,,,,,,,,,REBUILD,,[],"[""NEXUS_IDENTITY_AND_RIGHTS_REPLACEMENT_REQUIRED""]","digimon; 8 gameplay files per entity contract (Main/Sub x NANR, graphics, NCER, NCLR). Rendered sheets are research-only; do not copy identity pixels into shipping art."
art:character:m107-pagumon:db-reference,CHARACTER,CHARACTER_DB_ENTITY_REFERENCE,db_digimon/m107_pagumon,YDIJ ROM art census,docs/art/ROM_ART_CENSUS.json,ROM_BINARY,RAW_DB_ENTITY_M107_PAGUMON,NDS_2D,PIXIJS_2D,NEEDS_REBUILD,ORIGINAL_REPLACEMENT_REQUIRED,VERIFIED_BINARY,ROM_COPYRIGHTED_REFERENCE,true,,,,,,,,,REBUILD,,[],"[""NEXUS_IDENTITY_AND_RIGHTS_REPLACEMENT_REQUIRED"",""DATABASE_TIER_NOT_IN_ORIGINAL_752_UNIT_AUDIT""]","Database/encyclopedia art tier for m107_pagumon; regular; 8 files per entity (db Main/Sub x NANR, graphics, NCER, NCLR). A separate tier from the gameplay sprite set: the palette is shared with the gameplay tier, but graphics, cells and animations are distinct and roughly a fifth of the size. Its animation contract is also its own — see art:character-animation:db-main-slot-* and db-sub-slot-*."
art:character:m107-pagumon:rom-reference,CHARACTER,CHARACTER_ENTITY_REFERENCE,m107_pagumon,YDIJ decoded character runtime manifest,R:\NEXUS LINK\原作\CLAUDE_CODE_YDIJ_HANDOFF\02_CHARACTER_ART_STRUCTURE\digimon_runtime_manifest.json,DECODED_REFERENCE,RAW_ENTITY_M107_PAGUMON,NDS_2D,PIXIJS_2D,NEEDS_REBUILD,ORIGINAL_REPLACEMENT_REQUIRED,VERIFIED_CROSSCHECK,ROM_COPYRIGHTED_REFERENCE,true,,,,,,,,,REBUILD,,[],"[""NEXUS_IDENTITY_AND_RIGHTS_REPLACEMENT_REQUIRED""]","digimon; 8 gameplay files per entity contract (Main/Sub x NANR, graphics, NCER, NCLR). Rendered sheets are research-only; do not copy identity pixels into shipping art."
art:character:m108-pyokomon:db-reference,CHARACTER,CHARACTER_DB_ENTITY_REFERENCE,db_digimon/m108_pyokomon,YDIJ ROM art census,docs/art/ROM_ART_CENSUS.json,ROM_BINARY,RAW_DB_ENTITY_M108_PYOKOMON,NDS_2D,PIXIJS_2D,NEEDS_REBUILD,ORIGINAL_REPLACEMENT_REQUIRED,VERIFIED_BINARY,ROM_COPYRIGHTED_REFERENCE,true,,,,,,,,,REBUILD,,[],"[""NEXUS_IDENTITY_AND_RIGHTS_REPLACEMENT_REQUIRED"",""DATABASE_TIER_NOT_IN_ORIGINAL_752_UNIT_AUDIT""]","Database/encyclopedia art tier for m108_pyokomon; regular; 8 files per entity (db Main/Sub x NANR, graphics, NCER, NCLR). A separate tier from the gameplay sprite set: the palette is shared with the gameplay tier, but graphics, cells and animations are distinct and roughly a fifth of the size. Its animation contract is also its own — see art:character-animation:db-main-slot-* and db-sub-slot-*."
art:character:m108-pyokomon:rom-reference,CHARACTER,CHARACTER_ENTITY_REFERENCE,m108_pyokomon,YDIJ decoded character runtime manifest,R:\NEXUS LINK\原作\CLAUDE_CODE_YDIJ_HANDOFF\02_CHARACTER_ART_STRUCTURE\digimon_runtime_manifest.json,DECODED_REFERENCE,RAW_ENTITY_M108_PYOKOMON,NDS_2D,PIXIJS_2D,NEEDS_REBUILD,ORIGINAL_REPLACEMENT_REQUIRED,VERIFIED_CROSSCHECK,ROM_COPYRIGHTED_REFERENCE,true,,,,,,,,,REBUILD,,[],"[""NEXUS_IDENTITY_AND_RIGHTS_REPLACEMENT_REQUIRED""]","digimon; 8 gameplay files per entity contract (Main/Sub x NANR, graphics, NCER, NCLR). Rendered sheets are research-only; do not copy identity pixels into shipping art."
art:character:m109-pukamon:db-reference,CHARACTER,CHARACTER_DB_ENTITY_REFERENCE,db_digimon/m109_pukamon,YDIJ ROM art census,docs/art/ROM_ART_CENSUS.json,ROM_BINARY,RAW_DB_ENTITY_M109_PUKAMON,NDS_2D,PIXIJS_2D,NEEDS_REBUILD,ORIGINAL_REPLACEMENT_REQUIRED,VERIFIED_BINARY,ROM_COPYRIGHTED_REFERENCE,true,,,,,,,,,REBUILD,,[],"[""NEXUS_IDENTITY_AND_RIGHTS_REPLACEMENT_REQUIRED"",""DATABASE_TIER_NOT_IN_ORIGINAL_752_UNIT_AUDIT""]","Database/encyclopedia art tier for m109_pukamon; regular; 8 files per entity (db Main/Sub x NANR, graphics, NCER, NCLR). A separate tier from the gameplay sprite set: the palette is shared with the gameplay tier, but graphics, cells and animations are distinct and roughly a fifth of the size. Its animation contract is also its own — see art:character-animation:db-main-slot-* and db-sub-slot-*."
art:character:m109-pukamon:rom-reference,CHARACTER,CHARACTER_ENTITY_REFERENCE,m109_pukamon,YDIJ decoded character runtime manifest,R:\NEXUS LINK\原作\CLAUDE_CODE_YDIJ_HANDOFF\02_CHARACTER_ART_STRUCTURE\digimon_runtime_manifest.json,DECODED_REFERENCE,RAW_ENTITY_M109_PUKAMON,NDS_2D,PIXIJS_2D,NEEDS_REBUILD,ORIGINAL_REPLACEMENT_REQUIRED,VERIFIED_CROSSCHECK,ROM_COPYRIGHTED_REFERENCE,true,,,,,,,,,REBUILD,,[],"[""NEXUS_IDENTITY_AND_RIGHTS_REPLACEMENT_REQUIRED""]","digimon; 8 gameplay files per entity contract (Main/Sub x NANR, graphics, NCER, NCLR). Rendered sheets are research-only; do not copy identity pixels into shipping art."
art:character:m110-petimemramon:db-reference,CHARACTER,CHARACTER_DB_ENTITY_REFERENCE,db_digimon/m110_petimemramon,YDIJ ROM art census,docs/art/ROM_ART_CENSUS.json,ROM_BINARY,RAW_DB_ENTITY_M110_PETIMEMRAMON,NDS_2D,PIXIJS_2D,NEEDS_REBUILD,ORIGINAL_REPLACEMENT_REQUIRED,VERIFIED_BINARY,ROM_COPYRIGHTED_REFERENCE,true,,,,,,,,,REBUILD,,[],"[""NEXUS_IDENTITY_AND_RIGHTS_REPLACEMENT_REQUIRED"",""DATABASE_TIER_NOT_IN_ORIGINAL_752_UNIT_AUDIT""]","Database/encyclopedia art tier for m110_petimemramon; regular; 8 files per entity (db Main/Sub x NANR, graphics, NCER, NCLR). A separate tier from the gameplay sprite set: the palette is shared with the gameplay tier, but graphics, cells and animations are distinct and roughly a fifth of the size. Its animation contract is also its own — see art:character-animation:db-main-slot-* and db-sub-slot-*."
art:character:m110-petimemramon:rom-reference,CHARACTER,CHARACTER_ENTITY_REFERENCE,m110_petimemramon,YDIJ decoded character runtime manifest,R:\NEXUS LINK\原作\CLAUDE_CODE_YDIJ_HANDOFF\02_CHARACTER_ART_STRUCTURE\digimon_runtime_manifest.json,DECODED_REFERENCE,RAW_ENTITY_M110_PETIMEMRAMON,NDS_2D,PIXIJS_2D,NEEDS_REBUILD,ORIGINAL_REPLACEMENT_REQUIRED,VERIFIED_CROSSCHECK,ROM_COPYRIGHTED_REFERENCE,true,,,,,,,,,REBUILD,,[],"[""NEXUS_IDENTITY_AND_RIGHTS_REPLACEMENT_REQUIRED""]","digimon; 8 gameplay files per entity contract (Main/Sub x NANR, graphics, NCER, NCLR). Rendered sheets are research-only; do not copy identity pixels into shipping art."
art:character:m111-mochimon:db-reference,CHARACTER,CHARACTER_DB_ENTITY_REFERENCE,db_digimon/m111_mochimon,YDIJ ROM art census,docs/art/ROM_ART_CENSUS.json,ROM_BINARY,RAW_DB_ENTITY_M111_MOCHIMON,NDS_2D,PIXIJS_2D,NEEDS_REBUILD,ORIGINAL_REPLACEMENT_REQUIRED,VERIFIED_BINARY,ROM_COPYRIGHTED_REFERENCE,true,,,,,,,,,REBUILD,,[],"[""NEXUS_IDENTITY_AND_RIGHTS_REPLACEMENT_REQUIRED"",""DATABASE_TIER_NOT_IN_ORIGINAL_752_UNIT_AUDIT""]","Database/encyclopedia art tier for m111_mochimon; regular; 8 files per entity (db Main/Sub x NANR, graphics, NCER, NCLR). A separate tier from the gameplay sprite set: the palette is shared with the gameplay tier, but graphics, cells and animations are distinct and roughly a fifth of the size. Its animation contract is also its own — see art:character-animation:db-main-slot-* and db-sub-slot-*."
art:character:m111-mochimon:rom-reference,CHARACTER,CHARACTER_ENTITY_REFERENCE,m111_mochimon,YDIJ decoded character runtime manifest,R:\NEXUS LINK\原作\CLAUDE_CODE_YDIJ_HANDOFF\02_CHARACTER_ART_STRUCTURE\digimon_runtime_manifest.json,DECODED_REFERENCE,RAW_ENTITY_M111_MOCHIMON,NDS_2D,PIXIJS_2D,NEEDS_REBUILD,ORIGINAL_REPLACEMENT_REQUIRED,VERIFIED_CROSSCHECK,ROM_COPYRIGHTED_REFERENCE,true,,,,,,,,,REBUILD,,[],"[""NEXUS_IDENTITY_AND_RIGHTS_REPLACEMENT_REQUIRED""]","digimon; 8 gameplay files per entity contract (Main/Sub x NANR, graphics, NCER, NCLR). Rendered sheets are research-only; do not copy identity pixels into shipping art."
art:character:m112-bebydomon:db-reference,CHARACTER,CHARACTER_DB_ENTITY_REFERENCE,db_digimon/m112_bebydomon,YDIJ ROM art census,docs/art/ROM_ART_CENSUS.json,ROM_BINARY,RAW_DB_ENTITY_M112_BEBYDOMON,NDS_2D,PIXIJS_2D,NEEDS_REBUILD,ORIGINAL_REPLACEMENT_REQUIRED,VERIFIED_BINARY,ROM_COPYRIGHTED_REFERENCE,true,,,,,,,,,REBUILD,,[],"[""NEXUS_IDENTITY_AND_RIGHTS_REPLACEMENT_REQUIRED"",""DATABASE_TIER_NOT_IN_ORIGINAL_752_UNIT_AUDIT""]","Database/encyclopedia art tier for m112_bebydomon; regular; 8 files per entity (db Main/Sub x NANR, graphics, NCER, NCLR). A separate tier from the gameplay sprite set: the palette is shared with the gameplay tier, but graphics, cells and animations are distinct and roughly a fifth of the size. Its animation contract is also its own — see art:character-animation:db-main-slot-* and db-sub-slot-*."
art:character:m112-bebydomon:rom-reference,CHARACTER,CHARACTER_ENTITY_REFERENCE,m112_bebydomon,YDIJ decoded character runtime manifest,R:\NEXUS LINK\原作\CLAUDE_CODE_YDIJ_HANDOFF\02_CHARACTER_ART_STRUCTURE\digimon_runtime_manifest.json,DECODED_REFERENCE,RAW_ENTITY_M112_BEBYDOMON,NDS_2D,PIXIJS_2D,NEEDS_REBUILD,ORIGINAL_REPLACEMENT_REQUIRED,VERIFIED_CROSSCHECK,ROM_COPYRIGHTED_REFERENCE,true,,,,,,,,,REBUILD,,[],"[""NEXUS_IDENTITY_AND_RIGHTS_REPLACEMENT_REQUIRED""]","digimon; 8 gameplay files per entity contract (Main/Sub x NANR, graphics, NCER, NCLR). Rendered sheets are research-only; do not copy identity pixels into shipping art."
art:character:m113-sunmon:db-reference,CHARACTER,CHARACTER_DB_ENTITY_REFERENCE,db_digimon/m113_sunmon,YDIJ ROM art census,docs/art/ROM_ART_CENSUS.json,ROM_BINARY,RAW_DB_ENTITY_M113_SUNMON,NDS_2D,PIXIJS_2D,NEEDS_REBUILD,ORIGINAL_REPLACEMENT_REQUIRED,VERIFIED_BINARY,ROM_COPYRIGHTED_REFERENCE,true,,,,,,,,,REBUILD,,[],"[""NEXUS_IDENTITY_AND_RIGHTS_REPLACEMENT_REQUIRED"",""DATABASE_TIER_NOT_IN_ORIGINAL_752_UNIT_AUDIT""]","Database/encyclopedia art tier for m113_sunmon; regular; 8 files per entity (db Main/Sub x NANR, graphics, NCER, NCLR). A separate tier from the gameplay sprite set: the palette is shared with the gameplay tier, but graphics, cells and animations are distinct and roughly a fifth of the size. Its animation contract is also its own — see art:character-animation:db-main-slot-* and db-sub-slot-*."
art:character:m113-sunmon:rom-reference,CHARACTER,CHARACTER_ENTITY_REFERENCE,m113_sunmon,YDIJ decoded character runtime manifest,R:\NEXUS LINK\原作\CLAUDE_CODE_YDIJ_HANDOFF\02_CHARACTER_ART_STRUCTURE\digimon_runtime_manifest.json,DECODED_REFERENCE,RAW_ENTITY_M113_SUNMON,NDS_2D,PIXIJS_2D,NEEDS_REBUILD,ORIGINAL_REPLACEMENT_REQUIRED,VERIFIED_CROSSCHECK,ROM_COPYRIGHTED_REFERENCE,true,,,,,,,,,REBUILD,,[],"[""NEXUS_IDENTITY_AND_RIGHTS_REPLACEMENT_REQUIRED""]","digimon; 8 gameplay files per entity contract (Main/Sub x NANR, graphics, NCER, NCLR). Rendered sheets are research-only; do not copy identity pixels into shipping art."
art:character:m114-moonmon:db-reference,CHARACTER,CHARACTER_DB_ENTITY_REFERENCE,db_digimon/m114_moonmon,YDIJ ROM art census,docs/art/ROM_ART_CENSUS.json,ROM_BINARY,RAW_DB_ENTITY_M114_MOONMON,NDS_2D,PIXIJS_2D,NEEDS_REBUILD,ORIGINAL_REPLACEMENT_REQUIRED,VERIFIED_BINARY,ROM_COPYRIGHTED_REFERENCE,true,,,,,,,,,REBUILD,,[],"[""NEXUS_IDENTITY_AND_RIGHTS_REPLACEMENT_REQUIRED"",""DATABASE_TIER_NOT_IN_ORIGINAL_752_UNIT_AUDIT""]","Database/encyclopedia art tier for m114_moonmon; regular; 8 files per entity (db Main/Sub x NANR, graphics, NCER, NCLR). A separate tier from the gameplay sprite set: the palette is shared with the gameplay tier, but graphics, cells and animations are distinct and roughly a fifth of the size. Its animation contract is also its own — see art:character-animation:db-main-slot-* and db-sub-slot-*."
art:character:m114-moonmon:rom-reference,CHARACTER,CHARACTER_ENTITY_REFERENCE,m114_moonmon,YDIJ decoded character runtime manifest,R:\NEXUS LINK\原作\CLAUDE_CODE_YDIJ_HANDOFF\02_CHARACTER_ART_STRUCTURE\digimon_runtime_manifest.json,DECODED_REFERENCE,RAW_ENTITY_M114_MOONMON,NDS_2D,PIXIJS_2D,NEEDS_REBUILD,ORIGINAL_REPLACEMENT_REQUIRED,VERIFIED_CROSSCHECK,ROM_COPYRIGHTED_REFERENCE,true,,,,,,,,,REBUILD,,[],"[""NEXUS_IDENTITY_AND_RIGHTS_REPLACEMENT_REQUIRED""]","digimon; 8 gameplay files per entity contract (Main/Sub x NANR, graphics, NCER, NCLR). Rendered sheets are research-only; do not copy identity pixels into shipping art."
art:character:m201-agumon:db-reference,CHARACTER,CHARACTER_DB_ENTITY_REFERENCE,db_digimon/m201_agumon,YDIJ ROM art census,docs/art/ROM_ART_CENSUS.json,ROM_BINARY,RAW_DB_ENTITY_M201_AGUMON,NDS_2D,PIXIJS_2D,NEEDS_REBUILD,ORIGINAL_REPLACEMENT_REQUIRED,VERIFIED_BINARY,ROM_COPYRIGHTED_REFERENCE,true,,,,,,,,,REBUILD,,[],"[""NEXUS_IDENTITY_AND_RIGHTS_REPLACEMENT_REQUIRED"",""DATABASE_TIER_NOT_IN_ORIGINAL_752_UNIT_AUDIT""]","Database/encyclopedia art tier for m201_agumon; regular; 8 files per entity (db Main/Sub x NANR, graphics, NCER, NCLR). A separate tier from the gameplay sprite set: the palette is shared with the gameplay tier, but graphics, cells and animations are distinct and roughly a fifth of the size. Its animation contract is also its own — see art:character-animation:db-main-slot-* and db-sub-slot-*."
art:character:m201-agumon:rom-reference,CHARACTER,CHARACTER_ENTITY_REFERENCE,m201_agumon,YDIJ decoded character runtime manifest,R:\NEXUS LINK\原作\CLAUDE_CODE_YDIJ_HANDOFF\02_CHARACTER_ART_STRUCTURE\digimon_runtime_manifest.json,DECODED_REFERENCE,RAW_ENTITY_M201_AGUMON,NDS_2D,PIXIJS_2D,NEEDS_REBUILD,ORIGINAL_REPLACEMENT_REQUIRED,VERIFIED_CROSSCHECK,ROM_COPYRIGHTED_REFERENCE,true,,,,,,,,,REBUILD,,[],"[""NEXUS_IDENTITY_AND_RIGHTS_REPLACEMENT_REQUIRED""]","digimon; 8 gameplay files per entity contract (Main/Sub x NANR, graphics, NCER, NCLR). Rendered sheets are research-only; do not copy identity pixels into shipping art."
art:character:m202-armadimon:db-reference,CHARACTER,CHARACTER_DB_ENTITY_REFERENCE,db_digimon/m202_armadimon,YDIJ ROM art census,docs/art/ROM_ART_CENSUS.json,ROM_BINARY,RAW_DB_ENTITY_M202_ARMADIMON,NDS_2D,PIXIJS_2D,NEEDS_REBUILD,ORIGINAL_REPLACEMENT_REQUIRED,VERIFIED_BINARY,ROM_COPYRIGHTED_REFERENCE,true,,,,,,,,,REBUILD,,[],"[""NEXUS_IDENTITY_AND_RIGHTS_REPLACEMENT_REQUIRED"",""DATABASE_TIER_NOT_IN_ORIGINAL_752_UNIT_AUDIT""]","Database/encyclopedia art tier for m202_armadimon; regular; 8 files per entity (db Main/Sub x NANR, graphics, NCER, NCLR). A separate tier from the gameplay sprite set: the palette is shared with the gameplay tier, but graphics, cells and animations are distinct and roughly a fifth of the size. Its animation contract is also its own — see art:character-animation:db-main-slot-* and db-sub-slot-*."
art:character:m202-armadimon:rom-reference,CHARACTER,CHARACTER_ENTITY_REFERENCE,m202_armadimon,YDIJ decoded character runtime manifest,R:\NEXUS LINK\原作\CLAUDE_CODE_YDIJ_HANDOFF\02_CHARACTER_ART_STRUCTURE\digimon_runtime_manifest.json,DECODED_REFERENCE,RAW_ENTITY_M202_ARMADIMON,NDS_2D,PIXIJS_2D,NEEDS_REBUILD,ORIGINAL_REPLACEMENT_REQUIRED,VERIFIED_CROSSCHECK,ROM_COPYRIGHTED_REFERENCE,true,,,,,,,,,REBUILD,,[],"[""NEXUS_IDENTITY_AND_RIGHTS_REPLACEMENT_REQUIRED""]","digimon; 8 gameplay files per entity contract (Main/Sub x NANR, graphics, NCER, NCLR). Rendered sheets are research-only; do not copy identity pixels into shipping art."
art:character:m203-elecmon:db-reference,CHARACTER,CHARACTER_DB_ENTITY_REFERENCE,db_digimon/m203_elecmon,YDIJ ROM art census,docs/art/ROM_ART_CENSUS.json,ROM_BINARY,RAW_DB_ENTITY_M203_ELECMON,NDS_2D,PIXIJS_2D,NEEDS_REBUILD,ORIGINAL_REPLACEMENT_REQUIRED,VERIFIED_BINARY,ROM_COPYRIGHTED_REFERENCE,true,,,,,,,,,REBUILD,,[],"[""NEXUS_IDENTITY_AND_RIGHTS_REPLACEMENT_REQUIRED"",""DATABASE_TIER_NOT_IN_ORIGINAL_752_UNIT_AUDIT""]","Database/encyclopedia art tier for m203_elecmon; regular; 8 files per entity (db Main/Sub x NANR, graphics, NCER, NCLR). A separate tier from the gameplay sprite set: the palette is shared with the gameplay tier, but graphics, cells and animations are distinct and roughly a fifth of the size. Its animation contract is also its own — see art:character-animation:db-main-slot-* and db-sub-slot-*."
art:character:m203-elecmon:rom-reference,CHARACTER,CHARACTER_ENTITY_REFERENCE,m203_elecmon,YDIJ decoded character runtime manifest,R:\NEXUS LINK\原作\CLAUDE_CODE_YDIJ_HANDOFF\02_CHARACTER_ART_STRUCTURE\digimon_runtime_manifest.json,DECODED_REFERENCE,RAW_ENTITY_M203_ELECMON,NDS_2D,PIXIJS_2D,NEEDS_REBUILD,ORIGINAL_REPLACEMENT_REQUIRED,VERIFIED_CROSSCHECK,ROM_COPYRIGHTED_REFERENCE,true,,,,,,,,,REBUILD,,[],"[""NEXUS_IDENTITY_AND_RIGHTS_REPLACEMENT_REQUIRED""]","digimon; 8 gameplay files per entity contract (Main/Sub x NANR, graphics, NCER, NCLR). Rendered sheets are research-only; do not copy identity pixels into shipping art."
art:character:m204-otamamon:db-reference,CHARACTER,CHARACTER_DB_ENTITY_REFERENCE,db_digimon/m204_otamamon,YDIJ ROM art census,docs/art/ROM_ART_CENSUS.json,ROM_BINARY,RAW_DB_ENTITY_M204_OTAMAMON,NDS_2D,PIXIJS_2D,NEEDS_REBUILD,ORIGINAL_REPLACEMENT_REQUIRED,VERIFIED_BINARY,ROM_COPYRIGHTED_REFERENCE,true,,,,,,,,,REBUILD,,[],"[""NEXUS_IDENTITY_AND_RIGHTS_REPLACEMENT_REQUIRED"",""DATABASE_TIER_NOT_IN_ORIGINAL_752_UNIT_AUDIT""]","Database/encyclopedia art tier for m204_otamamon; regular; 8 files per entity (db Main/Sub x NANR, graphics, NCER, NCLR). A separate tier from the gameplay sprite set: the palette is shared with the gameplay tier, but graphics, cells and animations are distinct and roughly a fifth of the size. Its animation contract is also its own — see art:character-animation:db-main-slot-* and db-sub-slot-*."
art:character:m204-otamamon:rom-reference,CHARACTER,CHARACTER_ENTITY_REFERENCE,m204_otamamon,YDIJ decoded character runtime manifest,R:\NEXUS LINK\原作\CLAUDE_CODE_YDIJ_HANDOFF\02_CHARACTER_ART_STRUCTURE\digimon_runtime_manifest.json,DECODED_REFERENCE,RAW_ENTITY_M204_OTAMAMON,NDS_2D,PIXIJS_2D,NEEDS_REBUILD,ORIGINAL_REPLACEMENT_REQUIRED,VERIFIED_CROSSCHECK,ROM_COPYRIGHTED_REFERENCE,true,,,,,,,,,REBUILD,,[],"[""NEXUS_IDENTITY_AND_RIGHTS_REPLACEMENT_REQUIRED""]","digimon; 8 gameplay files per entity contract (Main/Sub x NANR, graphics, NCER, NCLR). Rendered sheets are research-only; do not copy identity pixels into shipping art."
art:character:m205-gaomon:db-reference,CHARACTER,CHARACTER_DB_ENTITY_REFERENCE,db_digimon/m205_gaomon,YDIJ ROM art census,docs/art/ROM_ART_CENSUS.json,ROM_BINARY,RAW_DB_ENTITY_M205_GAOMON,NDS_2D,PIXIJS_2D,NEEDS_REBUILD,ORIGINAL_REPLACEMENT_REQUIRED,VERIFIED_BINARY,ROM_COPYRIGHTED_REFERENCE,true,,,,,,,,,REBUILD,,[],"[""NEXUS_IDENTITY_AND_RIGHTS_REPLACEMENT_REQUIRED"",""DATABASE_TIER_NOT_IN_ORIGINAL_752_UNIT_AUDIT""]","Database/encyclopedia art tier for m205_gaomon; regular; 8 files per entity (db Main/Sub x NANR, graphics, NCER, NCLR). A separate tier from the gameplay sprite set: the palette is shared with the gameplay tier, but graphics, cells and animations are distinct and roughly a fifth of the size. Its animation contract is also its own — see art:character-animation:db-main-slot-* and db-sub-slot-*."
art:character:m205-gaomon:rom-reference,CHARACTER,CHARACTER_ENTITY_REFERENCE,m205_gaomon,YDIJ decoded character runtime manifest,R:\NEXUS LINK\原作\CLAUDE_CODE_YDIJ_HANDOFF\02_CHARACTER_ART_STRUCTURE\digimon_runtime_manifest.json,DECODED_REFERENCE,RAW_ENTITY_M205_GAOMON,NDS_2D,PIXIJS_2D,NEEDS_REBUILD,ORIGINAL_REPLACEMENT_REQUIRED,VERIFIED_CROSSCHECK,ROM_COPYRIGHTED_REFERENCE,true,,,,,,,,,REBUILD,,[],"[""NEXUS_IDENTITY_AND_RIGHTS_REPLACEMENT_REQUIRED""]","digimon; 8 gameplay files per entity contract (Main/Sub x NANR, graphics, NCER, NCLR). Rendered sheets are research-only; do not copy identity pixels into shipping art."
art:character:m206-gazimon:db-reference,CHARACTER,CHARACTER_DB_ENTITY_REFERENCE,db_digimon/m206_gazimon,YDIJ ROM art census,docs/art/ROM_ART_CENSUS.json,ROM_BINARY,RAW_DB_ENTITY_M206_GAZIMON,NDS_2D,PIXIJS_2D,NEEDS_REBUILD,ORIGINAL_REPLACEMENT_REQUIRED,VERIFIED_BINARY,ROM_COPYRIGHTED_REFERENCE,true,,,,,,,,,REBUILD,,[],"[""NEXUS_IDENTITY_AND_RIGHTS_REPLACEMENT_REQUIRED"",""DATABASE_TIER_NOT_IN_ORIGINAL_752_UNIT_AUDIT""]","Database/encyclopedia art tier for m206_gazimon; regular; 8 files per entity (db Main/Sub x NANR, graphics, NCER, NCLR). A separate tier from the gameplay sprite set: the palette is shared with the gameplay tier, but graphics, cells and animations are distinct and roughly a fifth of the size. Its animation contract is also its own — see art:character-animation:db-main-slot-* and db-sub-slot-*."
art:character:m206-gazimon:rom-reference,CHARACTER,CHARACTER_ENTITY_REFERENCE,m206_gazimon,YDIJ decoded character runtime manifest,R:\NEXUS LINK\原作\CLAUDE_CODE_YDIJ_HANDOFF\02_CHARACTER_ART_STRUCTURE\digimon_runtime_manifest.json,DECODED_REFERENCE,RAW_ENTITY_M206_GAZIMON,NDS_2D,PIXIJS_2D,NEEDS_REBUILD,ORIGINAL_REPLACEMENT_REQUIRED,VERIFIED_CROSSCHECK,ROM_COPYRIGHTED_REFERENCE,true,,,,,,,,,REBUILD,,[],"[""NEXUS_IDENTITY_AND_RIGHTS_REPLACEMENT_REQUIRED""]","digimon; 8 gameplay files per entity contract (Main/Sub x NANR, graphics, NCER, NCLR). Rendered sheets are research-only; do not copy identity pixels into shipping art."
art:character:m208-gabumon:db-reference,CHARACTER,CHARACTER_DB_ENTITY_REFERENCE,db_digimon/m208_gabumon,YDIJ ROM art census,docs/art/ROM_ART_CENSUS.json,ROM_BINARY,RAW_DB_ENTITY_M208_GABUMON,NDS_2D,PIXIJS_2D,NEEDS_REBUILD,ORIGINAL_REPLACEMENT_REQUIRED,VERIFIED_BINARY,ROM_COPYRIGHTED_REFERENCE,true,,,,,,,,,REBUILD,,[],"[""NEXUS_IDENTITY_AND_RIGHTS_REPLACEMENT_REQUIRED"",""DATABASE_TIER_NOT_IN_ORIGINAL_752_UNIT_AUDIT""]","Database/encyclopedia art tier for m208_gabumon; regular; 8 files per entity (db Main/Sub x NANR, graphics, NCER, NCLR). A separate tier from the gameplay sprite set: the palette is shared with the gameplay tier, but graphics, cells and animations are distinct and roughly a fifth of the size. Its animation contract is also its own — see art:character-animation:db-main-slot-* and db-sub-slot-*."
art:character:m208-gabumon:rom-reference,CHARACTER,CHARACTER_ENTITY_REFERENCE,m208_gabumon,YDIJ decoded character runtime manifest,R:\NEXUS LINK\原作\CLAUDE_CODE_YDIJ_HANDOFF\02_CHARACTER_ART_STRUCTURE\digimon_runtime_manifest.json,DECODED_REFERENCE,RAW_ENTITY_M208_GABUMON,NDS_2D,PIXIJS_2D,NEEDS_REBUILD,ORIGINAL_REPLACEMENT_REQUIRED,VERIFIED_CROSSCHECK,ROM_COPYRIGHTED_REFERENCE,true,,,,,,,,,REBUILD,,[],"[""NEXUS_IDENTITY_AND_RIGHTS_REPLACEMENT_REQUIRED""]","digimon; 8 gameplay files per entity contract (Main/Sub x NANR, graphics, NCER, NCLR). Rendered sheets are research-only; do not copy identity pixels into shipping art."
art:character:m209-kamemon:db-reference,CHARACTER,CHARACTER_DB_ENTITY_REFERENCE,db_digimon/m209_kamemon,YDIJ ROM art census,docs/art/ROM_ART_CENSUS.json,ROM_BINARY,RAW_DB_ENTITY_M209_KAMEMON,NDS_2D,PIXIJS_2D,NEEDS_REBUILD,ORIGINAL_REPLACEMENT_REQUIRED,VERIFIED_BINARY,ROM_COPYRIGHTED_REFERENCE,true,,,,,,,,,REBUILD,,[],"[""NEXUS_IDENTITY_AND_RIGHTS_REPLACEMENT_REQUIRED"",""DATABASE_TIER_NOT_IN_ORIGINAL_752_UNIT_AUDIT""]","Database/encyclopedia art tier for m209_kamemon; regular; 8 files per entity (db Main/Sub x NANR, graphics, NCER, NCLR). A separate tier from the gameplay sprite set: the palette is shared with the gameplay tier, but graphics, cells and animations are distinct and roughly a fifth of the size. Its animation contract is also its own — see art:character-animation:db-main-slot-* and db-sub-slot-*."
art:character:m209-kamemon:rom-reference,CHARACTER,CHARACTER_ENTITY_REFERENCE,m209_kamemon,YDIJ decoded character runtime manifest,R:\NEXUS LINK\原作\CLAUDE_CODE_YDIJ_HANDOFF\02_CHARACTER_ART_STRUCTURE\digimon_runtime_manifest.json,DECODED_REFERENCE,RAW_ENTITY_M209_KAMEMON,NDS_2D,PIXIJS_2D,NEEDS_REBUILD,ORIGINAL_REPLACEMENT_REQUIRED,VERIFIED_CROSSCHECK,ROM_COPYRIGHTED_REFERENCE,true,,,,,,,,,REBUILD,,[],"[""NEXUS_IDENTITY_AND_RIGHTS_REPLACEMENT_REQUIRED""]","digimon; 8 gameplay files per entity contract (Main/Sub x NANR, graphics, NCER, NCLR). Rendered sheets are research-only; do not copy identity pixels into shipping art."
art:character:m210-gizamon:db-reference,CHARACTER,CHARACTER_DB_ENTITY_REFERENCE,db_digimon/m210_gizamon,YDIJ ROM art census,docs/art/ROM_ART_CENSUS.json,ROM_BINARY,RAW_DB_ENTITY_M210_GIZAMON,NDS_2D,PIXIJS_2D,NEEDS_REBUILD,ORIGINAL_REPLACEMENT_REQUIRED,VERIFIED_BINARY,ROM_COPYRIGHTED_REFERENCE,true,,,,,,,,,REBUILD,,[],"[""NEXUS_IDENTITY_AND_RIGHTS_REPLACEMENT_REQUIRED"",""DATABASE_TIER_NOT_IN_ORIGINAL_752_UNIT_AUDIT""]","Database/encyclopedia art tier for m210_gizamon; regular; 8 files per entity (db Main/Sub x NANR, graphics, NCER, NCLR). A separate tier from the gameplay sprite set: the palette is shared with the gameplay tier, but graphics, cells and animations are distinct and roughly a fifth of the size. Its animation contract is also its own — see art:character-animation:db-main-slot-* and db-sub-slot-*."
art:character:m210-gizamon:rom-reference,CHARACTER,CHARACTER_ENTITY_REFERENCE,m210_gizamon,YDIJ decoded character runtime manifest,R:\NEXUS LINK\原作\CLAUDE_CODE_YDIJ_HANDOFF\02_CHARACTER_ART_STRUCTURE\digimon_runtime_manifest.json,DECODED_REFERENCE,RAW_ENTITY_M210_GIZAMON,NDS_2D,PIXIJS_2D,NEEDS_REBUILD,ORIGINAL_REPLACEMENT_REQUIRED,VERIFIED_CROSSCHECK,ROM_COPYRIGHTED_REFERENCE,true,,,,,,,,,REBUILD,,[],"[""NEXUS_IDENTITY_AND_RIGHTS_REPLACEMENT_REQUIRED""]","digimon; 8 gameplay files per entity contract (Main/Sub x NANR, graphics, NCER, NCLR). Rendered sheets are research-only; do not copy identity pixels into shipping art."
art:character:m211-candmon:db-reference,CHARACTER,CHARACTER_DB_ENTITY_REFERENCE,db_digimon/m211_candmon,YDIJ ROM art census,docs/art/ROM_ART_CENSUS.json,ROM_BINARY,RAW_DB_ENTITY_M211_CANDMON,NDS_2D,PIXIJS_2D,NEEDS_REBUILD,ORIGINAL_REPLACEMENT_REQUIRED,VERIFIED_BINARY,ROM_COPYRIGHTED_REFERENCE,true,,,,,,,,,REBUILD,,[],"[""NEXUS_IDENTITY_AND_RIGHTS_REPLACEMENT_REQUIRED"",""DATABASE_TIER_NOT_IN_ORIGINAL_752_UNIT_AUDIT""]","Database/encyclopedia art tier for m211_candmon; regular; 8 files per entity (db Main/Sub x NANR, graphics, NCER, NCLR). A separate tier from the gameplay sprite set: the palette is shared with the gameplay tier, but graphics, cells and animations are distinct and roughly a fifth of the size. Its animation contract is also its own — see art:character-animation:db-main-slot-* and db-sub-slot-*."
art:character:m211-candmon:rom-reference,CHARACTER,CHARACTER_ENTITY_REFERENCE,m211_candmon,YDIJ decoded character runtime manifest,R:\NEXUS LINK\原作\CLAUDE_CODE_YDIJ_HANDOFF\02_CHARACTER_ART_STRUCTURE\digimon_runtime_manifest.json,DECODED_REFERENCE,RAW_ENTITY_M211_CANDMON,NDS_2D,PIXIJS_2D,NEEDS_REBUILD,ORIGINAL_REPLACEMENT_REQUIRED,VERIFIED_CROSSCHECK,ROM_COPYRIGHTED_REFERENCE,true,,,,,,,,,REBUILD,,[],"[""NEXUS_IDENTITY_AND_RIGHTS_REPLACEMENT_REQUIRED""]","digimon; 8 gameplay files per entity contract (Main/Sub x NANR, graphics, NCER, NCLR). Rendered sheets are research-only; do not copy identity pixels into shipping art."
art:character:m214-kunemon:db-reference,CHARACTER,CHARACTER_DB_ENTITY_REFERENCE,db_digimon/m214_kunemon,YDIJ ROM art census,docs/art/ROM_ART_CENSUS.json,ROM_BINARY,RAW_DB_ENTITY_M214_KUNEMON,NDS_2D,PIXIJS_2D,NEEDS_REBUILD,ORIGINAL_REPLACEMENT_REQUIRED,VERIFIED_BINARY,ROM_COPYRIGHTED_REFERENCE,true,,,,,,,,,REBUILD,,[],"[""NEXUS_IDENTITY_AND_RIGHTS_REPLACEMENT_REQUIRED"",""DATABASE_TIER_NOT_IN_ORIGINAL_752_UNIT_AUDIT""]","Database/encyclopedia art tier for m214_kunemon; regular; 8 files per entity (db Main/Sub x NANR, graphics, NCER, NCLR). A separate tier from the gameplay sprite set: the palette is shared with the gameplay tier, but graphics, cells and animations are distinct and roughly a fifth of the size. Its animation contract is also its own — see art:character-animation:db-main-slot-* and db-sub-slot-*."
art:character:m214-kunemon:rom-reference,CHARACTER,CHARACTER_ENTITY_REFERENCE,m214_kunemon,YDIJ decoded character runtime manifest,R:\NEXUS LINK\原作\CLAUDE_CODE_YDIJ_HANDOFF\02_CHARACTER_ART_STRUCTURE\digimon_runtime_manifest.json,DECODED_REFERENCE,RAW_ENTITY_M214_KUNEMON,NDS_2D,PIXIJS_2D,NEEDS_REBUILD,ORIGINAL_REPLACEMENT_REQUIRED,VERIFIED_CROSSCHECK,ROM_COPYRIGHTED_REFERENCE,true,,,,,,,,,REBUILD,,[],"[""NEXUS_IDENTITY_AND_RIGHTS_REPLACEMENT_REQUIRED""]","digimon; 8 gameplay files per entity contract (Main/Sub x NANR, graphics, NCER, NCLR). Rendered sheets are research-only; do not copy identity pixels into shipping art."
art:character:m217-gottumon:db-reference,CHARACTER,CHARACTER_DB_ENTITY_REFERENCE,db_digimon/m217_gottumon,YDIJ ROM art census,docs/art/ROM_ART_CENSUS.json,ROM_BINARY,RAW_DB_ENTITY_M217_GOTTUMON,NDS_2D,PIXIJS_2D,NEEDS_REBUILD,ORIGINAL_REPLACEMENT_REQUIRED,VERIFIED_BINARY,ROM_COPYRIGHTED_REFERENCE,true,,,,,,,,,REBUILD,,[],"[""NEXUS_IDENTITY_AND_RIGHTS_REPLACEMENT_REQUIRED"",""DATABASE_TIER_NOT_IN_ORIGINAL_752_UNIT_AUDIT""]","Database/encyclopedia art tier for m217_gottumon; regular; 8 files per entity (db Main/Sub x NANR, graphics, NCER, NCLR). A separate tier from the gameplay sprite set: the palette is shared with the gameplay tier, but graphics, cells and animations are distinct and roughly a fifth of the size. Its animation contract is also its own — see art:character-animation:db-main-slot-* and db-sub-slot-*."
art:character:m217-gottumon:rom-reference,CHARACTER,CHARACTER_ENTITY_REFERENCE,m217_gottumon,YDIJ decoded character runtime manifest,R:\NEXUS LINK\原作\CLAUDE_CODE_YDIJ_HANDOFF\02_CHARACTER_ART_STRUCTURE\digimon_runtime_manifest.json,DECODED_REFERENCE,RAW_ENTITY_M217_GOTTUMON,NDS_2D,PIXIJS_2D,NEEDS_REBUILD,ORIGINAL_REPLACEMENT_REQUIRED,VERIFIED_CROSSCHECK,ROM_COPYRIGHTED_REFERENCE,true,,,,,,,,,REBUILD,,[],"[""NEXUS_IDENTITY_AND_RIGHTS_REPLACEMENT_REQUIRED""]","digimon; 8 gameplay files per entity contract (Main/Sub x NANR, graphics, NCER, NCLR). Rendered sheets are research-only; do not copy identity pixels into shipping art."
art:character:m218-goburimon:db-reference,CHARACTER,CHARACTER_DB_ENTITY_REFERENCE,db_digimon/m218_goburimon,YDIJ ROM art census,docs/art/ROM_ART_CENSUS.json,ROM_BINARY,RAW_DB_ENTITY_M218_GOBURIMON,NDS_2D,PIXIJS_2D,NEEDS_REBUILD,ORIGINAL_REPLACEMENT_REQUIRED,VERIFIED_BINARY,ROM_COPYRIGHTED_REFERENCE,true,,,,,,,,,REBUILD,,[],"[""NEXUS_IDENTITY_AND_RIGHTS_REPLACEMENT_REQUIRED"",""DATABASE_TIER_NOT_IN_ORIGINAL_752_UNIT_AUDIT""]","Database/encyclopedia art tier for m218_goburimon; regular; 8 files per entity (db Main/Sub x NANR, graphics, NCER, NCLR). A separate tier from the gameplay sprite set: the palette is shared with the gameplay tier, but graphics, cells and animations are distinct and roughly a fifth of the size. Its animation contract is also its own — see art:character-animation:db-main-slot-* and db-sub-slot-*."
art:character:m218-goburimon:rom-reference,CHARACTER,CHARACTER_ENTITY_REFERENCE,m218_goburimon,YDIJ decoded character runtime manifest,R:\NEXUS LINK\原作\CLAUDE_CODE_YDIJ_HANDOFF\02_CHARACTER_ART_STRUCTURE\digimon_runtime_manifest.json,DECODED_REFERENCE,RAW_ENTITY_M218_GOBURIMON,NDS_2D,PIXIJS_2D,NEEDS_REBUILD,ORIGINAL_REPLACEMENT_REQUIRED,VERIFIED_CROSSCHECK,ROM_COPYRIGHTED_REFERENCE,true,,,,,,,,,REBUILD,,[],"[""NEXUS_IDENTITY_AND_RIGHTS_REPLACEMENT_REQUIRED""]","digimon; 8 gameplay files per entity contract (Main/Sub x NANR, graphics, NCER, NCLR). Rendered sheets are research-only; do not copy identity pixels into shipping art."
art:character:m219-gomamon:db-reference,CHARACTER,CHARACTER_DB_ENTITY_REFERENCE,db_digimon/m219_gomamon,YDIJ ROM art census,docs/art/ROM_ART_CENSUS.json,ROM_BINARY,RAW_DB_ENTITY_M219_GOMAMON,NDS_2D,PIXIJS_2D,NEEDS_REBUILD,ORIGINAL_REPLACEMENT_REQUIRED,VERIFIED_BINARY,ROM_COPYRIGHTED_REFERENCE,true,,,,,,,,,REBUILD,,[],"[""NEXUS_IDENTITY_AND_RIGHTS_REPLACEMENT_REQUIRED"",""DATABASE_TIER_NOT_IN_ORIGINAL_752_UNIT_AUDIT""]","Database/encyclopedia art tier for m219_gomamon; regular; 8 files per entity (db Main/Sub x NANR, graphics, NCER, NCLR). A separate tier from the gameplay sprite set: the palette is shared with the gameplay tier, but graphics, cells and animations are distinct and roughly a fifth of the size. Its animation contract is also its own — see art:character-animation:db-main-slot-* and db-sub-slot-*."
art:character:m219-gomamon:rom-reference,CHARACTER,CHARACTER_ENTITY_REFERENCE,m219_gomamon,YDIJ decoded character runtime manifest,R:\NEXUS LINK\原作\CLAUDE_CODE_YDIJ_HANDOFF\02_CHARACTER_ART_STRUCTURE\digimon_runtime_manifest.json,DECODED_REFERENCE,RAW_ENTITY_M219_GOMAMON,NDS_2D,PIXIJS_2D,NEEDS_REBUILD,ORIGINAL_REPLACEMENT_REQUIRED,VERIFIED_CROSSCHECK,ROM_COPYRIGHTED_REFERENCE,true,,,,,,,,,REBUILD,,[],"[""NEXUS_IDENTITY_AND_RIGHTS_REPLACEMENT_REQUIRED""]","digimon; 8 gameplay files per entity contract (Main/Sub x NANR, graphics, NCER, NCLR). Rendered sheets are research-only; do not copy identity pixels into shipping art."
art:character:m221-terriermon:db-reference,CHARACTER,CHARACTER_DB_ENTITY_REFERENCE,db_digimon/m221_terriermon,YDIJ ROM art census,docs/art/ROM_ART_CENSUS.json,ROM_BINARY,RAW_DB_ENTITY_M221_TERRIERMON,NDS_2D,PIXIJS_2D,NEEDS_REBUILD,ORIGINAL_REPLACEMENT_REQUIRED,VERIFIED_BINARY,ROM_COPYRIGHTED_REFERENCE,true,,,,,,,,,REBUILD,,[],"[""NEXUS_IDENTITY_AND_RIGHTS_REPLACEMENT_REQUIRED"",""DATABASE_TIER_NOT_IN_ORIGINAL_752_UNIT_AUDIT""]","Database/encyclopedia art tier for m221_terriermon; regular; 8 files per entity (db Main/Sub x NANR, graphics, NCER, NCLR). A separate tier from the gameplay sprite set: the palette is shared with the gameplay tier, but graphics, cells and animations are distinct and roughly a fifth of the size. Its animation contract is also its own — see art:character-animation:db-main-slot-* and db-sub-slot-*."
art:character:m221-terriermon:rom-reference,CHARACTER,CHARACTER_ENTITY_REFERENCE,m221_terriermon,YDIJ decoded character runtime manifest,R:\NEXUS LINK\原作\CLAUDE_CODE_YDIJ_HANDOFF\02_CHARACTER_ART_STRUCTURE\digimon_runtime_manifest.json,DECODED_REFERENCE,RAW_ENTITY_M221_TERRIERMON,NDS_2D,PIXIJS_2D,NEEDS_REBUILD,ORIGINAL_REPLACEMENT_REQUIRED,VERIFIED_CROSSCHECK,ROM_COPYRIGHTED_REFERENCE,true,,,,,,,,,REBUILD,,[],"[""NEXUS_IDENTITY_AND_RIGHTS_REPLACEMENT_REQUIRED""]","digimon; 8 gameplay files per entity contract (Main/Sub x NANR, graphics, NCER, NCLR). Rendered sheets are research-only; do not copy identity pixels into shipping art."
art:character:m222-tentomon:db-reference,CHARACTER,CHARACTER_DB_ENTITY_REFERENCE,db_digimon/m222_tentomon,YDIJ ROM art census,docs/art/ROM_ART_CENSUS.json,ROM_BINARY,RAW_DB_ENTITY_M222_TENTOMON,NDS_2D,PIXIJS_2D,NEEDS_REBUILD,ORIGINAL_REPLACEMENT_REQUIRED,VERIFIED_BINARY,ROM_COPYRIGHTED_REFERENCE,true,,,,,,,,,REBUILD,,[],"[""NEXUS_IDENTITY_AND_RIGHTS_REPLACEMENT_REQUIRED"",""DATABASE_TIER_NOT_IN_ORIGINAL_752_UNIT_AUDIT""]","Database/encyclopedia art tier for m222_tentomon; regular; 8 files per entity (db Main/Sub x NANR, graphics, NCER, NCLR). A separate tier from the gameplay sprite set: the palette is shared with the gameplay tier, but graphics, cells and animations are distinct and roughly a fifth of the size. Its animation contract is also its own — see art:character-animation:db-main-slot-* and db-sub-slot-*."
art:character:m222-tentomon:rom-reference,CHARACTER,CHARACTER_ENTITY_REFERENCE,m222_tentomon,YDIJ decoded character runtime manifest,R:\NEXUS LINK\原作\CLAUDE_CODE_YDIJ_HANDOFF\02_CHARACTER_ART_STRUCTURE\digimon_runtime_manifest.json,DECODED_REFERENCE,RAW_ENTITY_M222_TENTOMON,NDS_2D,PIXIJS_2D,NEEDS_REBUILD,ORIGINAL_REPLACEMENT_REQUIRED,VERIFIED_CROSSCHECK,ROM_COPYRIGHTED_REFERENCE,true,,,,,,,,,REBUILD,,[],"[""NEXUS_IDENTITY_AND_RIGHTS_REPLACEMENT_REQUIRED""]","digimon; 8 gameplay files per entity contract (Main/Sub x NANR, graphics, NCER, NCLR). Rendered sheets are research-only; do not copy identity pixels into shipping art."
art:character:m223-toyagumon:db-reference,CHARACTER,CHARACTER_DB_ENTITY_REFERENCE,db_digimon/m223_toyagumon,YDIJ ROM art census,docs/art/ROM_ART_CENSUS.json,ROM_BINARY,RAW_DB_ENTITY_M223_TOYAGUMON,NDS_2D,PIXIJS_2D,NEEDS_REBUILD,ORIGINAL_REPLACEMENT_REQUIRED,VERIFIED_BINARY,ROM_COPYRIGHTED_REFERENCE,true,,,,,,,,,REBUILD,,[],"[""NEXUS_IDENTITY_AND_RIGHTS_REPLACEMENT_REQUIRED"",""DATABASE_TIER_NOT_IN_ORIGINAL_752_UNIT_AUDIT""]","Database/encyclopedia art tier for m223_toyagumon; regular; 8 files per entity (db Main/Sub x NANR, graphics, NCER, NCLR). A separate tier from the gameplay sprite set: the palette is shared with the gameplay tier, but graphics, cells and animations are distinct and roughly a fifth of the size. Its animation contract is also its own — see art:character-animation:db-main-slot-* and db-sub-slot-*."
art:character:m223-toyagumon:rom-reference,CHARACTER,CHARACTER_ENTITY_REFERENCE,m223_toyagumon,YDIJ decoded character runtime manifest,R:\NEXUS LINK\原作\CLAUDE_CODE_YDIJ_HANDOFF\02_CHARACTER_ART_STRUCTURE\digimon_runtime_manifest.json,DECODED_REFERENCE,RAW_ENTITY_M223_TOYAGUMON,NDS_2D,PIXIJS_2D,NEEDS_REBUILD,ORIGINAL_REPLACEMENT_REQUIRED,VERIFIED_CROSSCHECK,ROM_COPYRIGHTED_REFERENCE,true,,,,,,,,,REBUILD,,[],"[""NEXUS_IDENTITY_AND_RIGHTS_REPLACEMENT_REQUIRED""]","digimon; 8 gameplay files per entity contract (Main/Sub x NANR, graphics, NCER, NCLR). Rendered sheets are research-only; do not copy identity pixels into shipping art."
art:character:m224-dracomon:db-reference,CHARACTER,CHARACTER_DB_ENTITY_REFERENCE,db_digimon/m224_dracomon,YDIJ ROM art census,docs/art/ROM_ART_CENSUS.json,ROM_BINARY,RAW_DB_ENTITY_M224_DRACOMON,NDS_2D,PIXIJS_2D,NEEDS_REBUILD,ORIGINAL_REPLACEMENT_REQUIRED,VERIFIED_BINARY,ROM_COPYRIGHTED_REFERENCE,true,,,,,,,,,REBUILD,,[],"[""NEXUS_IDENTITY_AND_RIGHTS_REPLACEMENT_REQUIRED"",""DATABASE_TIER_NOT_IN_ORIGINAL_752_UNIT_AUDIT""]","Database/encyclopedia art tier for m224_dracomon; regular; 8 files per entity (db Main/Sub x NANR, graphics, NCER, NCLR). A separate tier from the gameplay sprite set: the palette is shared with the gameplay tier, but graphics, cells and animations are distinct and roughly a fifth of the size. Its animation contract is also its own — see art:character-animation:db-main-slot-* and db-sub-slot-*."
art:character:m224-dracomon:rom-reference,CHARACTER,CHARACTER_ENTITY_REFERENCE,m224_dracomon,YDIJ decoded character runtime manifest,R:\NEXUS LINK\原作\CLAUDE_CODE_YDIJ_HANDOFF\02_CHARACTER_ART_STRUCTURE\digimon_runtime_manifest.json,DECODED_REFERENCE,RAW_ENTITY_M224_DRACOMON,NDS_2D,PIXIJS_2D,NEEDS_REBUILD,ORIGINAL_REPLACEMENT_REQUIRED,VERIFIED_CROSSCHECK,ROM_COPYRIGHTED_REFERENCE,true,,,,,,,,,REBUILD,,[],"[""NEXUS_IDENTITY_AND_RIGHTS_REPLACEMENT_REQUIRED""]","digimon; 8 gameplay files per entity contract (Main/Sub x NANR, graphics, NCER, NCLR). Rendered sheets are research-only; do not copy identity pixels into shipping art."
art:character:m225-bakumon:db-reference,CHARACTER,CHARACTER_DB_ENTITY_REFERENCE,db_digimon/m225_bakumon,YDIJ ROM art census,docs/art/ROM_ART_CENSUS.json,ROM_BINARY,RAW_DB_ENTITY_M225_BAKUMON,NDS_2D,PIXIJS_2D,NEEDS_REBUILD,ORIGINAL_REPLACEMENT_REQUIRED,VERIFIED_BINARY,ROM_COPYRIGHTED_REFERENCE,true,,,,,,,,,REBUILD,,[],"[""NEXUS_IDENTITY_AND_RIGHTS_REPLACEMENT_REQUIRED"",""DATABASE_TIER_NOT_IN_ORIGINAL_752_UNIT_AUDIT""]","Database/encyclopedia art tier for m225_bakumon; regular; 8 files per entity (db Main/Sub x NANR, graphics, NCER, NCLR). A separate tier from the gameplay sprite set: the palette is shared with the gameplay tier, but graphics, cells and animations are distinct and roughly a fifth of the size. Its animation contract is also its own — see art:character-animation:db-main-slot-* and db-sub-slot-*."
art:character:m225-bakumon:rom-reference,CHARACTER,CHARACTER_ENTITY_REFERENCE,m225_bakumon,YDIJ decoded character runtime manifest,R:\NEXUS LINK\原作\CLAUDE_CODE_YDIJ_HANDOFF\02_CHARACTER_ART_STRUCTURE\digimon_runtime_manifest.json,DECODED_REFERENCE,RAW_ENTITY_M225_BAKUMON,NDS_2D,PIXIJS_2D,NEEDS_REBUILD,ORIGINAL_REPLACEMENT_REQUIRED,VERIFIED_CROSSCHECK,ROM_COPYRIGHTED_REFERENCE,true,,,,,,,,,REBUILD,,[],"[""NEXUS_IDENTITY_AND_RIGHTS_REPLACEMENT_REQUIRED""]","digimon; 8 gameplay files per entity contract (Main/Sub x NANR, graphics, NCER, NCLR). Rendered sheets are research-only; do not copy identity pixels into shipping art."
art:character:m226-hagurumon:db-reference,CHARACTER,CHARACTER_DB_ENTITY_REFERENCE,db_digimon/m226_hagurumon,YDIJ ROM art census,docs/art/ROM_ART_CENSUS.json,ROM_BINARY,RAW_DB_ENTITY_M226_HAGURUMON,NDS_2D,PIXIJS_2D,NEEDS_REBUILD,ORIGINAL_REPLACEMENT_REQUIRED,VERIFIED_BINARY,ROM_COPYRIGHTED_REFERENCE,true,,,,,,,,,REBUILD,,[],"[""NEXUS_IDENTITY_AND_RIGHTS_REPLACEMENT_REQUIRED"",""DATABASE_TIER_NOT_IN_ORIGINAL_752_UNIT_AUDIT""]","Database/encyclopedia art tier for m226_hagurumon; regular; 8 files per entity (db Main/Sub x NANR, graphics, NCER, NCLR). A separate tier from the gameplay sprite set: the palette is shared with the gameplay tier, but graphics, cells and animations are distinct and roughly a fifth of the size. Its animation contract is also its own — see art:character-animation:db-main-slot-* and db-sub-slot-*."
art:character:m226-hagurumon:rom-reference,CHARACTER,CHARACTER_ENTITY_REFERENCE,m226_hagurumon,YDIJ decoded character runtime manifest,R:\NEXUS LINK\原作\CLAUDE_CODE_YDIJ_HANDOFF\02_CHARACTER_ART_STRUCTURE\digimon_runtime_manifest.json,DECODED_REFERENCE,RAW_ENTITY_M226_HAGURUMON,NDS_2D,PIXIJS_2D,NEEDS_REBUILD,ORIGINAL_REPLACEMENT_REQUIRED,VERIFIED_CROSSCHECK,ROM_COPYRIGHTED_REFERENCE,true,,,,,,,,,REBUILD,,[],"[""NEXUS_IDENTITY_AND_RIGHTS_REPLACEMENT_REQUIRED""]","digimon; 8 gameplay files per entity contract (Main/Sub x NANR, graphics, NCER, NCLR). Rendered sheets are research-only; do not copy identity pixels into shipping art."
art:character:m227-patamon:db-reference,CHARACTER,CHARACTER_DB_ENTITY_REFERENCE,db_digimon/m227_patamon,YDIJ ROM art census,docs/art/ROM_ART_CENSUS.json,ROM_BINARY,RAW_DB_ENTITY_M227_PATAMON,NDS_2D,PIXIJS_2D,NEEDS_REBUILD,ORIGINAL_REPLACEMENT_REQUIRED,VERIFIED_BINARY,ROM_COPYRIGHTED_REFERENCE,true,,,,,,,,,REBUILD,,[],"[""NEXUS_IDENTITY_AND_RIGHTS_REPLACEMENT_REQUIRED"",""DATABASE_TIER_NOT_IN_ORIGINAL_752_UNIT_AUDIT""]","Database/encyclopedia art tier for m227_patamon; regular; 8 files per entity (db Main/Sub x NANR, graphics, NCER, NCLR). A separate tier from the gameplay sprite set: the palette is shared with the gameplay tier, but graphics, cells and animations are distinct and roughly a fifth of the size. Its animation contract is also its own — see art:character-animation:db-main-slot-* and db-sub-slot-*."
art:character:m227-patamon:rom-reference,CHARACTER,CHARACTER_ENTITY_REFERENCE,m227_patamon,YDIJ decoded character runtime manifest,R:\NEXUS LINK\原作\CLAUDE_CODE_YDIJ_HANDOFF\02_CHARACTER_ART_STRUCTURE\digimon_runtime_manifest.json,DECODED_REFERENCE,RAW_ENTITY_M227_PATAMON,NDS_2D,PIXIJS_2D,NEEDS_REBUILD,ORIGINAL_REPLACEMENT_REQUIRED,VERIFIED_CROSSCHECK,ROM_COPYRIGHTED_REFERENCE,true,,,,,,,,,REBUILD,,[],"[""NEXUS_IDENTITY_AND_RIGHTS_REPLACEMENT_REQUIRED""]","digimon; 8 gameplay files per entity contract (Main/Sub x NANR, graphics, NCER, NCLR). Rendered sheets are research-only; do not copy identity pixels into shipping art."
art:character:m228-palmon:db-reference,CHARACTER,CHARACTER_DB_ENTITY_REFERENCE,db_digimon/m228_palmon,YDIJ ROM art census,docs/art/ROM_ART_CENSUS.json,ROM_BINARY,RAW_DB_ENTITY_M228_PALMON,NDS_2D,PIXIJS_2D,NEEDS_REBUILD,ORIGINAL_REPLACEMENT_REQUIRED,VERIFIED_BINARY,ROM_COPYRIGHTED_REFERENCE,true,,,,,,,,,REBUILD,,[],"[""NEXUS_IDENTITY_AND_RIGHTS_REPLACEMENT_REQUIRED"",""DATABASE_TIER_NOT_IN_ORIGINAL_752_UNIT_AUDIT""]","Database/encyclopedia art tier for m228_palmon; regular; 8 files per entity (db Main/Sub x NANR, graphics, NCER, NCLR). A separate tier from the gameplay sprite set: the palette is shared with the gameplay tier, but graphics, cells and animations are distinct and roughly a fifth of the size. Its animation contract is also its own — see art:character-animation:db-main-slot-* and db-sub-slot-*."
art:character:m228-palmon:rom-reference,CHARACTER,CHARACTER_ENTITY_REFERENCE,m228_palmon,YDIJ decoded character runtime manifest,R:\NEXUS LINK\原作\CLAUDE_CODE_YDIJ_HANDOFF\02_CHARACTER_ART_STRUCTURE\digimon_runtime_manifest.json,DECODED_REFERENCE,RAW_ENTITY_M228_PALMON,NDS_2D,PIXIJS_2D,NEEDS_REBUILD,ORIGINAL_REPLACEMENT_REQUIRED,VERIFIED_CROSSCHECK,ROM_COPYRIGHTED_REFERENCE,true,,,,,,,,,REBUILD,,[],"[""NEXUS_IDENTITY_AND_RIGHTS_REPLACEMENT_REQUIRED""]","digimon; 8 gameplay files per entity contract (Main/Sub x NANR, graphics, NCER, NCLR). Rendered sheets are research-only; do not copy identity pixels into shipping art."
art:character:m229-picodevimon:db-reference,CHARACTER,CHARACTER_DB_ENTITY_REFERENCE,db_digimon/m229_picodevimon,YDIJ ROM art census,docs/art/ROM_ART_CENSUS.json,ROM_BINARY,RAW_DB_ENTITY_M229_PICODEVIMON,NDS_2D,PIXIJS_2D,NEEDS_REBUILD,ORIGINAL_REPLACEMENT_REQUIRED,VERIFIED_BINARY,ROM_COPYRIGHTED_REFERENCE,true,,,,,,,,,REBUILD,,[],"[""NEXUS_IDENTITY_AND_RIGHTS_REPLACEMENT_REQUIRED"",""DATABASE_TIER_NOT_IN_ORIGINAL_752_UNIT_AUDIT""]","Database/encyclopedia art tier for m229_picodevimon; regular; 8 files per entity (db Main/Sub x NANR, graphics, NCER, NCLR). A separate tier from the gameplay sprite set: the palette is shared with the gameplay tier, but graphics, cells and animations are distinct and roughly a fifth of the size. Its animation contract is also its own — see art:character-animation:db-main-slot-* and db-sub-slot-*."
art:character:m229-picodevimon:rom-reference,CHARACTER,CHARACTER_ENTITY_REFERENCE,m229_picodevimon,YDIJ decoded character runtime manifest,R:\NEXUS LINK\原作\CLAUDE_CODE_YDIJ_HANDOFF\02_CHARACTER_ART_STRUCTURE\digimon_runtime_manifest.json,DECODED_REFERENCE,RAW_ENTITY_M229_PICODEVIMON,NDS_2D,PIXIJS_2D,NEEDS_REBUILD,ORIGINAL_REPLACEMENT_REQUIRED,VERIFIED_CROSSCHECK,ROM_COPYRIGHTED_REFERENCE,true,,,,,,,,,REBUILD,,[],"[""NEXUS_IDENTITY_AND_RIGHTS_REPLACEMENT_REQUIRED""]","digimon; 8 gameplay files per entity contract (Main/Sub x NANR, graphics, NCER, NCLR). Rendered sheets are research-only; do not copy identity pixels into shipping art."
art:character:m230-piyomon:db-reference,CHARACTER,CHARACTER_DB_ENTITY_REFERENCE,db_digimon/m230_piyomon,YDIJ ROM art census,docs/art/ROM_ART_CENSUS.json,ROM_BINARY,RAW_DB_ENTITY_M230_PIYOMON,NDS_2D,PIXIJS_2D,NEEDS_REBUILD,ORIGINAL_REPLACEMENT_REQUIRED,VERIFIED_BINARY,ROM_COPYRIGHTED_REFERENCE,true,,,,,,,,,REBUILD,,[],"[""NEXUS_IDENTITY_AND_RIGHTS_REPLACEMENT_REQUIRED"",""DATABASE_TIER_NOT_IN_ORIGINAL_752_UNIT_AUDIT""]","Database/encyclopedia art tier for m230_piyomon; regular; 8 files per entity (db Main/Sub x NANR, graphics, NCER, NCLR). A separate tier from the gameplay sprite set: the palette is shared with the gameplay tier, but graphics, cells and animations are distinct and roughly a fifth of the size. Its animation contract is also its own — see art:character-animation:db-main-slot-* and db-sub-slot-*."
art:character:m230-piyomon:rom-reference,CHARACTER,CHARACTER_ENTITY_REFERENCE,m230_piyomon,YDIJ decoded character runtime manifest,R:\NEXUS LINK\原作\CLAUDE_CODE_YDIJ_HANDOFF\02_CHARACTER_ART_STRUCTURE\digimon_runtime_manifest.json,DECODED_REFERENCE,RAW_ENTITY_M230_PIYOMON,NDS_2D,PIXIJS_2D,NEEDS_REBUILD,ORIGINAL_REPLACEMENT_REQUIRED,VERIFIED_CROSSCHECK,ROM_COPYRIGHTED_REFERENCE,true,,,,,,,,,REBUILD,,[],"[""NEXUS_IDENTITY_AND_RIGHTS_REPLACEMENT_REQUIRED""]","digimon; 8 gameplay files per entity contract (Main/Sub x NANR, graphics, NCER, NCLR). Rendered sheets are research-only; do not copy identity pixels into shipping art."
art:character:m231-falcomon:db-reference,CHARACTER,CHARACTER_DB_ENTITY_REFERENCE,db_digimon/m231_falcomon,YDIJ ROM art census,docs/art/ROM_ART_CENSUS.json,ROM_BINARY,RAW_DB_ENTITY_M231_FALCOMON,NDS_2D,PIXIJS_2D,NEEDS_REBUILD,ORIGINAL_REPLACEMENT_REQUIRED,VERIFIED_BINARY,ROM_COPYRIGHTED_REFERENCE,true,,,,,,,,,REBUILD,,[],"[""NEXUS_IDENTITY_AND_RIGHTS_REPLACEMENT_REQUIRED"",""DATABASE_TIER_NOT_IN_ORIGINAL_752_UNIT_AUDIT""]","Database/encyclopedia art tier for m231_falcomon; regular; 8 files per entity (db Main/Sub x NANR, graphics, NCER, NCLR). A separate tier from the gameplay sprite set: the palette is shared with the gameplay tier, but graphics, cells and animations are distinct and roughly a fifth of the size. Its animation contract is also its own — see art:character-animation:db-main-slot-* and db-sub-slot-*."
art:character:m231-falcomon:rom-reference,CHARACTER,CHARACTER_ENTITY_REFERENCE,m231_falcomon,YDIJ decoded character runtime manifest,R:\NEXUS LINK\原作\CLAUDE_CODE_YDIJ_HANDOFF\02_CHARACTER_ART_STRUCTURE\digimon_runtime_manifest.json,DECODED_REFERENCE,RAW_ENTITY_M231_FALCOMON,NDS_2D,PIXIJS_2D,NEEDS_REBUILD,ORIGINAL_REPLACEMENT_REQUIRED,VERIFIED_CROSSCHECK,ROM_COPYRIGHTED_REFERENCE,true,,,,,,,,,REBUILD,,[],"[""NEXUS_IDENTITY_AND_RIGHTS_REPLACEMENT_REQUIRED""]","digimon; 8 gameplay files per entity contract (Main/Sub x NANR, graphics, NCER, NCLR). Rendered sheets are research-only; do not copy identity pixels into shipping art."
art:character:m232-plotmon:db-reference,CHARACTER,CHARACTER_DB_ENTITY_REFERENCE,db_digimon/m232_plotmon,YDIJ ROM art census,docs/art/ROM_ART_CENSUS.json,ROM_BINARY,RAW_DB_ENTITY_M232_PLOTMON,NDS_2D,PIXIJS_2D,NEEDS_REBUILD,ORIGINAL_REPLACEMENT_REQUIRED,VERIFIED_BINARY,ROM_COPYRIGHTED_REFERENCE,true,,,,,,,,,REBUILD,,[],"[""NEXUS_IDENTITY_AND_RIGHTS_REPLACEMENT_REQUIRED"",""DATABASE_TIER_NOT_IN_ORIGINAL_752_UNIT_AUDIT""]","Database/encyclopedia art tier for m232_plotmon; regular; 8 files per entity (db Main/Sub x NANR, graphics, NCER, NCLR). A separate tier from the gameplay sprite set: the palette is shared with the gameplay tier, but graphics, cells and animations are distinct and roughly a fifth of the size. Its animation contract is also its own — see art:character-animation:db-main-slot-* and db-sub-slot-*."
art:character:m232-plotmon:rom-reference,CHARACTER,CHARACTER_ENTITY_REFERENCE,m232_plotmon,YDIJ decoded character runtime manifest,R:\NEXUS LINK\原作\CLAUDE_CODE_YDIJ_HANDOFF\02_CHARACTER_ART_STRUCTURE\digimon_runtime_manifest.json,DECODED_REFERENCE,RAW_ENTITY_M232_PLOTMON,NDS_2D,PIXIJS_2D,NEEDS_REBUILD,ORIGINAL_REPLACEMENT_REQUIRED,VERIFIED_CROSSCHECK,ROM_COPYRIGHTED_REFERENCE,true,,,,,,,,,REBUILD,,[],"[""NEXUS_IDENTITY_AND_RIGHTS_REPLACEMENT_REQUIRED""]","digimon; 8 gameplay files per entity contract (Main/Sub x NANR, graphics, NCER, NCLR). Rendered sheets are research-only; do not copy identity pixels into shipping art."
art:character:m233-floramon:db-reference,CHARACTER,CHARACTER_DB_ENTITY_REFERENCE,db_digimon/m233_floramon,YDIJ ROM art census,docs/art/ROM_ART_CENSUS.json,ROM_BINARY,RAW_DB_ENTITY_M233_FLORAMON,NDS_2D,PIXIJS_2D,NEEDS_REBUILD,ORIGINAL_REPLACEMENT_REQUIRED,VERIFIED_BINARY,ROM_COPYRIGHTED_REFERENCE,true,,,,,,,,,REBUILD,,[],"[""NEXUS_IDENTITY_AND_RIGHTS_REPLACEMENT_REQUIRED"",""DATABASE_TIER_NOT_IN_ORIGINAL_752_UNIT_AUDIT""]","Database/encyclopedia art tier for m233_floramon; regular; 8 files per entity (db Main/Sub x NANR, graphics, NCER, NCLR). A separate tier from the gameplay sprite set: the palette is shared with the gameplay tier, but graphics, cells and animations are distinct and roughly a fifth of the size. Its animation contract is also its own — see art:character-animation:db-main-slot-* and db-sub-slot-*."
art:character:m233-floramon:rom-reference,CHARACTER,CHARACTER_ENTITY_REFERENCE,m233_floramon,YDIJ decoded character runtime manifest,R:\NEXUS LINK\原作\CLAUDE_CODE_YDIJ_HANDOFF\02_CHARACTER_ART_STRUCTURE\digimon_runtime_manifest.json,DECODED_REFERENCE,RAW_ENTITY_M233_FLORAMON,NDS_2D,PIXIJS_2D,NEEDS_REBUILD,ORIGINAL_REPLACEMENT_REQUIRED,VERIFIED_CROSSCHECK,ROM_COPYRIGHTED_REFERENCE,true,,,,,,,,,REBUILD,,[],"[""NEXUS_IDENTITY_AND_RIGHTS_REPLACEMENT_REQUIRED""]","digimon; 8 gameplay files per entity contract (Main/Sub x NANR, graphics, NCER, NCLR). Rendered sheets are research-only; do not copy identity pixels into shipping art."
art:character:m235-mushmon:db-reference,CHARACTER,CHARACTER_DB_ENTITY_REFERENCE,db_digimon/m235_mushmon,YDIJ ROM art census,docs/art/ROM_ART_CENSUS.json,ROM_BINARY,RAW_DB_ENTITY_M235_MUSHMON,NDS_2D,PIXIJS_2D,NEEDS_REBUILD,ORIGINAL_REPLACEMENT_REQUIRED,VERIFIED_BINARY,ROM_COPYRIGHTED_REFERENCE,true,,,,,,,,,REBUILD,,[],"[""NEXUS_IDENTITY_AND_RIGHTS_REPLACEMENT_REQUIRED"",""DATABASE_TIER_NOT_IN_ORIGINAL_752_UNIT_AUDIT""]","Database/encyclopedia art tier for m235_mushmon; regular; 8 files per entity (db Main/Sub x NANR, graphics, NCER, NCLR). A separate tier from the gameplay sprite set: the palette is shared with the gameplay tier, but graphics, cells and animations are distinct and roughly a fifth of the size. Its animation contract is also its own — see art:character-animation:db-main-slot-* and db-sub-slot-*."
art:character:m235-mushmon:rom-reference,CHARACTER,CHARACTER_ENTITY_REFERENCE,m235_mushmon,YDIJ decoded character runtime manifest,R:\NEXUS LINK\原作\CLAUDE_CODE_YDIJ_HANDOFF\02_CHARACTER_ART_STRUCTURE\digimon_runtime_manifest.json,DECODED_REFERENCE,RAW_ENTITY_M235_MUSHMON,NDS_2D,PIXIJS_2D,NEEDS_REBUILD,ORIGINAL_REPLACEMENT_REQUIRED,VERIFIED_CROSSCHECK,ROM_COPYRIGHTED_REFERENCE,true,,,,,,,,,REBUILD,,[],"[""NEXUS_IDENTITY_AND_RIGHTS_REPLACEMENT_REQUIRED""]","digimon; 8 gameplay files per entity contract (Main/Sub x NANR, graphics, NCER, NCLR). Rendered sheets are research-only; do not copy identity pixels into shipping art."
art:character:m236-yukiagumon:db-reference,CHARACTER,CHARACTER_DB_ENTITY_REFERENCE,db_digimon/m236_yukiagumon,YDIJ ROM art census,docs/art/ROM_ART_CENSUS.json,ROM_BINARY,RAW_DB_ENTITY_M236_YUKIAGUMON,NDS_2D,PIXIJS_2D,NEEDS_REBUILD,ORIGINAL_REPLACEMENT_REQUIRED,VERIFIED_BINARY,ROM_COPYRIGHTED_REFERENCE,true,,,,,,,,,REBUILD,,[],"[""NEXUS_IDENTITY_AND_RIGHTS_REPLACEMENT_REQUIRED"",""DATABASE_TIER_NOT_IN_ORIGINAL_752_UNIT_AUDIT""]","Database/encyclopedia art tier for m236_yukiagumon; regular; 8 files per entity (db Main/Sub x NANR, graphics, NCER, NCLR). A separate tier from the gameplay sprite set: the palette is shared with the gameplay tier, but graphics, cells and animations are distinct and roughly a fifth of the size. Its animation contract is also its own — see art:character-animation:db-main-slot-* and db-sub-slot-*."
art:character:m236-yukiagumon:rom-reference,CHARACTER,CHARACTER_ENTITY_REFERENCE,m236_yukiagumon,YDIJ decoded character runtime manifest,R:\NEXUS LINK\原作\CLAUDE_CODE_YDIJ_HANDOFF\02_CHARACTER_ART_STRUCTURE\digimon_runtime_manifest.json,DECODED_REFERENCE,RAW_ENTITY_M236_YUKIAGUMON,NDS_2D,PIXIJS_2D,NEEDS_REBUILD,ORIGINAL_REPLACEMENT_REQUIRED,VERIFIED_CROSSCHECK,ROM_COPYRIGHTED_REFERENCE,true,,,,,,,,,REBUILD,,[],"[""NEXUS_IDENTITY_AND_RIGHTS_REPLACEMENT_REQUIRED""]","digimon; 8 gameplay files per entity contract (Main/Sub x NANR, graphics, NCER, NCLR). Rendered sheets are research-only; do not copy identity pixels into shipping art."
art:character:m237-renamon:db-reference,CHARACTER,CHARACTER_DB_ENTITY_REFERENCE,db_digimon/m237_renamon,YDIJ ROM art census,docs/art/ROM_ART_CENSUS.json,ROM_BINARY,RAW_DB_ENTITY_M237_RENAMON,NDS_2D,PIXIJS_2D,NEEDS_REBUILD,ORIGINAL_REPLACEMENT_REQUIRED,VERIFIED_BINARY,ROM_COPYRIGHTED_REFERENCE,true,,,,,,,,,REBUILD,,[],"[""NEXUS_IDENTITY_AND_RIGHTS_REPLACEMENT_REQUIRED"",""DATABASE_TIER_NOT_IN_ORIGINAL_752_UNIT_AUDIT""]","Database/encyclopedia art tier for m237_renamon; regular; 8 files per entity (db Main/Sub x NANR, graphics, NCER, NCLR). A separate tier from the gameplay sprite set: the palette is shared with the gameplay tier, but graphics, cells and animations are distinct and roughly a fifth of the size. Its animation contract is also its own — see art:character-animation:db-main-slot-* and db-sub-slot-*."
art:character:m237-renamon:rom-reference,CHARACTER,CHARACTER_ENTITY_REFERENCE,m237_renamon,YDIJ decoded character runtime manifest,R:\NEXUS LINK\原作\CLAUDE_CODE_YDIJ_HANDOFF\02_CHARACTER_ART_STRUCTURE\digimon_runtime_manifest.json,DECODED_REFERENCE,RAW_ENTITY_M237_RENAMON,NDS_2D,PIXIJS_2D,NEEDS_REBUILD,ORIGINAL_REPLACEMENT_REQUIRED,VERIFIED_CROSSCHECK,ROM_COPYRIGHTED_REFERENCE,true,,,,,,,,,REBUILD,,[],"[""NEXUS_IDENTITY_AND_RIGHTS_REPLACEMENT_REQUIRED""]","digimon; 8 gameplay files per entity contract (Main/Sub x NANR, graphics, NCER, NCLR). Rendered sheets are research-only; do not copy identity pixels into shipping art."
art:character:m238-coronamon:db-reference,CHARACTER,CHARACTER_DB_ENTITY_REFERENCE,db_digimon/m238_coronamon,YDIJ ROM art census,docs/art/ROM_ART_CENSUS.json,ROM_BINARY,RAW_DB_ENTITY_M238_CORONAMON,NDS_2D,PIXIJS_2D,NEEDS_REBUILD,ORIGINAL_REPLACEMENT_REQUIRED,VERIFIED_BINARY,ROM_COPYRIGHTED_REFERENCE,true,,,,,,,,,REBUILD,,[],"[""NEXUS_IDENTITY_AND_RIGHTS_REPLACEMENT_REQUIRED"",""DATABASE_TIER_NOT_IN_ORIGINAL_752_UNIT_AUDIT""]","Database/encyclopedia art tier for m238_coronamon; regular; 8 files per entity (db Main/Sub x NANR, graphics, NCER, NCLR). A separate tier from the gameplay sprite set: the palette is shared with the gameplay tier, but graphics, cells and animations are distinct and roughly a fifth of the size. Its animation contract is also its own — see art:character-animation:db-main-slot-* and db-sub-slot-*."
art:character:m238-coronamon:rom-reference,CHARACTER,CHARACTER_ENTITY_REFERENCE,m238_coronamon,YDIJ decoded character runtime manifest,R:\NEXUS LINK\原作\CLAUDE_CODE_YDIJ_HANDOFF\02_CHARACTER_ART_STRUCTURE\digimon_runtime_manifest.json,DECODED_REFERENCE,RAW_ENTITY_M238_CORONAMON,NDS_2D,PIXIJS_2D,NEEDS_REBUILD,ORIGINAL_REPLACEMENT_REQUIRED,VERIFIED_CROSSCHECK,ROM_COPYRIGHTED_REFERENCE,true,,,,,,,,,REBUILD,,[],"[""NEXUS_IDENTITY_AND_RIGHTS_REPLACEMENT_REQUIRED""]","digimon; 8 gameplay files per entity contract (Main/Sub x NANR, graphics, NCER, NCLR). Rendered sheets are research-only; do not copy identity pixels into shipping art."
art:character:m239-lunamon:db-reference,CHARACTER,CHARACTER_DB_ENTITY_REFERENCE,db_digimon/m239_lunamon,YDIJ ROM art census,docs/art/ROM_ART_CENSUS.json,ROM_BINARY,RAW_DB_ENTITY_M239_LUNAMON,NDS_2D,PIXIJS_2D,NEEDS_REBUILD,ORIGINAL_REPLACEMENT_REQUIRED,VERIFIED_BINARY,ROM_COPYRIGHTED_REFERENCE,true,,,,,,,,,REBUILD,,[],"[""NEXUS_IDENTITY_AND_RIGHTS_REPLACEMENT_REQUIRED"",""DATABASE_TIER_NOT_IN_ORIGINAL_752_UNIT_AUDIT""]","Database/encyclopedia art tier for m239_lunamon; regular; 8 files per entity (db Main/Sub x NANR, graphics, NCER, NCLR). A separate tier from the gameplay sprite set: the palette is shared with the gameplay tier, but graphics, cells and animations are distinct and roughly a fifth of the size. Its animation contract is also its own — see art:character-animation:db-main-slot-* and db-sub-slot-*."
art:character:m239-lunamon:rom-reference,CHARACTER,CHARACTER_ENTITY_REFERENCE,m239_lunamon,YDIJ decoded character runtime manifest,R:\NEXUS LINK\原作\CLAUDE_CODE_YDIJ_HANDOFF\02_CHARACTER_ART_STRUCTURE\digimon_runtime_manifest.json,DECODED_REFERENCE,RAW_ENTITY_M239_LUNAMON,NDS_2D,PIXIJS_2D,NEEDS_REBUILD,ORIGINAL_REPLACEMENT_REQUIRED,VERIFIED_CROSSCHECK,ROM_COPYRIGHTED_REFERENCE,true,,,,,,,,,REBUILD,,[],"[""NEXUS_IDENTITY_AND_RIGHTS_REPLACEMENT_REQUIRED""]","digimon; 8 gameplay files per entity contract (Main/Sub x NANR, graphics, NCER, NCLR). Rendered sheets are research-only; do not copy identity pixels into shipping art."
art:character:m240-kuroagumon:db-reference,CHARACTER,CHARACTER_DB_ENTITY_REFERENCE,db_digimon/m240_kuroagumon,YDIJ ROM art census,docs/art/ROM_ART_CENSUS.json,ROM_BINARY,RAW_DB_ENTITY_M240_KUROAGUMON,NDS_2D,PIXIJS_2D,NEEDS_REBUILD,ORIGINAL_REPLACEMENT_REQUIRED,VERIFIED_BINARY,ROM_COPYRIGHTED_REFERENCE,true,,,,,,,,,REBUILD,,[],"[""NEXUS_IDENTITY_AND_RIGHTS_REPLACEMENT_REQUIRED"",""DATABASE_TIER_NOT_IN_ORIGINAL_752_UNIT_AUDIT""]","Database/encyclopedia art tier for m240_kuroagumon; regular; 8 files per entity (db Main/Sub x NANR, graphics, NCER, NCLR). A separate tier from the gameplay sprite set: the palette is shared with the gameplay tier, but graphics, cells and animations are distinct and roughly a fifth of the size. Its animation contract is also its own — see art:character-animation:db-main-slot-* and db-sub-slot-*."
art:character:m240-kuroagumon:rom-reference,CHARACTER,CHARACTER_ENTITY_REFERENCE,m240_kuroagumon,YDIJ decoded character runtime manifest,R:\NEXUS LINK\原作\CLAUDE_CODE_YDIJ_HANDOFF\02_CHARACTER_ART_STRUCTURE\digimon_runtime_manifest.json,DECODED_REFERENCE,RAW_ENTITY_M240_KUROAGUMON,NDS_2D,PIXIJS_2D,NEEDS_REBUILD,ORIGINAL_REPLACEMENT_REQUIRED,VERIFIED_CROSSCHECK,ROM_COPYRIGHTED_REFERENCE,true,,,,,,,,,REBUILD,,[],"[""NEXUS_IDENTITY_AND_RIGHTS_REPLACEMENT_REQUIRED""]","digimon; 8 gameplay files per entity contract (Main/Sub x NANR, graphics, NCER, NCLR). Rendered sheets are research-only; do not copy identity pixels into shipping art."
art:character:m241-psychemon:db-reference,CHARACTER,CHARACTER_DB_ENTITY_REFERENCE,db_digimon/m241_psychemon,YDIJ ROM art census,docs/art/ROM_ART_CENSUS.json,ROM_BINARY,RAW_DB_ENTITY_M241_PSYCHEMON,NDS_2D,PIXIJS_2D,NEEDS_REBUILD,ORIGINAL_REPLACEMENT_REQUIRED,VERIFIED_BINARY,ROM_COPYRIGHTED_REFERENCE,true,,,,,,,,,REBUILD,,[],"[""NEXUS_IDENTITY_AND_RIGHTS_REPLACEMENT_REQUIRED"",""DATABASE_TIER_NOT_IN_ORIGINAL_752_UNIT_AUDIT""]","Database/encyclopedia art tier for m241_psychemon; regular; 8 files per entity (db Main/Sub x NANR, graphics, NCER, NCLR). A separate tier from the gameplay sprite set: the palette is shared with the gameplay tier, but graphics, cells and animations are distinct and roughly a fifth of the size. Its animation contract is also its own — see art:character-animation:db-main-slot-* and db-sub-slot-*."
art:character:m241-psychemon:rom-reference,CHARACTER,CHARACTER_ENTITY_REFERENCE,m241_psychemon,YDIJ decoded character runtime manifest,R:\NEXUS LINK\原作\CLAUDE_CODE_YDIJ_HANDOFF\02_CHARACTER_ART_STRUCTURE\digimon_runtime_manifest.json,DECODED_REFERENCE,RAW_ENTITY_M241_PSYCHEMON,NDS_2D,PIXIJS_2D,NEEDS_REBUILD,ORIGINAL_REPLACEMENT_REQUIRED,VERIFIED_CROSSCHECK,ROM_COPYRIGHTED_REFERENCE,true,,,,,,,,,REBUILD,,[],"[""NEXUS_IDENTITY_AND_RIGHTS_REPLACEMENT_REQUIRED""]","digimon; 8 gameplay files per entity contract (Main/Sub x NANR, graphics, NCER, NCLR). Rendered sheets are research-only; do not copy identity pixels into shipping art."
art:character:m242-alraumon:db-reference,CHARACTER,CHARACTER_DB_ENTITY_REFERENCE,db_digimon/m242_alraumon,YDIJ ROM art census,docs/art/ROM_ART_CENSUS.json,ROM_BINARY,RAW_DB_ENTITY_M242_ALRAUMON,NDS_2D,PIXIJS_2D,NEEDS_REBUILD,ORIGINAL_REPLACEMENT_REQUIRED,VERIFIED_BINARY,ROM_COPYRIGHTED_REFERENCE,true,,,,,,,,,REBUILD,,[],"[""NEXUS_IDENTITY_AND_RIGHTS_REPLACEMENT_REQUIRED"",""DATABASE_TIER_NOT_IN_ORIGINAL_752_UNIT_AUDIT""]","Database/encyclopedia art tier for m242_alraumon; regular; 8 files per entity (db Main/Sub x NANR, graphics, NCER, NCLR). A separate tier from the gameplay sprite set: the palette is shared with the gameplay tier, but graphics, cells and animations are distinct and roughly a fifth of the size. Its animation contract is also its own — see art:character-animation:db-main-slot-* and db-sub-slot-*."
art:character:m242-alraumon:rom-reference,CHARACTER,CHARACTER_ENTITY_REFERENCE,m242_alraumon,YDIJ decoded character runtime manifest,R:\NEXUS LINK\原作\CLAUDE_CODE_YDIJ_HANDOFF\02_CHARACTER_ART_STRUCTURE\digimon_runtime_manifest.json,DECODED_REFERENCE,RAW_ENTITY_M242_ALRAUMON,NDS_2D,PIXIJS_2D,NEEDS_REBUILD,ORIGINAL_REPLACEMENT_REQUIRED,VERIFIED_CROSSCHECK,ROM_COPYRIGHTED_REFERENCE,true,,,,,,,,,REBUILD,,[],"[""NEXUS_IDENTITY_AND_RIGHTS_REPLACEMENT_REQUIRED""]","digimon; 8 gameplay files per entity contract (Main/Sub x NANR, graphics, NCER, NCLR). Rendered sheets are research-only; do not copy identity pixels into shipping art."
art:character:m243-tsukaimon:db-reference,CHARACTER,CHARACTER_DB_ENTITY_REFERENCE,db_digimon/m243_tsukaimon,YDIJ ROM art census,docs/art/ROM_ART_CENSUS.json,ROM_BINARY,RAW_DB_ENTITY_M243_TSUKAIMON,NDS_2D,PIXIJS_2D,NEEDS_REBUILD,ORIGINAL_REPLACEMENT_REQUIRED,VERIFIED_BINARY,ROM_COPYRIGHTED_REFERENCE,true,,,,,,,,,REBUILD,,[],"[""NEXUS_IDENTITY_AND_RIGHTS_REPLACEMENT_REQUIRED"",""DATABASE_TIER_NOT_IN_ORIGINAL_752_UNIT_AUDIT""]","Database/encyclopedia art tier for m243_tsukaimon; regular; 8 files per entity (db Main/Sub x NANR, graphics, NCER, NCLR). A separate tier from the gameplay sprite set: the palette is shared with the gameplay tier, but graphics, cells and animations are distinct and roughly a fifth of the size. Its animation contract is also its own — see art:character-animation:db-main-slot-* and db-sub-slot-*."
art:character:m243-tsukaimon:rom-reference,CHARACTER,CHARACTER_ENTITY_REFERENCE,m243_tsukaimon,YDIJ decoded character runtime manifest,R:\NEXUS LINK\原作\CLAUDE_CODE_YDIJ_HANDOFF\02_CHARACTER_ART_STRUCTURE\digimon_runtime_manifest.json,DECODED_REFERENCE,RAW_ENTITY_M243_TSUKAIMON,NDS_2D,PIXIJS_2D,NEEDS_REBUILD,ORIGINAL_REPLACEMENT_REQUIRED,VERIFIED_CROSSCHECK,ROM_COPYRIGHTED_REFERENCE,true,,,,,,,,,REBUILD,,[],"[""NEXUS_IDENTITY_AND_RIGHTS_REPLACEMENT_REQUIRED""]","digimon; 8 gameplay files per entity contract (Main/Sub x NANR, graphics, NCER, NCLR). Rendered sheets are research-only; do not copy identity pixels into shipping art."
art:character:m244-vmon:db-reference,CHARACTER,CHARACTER_DB_ENTITY_REFERENCE,db_digimon/m244_vmon,YDIJ ROM art census,docs/art/ROM_ART_CENSUS.json,ROM_BINARY,RAW_DB_ENTITY_M244_VMON,NDS_2D,PIXIJS_2D,NEEDS_REBUILD,ORIGINAL_REPLACEMENT_REQUIRED,VERIFIED_BINARY,ROM_COPYRIGHTED_REFERENCE,true,,,,,,,,,REBUILD,,[],"[""NEXUS_IDENTITY_AND_RIGHTS_REPLACEMENT_REQUIRED"",""DATABASE_TIER_NOT_IN_ORIGINAL_752_UNIT_AUDIT""]","Database/encyclopedia art tier for m244_vmon; regular; 8 files per entity (db Main/Sub x NANR, graphics, NCER, NCLR). A separate tier from the gameplay sprite set: the palette is shared with the gameplay tier, but graphics, cells and animations are distinct and roughly a fifth of the size. Its animation contract is also its own — see art:character-animation:db-main-slot-* and db-sub-slot-*."
art:character:m244-vmon:rom-reference,CHARACTER,CHARACTER_ENTITY_REFERENCE,m244_vmon,YDIJ decoded character runtime manifest,R:\NEXUS LINK\原作\CLAUDE_CODE_YDIJ_HANDOFF\02_CHARACTER_ART_STRUCTURE\digimon_runtime_manifest.json,DECODED_REFERENCE,RAW_ENTITY_M244_VMON,NDS_2D,PIXIJS_2D,NEEDS_REBUILD,ORIGINAL_REPLACEMENT_REQUIRED,VERIFIED_CROSSCHECK,ROM_COPYRIGHTED_REFERENCE,true,,,,,,,,,REBUILD,,[],"[""NEXUS_IDENTITY_AND_RIGHTS_REPLACEMENT_REQUIRED""]","digimon; 8 gameplay files per entity contract (Main/Sub x NANR, graphics, NCER, NCLR). Rendered sheets are research-only; do not copy identity pixels into shipping art."
art:character:m255-guilmon:db-reference,CHARACTER,CHARACTER_DB_ENTITY_REFERENCE,db_digimon/m255_guilmon,YDIJ ROM art census,docs/art/ROM_ART_CENSUS.json,ROM_BINARY,RAW_DB_ENTITY_M255_GUILMON,NDS_2D,PIXIJS_2D,NEEDS_REBUILD,ORIGINAL_REPLACEMENT_REQUIRED,VERIFIED_BINARY,ROM_COPYRIGHTED_REFERENCE,true,,,,,,,,,REBUILD,,[],"[""NEXUS_IDENTITY_AND_RIGHTS_REPLACEMENT_REQUIRED"",""DATABASE_TIER_NOT_IN_ORIGINAL_752_UNIT_AUDIT""]","Database/encyclopedia art tier for m255_guilmon; regular; 8 files per entity (db Main/Sub x NANR, graphics, NCER, NCLR). A separate tier from the gameplay sprite set: the palette is shared with the gameplay tier, but graphics, cells and animations are distinct and roughly a fifth of the size. Its animation contract is also its own — see art:character-animation:db-main-slot-* and db-sub-slot-*."
art:character:m255-guilmon:rom-reference,CHARACTER,CHARACTER_ENTITY_REFERENCE,m255_guilmon,YDIJ decoded character runtime manifest,R:\NEXUS LINK\原作\CLAUDE_CODE_YDIJ_HANDOFF\02_CHARACTER_ART_STRUCTURE\digimon_runtime_manifest.json,DECODED_REFERENCE,RAW_ENTITY_M255_GUILMON,NDS_2D,PIXIJS_2D,NEEDS_REBUILD,ORIGINAL_REPLACEMENT_REQUIRED,VERIFIED_CROSSCHECK,ROM_COPYRIGHTED_REFERENCE,true,,,,,,,,,REBUILD,,[],"[""NEXUS_IDENTITY_AND_RIGHTS_REPLACEMENT_REQUIRED""]","digimon; 8 gameplay files per entity contract (Main/Sub x NANR, graphics, NCER, NCLR). Rendered sheets are research-only; do not copy identity pixels into shipping art."
art:character:m301-ankylomon:db-reference,CHARACTER,CHARACTER_DB_ENTITY_REFERENCE,db_digimon/m301_ankylomon,YDIJ ROM art census,docs/art/ROM_ART_CENSUS.json,ROM_BINARY,RAW_DB_ENTITY_M301_ANKYLOMON,NDS_2D,PIXIJS_2D,NEEDS_REBUILD,ORIGINAL_REPLACEMENT_REQUIRED,VERIFIED_BINARY,ROM_COPYRIGHTED_REFERENCE,true,,,,,,,,,REBUILD,,[],"[""NEXUS_IDENTITY_AND_RIGHTS_REPLACEMENT_REQUIRED"",""DATABASE_TIER_NOT_IN_ORIGINAL_752_UNIT_AUDIT""]","Database/encyclopedia art tier for m301_ankylomon; regular; 8 files per entity (db Main/Sub x NANR, graphics, NCER, NCLR). A separate tier from the gameplay sprite set: the palette is shared with the gameplay tier, but graphics, cells and animations are distinct and roughly a fifth of the size. Its animation contract is also its own — see art:character-animation:db-main-slot-* and db-sub-slot-*."
art:character:m301-ankylomon:rom-reference,CHARACTER,CHARACTER_ENTITY_REFERENCE,m301_ankylomon,YDIJ decoded character runtime manifest,R:\NEXUS LINK\原作\CLAUDE_CODE_YDIJ_HANDOFF\02_CHARACTER_ART_STRUCTURE\digimon_runtime_manifest.json,DECODED_REFERENCE,RAW_ENTITY_M301_ANKYLOMON,NDS_2D,PIXIJS_2D,NEEDS_REBUILD,ORIGINAL_REPLACEMENT_REQUIRED,VERIFIED_CROSSCHECK,ROM_COPYRIGHTED_REFERENCE,true,,,,,,,,,REBUILD,,[],"[""NEXUS_IDENTITY_AND_RIGHTS_REPLACEMENT_REQUIRED""]","digimon; 8 gameplay files per entity contract (Main/Sub x NANR, graphics, NCER, NCLR). Rendered sheets are research-only; do not copy identity pixels into shipping art."
art:character:m303-ikkakumon:db-reference,CHARACTER,CHARACTER_DB_ENTITY_REFERENCE,db_digimon/m303_ikkakumon,YDIJ ROM art census,docs/art/ROM_ART_CENSUS.json,ROM_BINARY,RAW_DB_ENTITY_M303_IKKAKUMON,NDS_2D,PIXIJS_2D,NEEDS_REBUILD,ORIGINAL_REPLACEMENT_REQUIRED,VERIFIED_BINARY,ROM_COPYRIGHTED_REFERENCE,true,,,,,,,,,REBUILD,,[],"[""NEXUS_IDENTITY_AND_RIGHTS_REPLACEMENT_REQUIRED"",""DATABASE_TIER_NOT_IN_ORIGINAL_752_UNIT_AUDIT""]","Database/encyclopedia art tier for m303_ikkakumon; regular; 8 files per entity (db Main/Sub x NANR, graphics, NCER, NCLR). A separate tier from the gameplay sprite set: the palette is shared with the gameplay tier, but graphics, cells and animations are distinct and roughly a fifth of the size. Its animation contract is also its own — see art:character-animation:db-main-slot-* and db-sub-slot-*."
art:character:m303-ikkakumon:rom-reference,CHARACTER,CHARACTER_ENTITY_REFERENCE,m303_ikkakumon,YDIJ decoded character runtime manifest,R:\NEXUS LINK\原作\CLAUDE_CODE_YDIJ_HANDOFF\02_CHARACTER_ART_STRUCTURE\digimon_runtime_manifest.json,DECODED_REFERENCE,RAW_ENTITY_M303_IKKAKUMON,NDS_2D,PIXIJS_2D,NEEDS_REBUILD,ORIGINAL_REPLACEMENT_REQUIRED,VERIFIED_CROSSCHECK,ROM_COPYRIGHTED_REFERENCE,true,,,,,,,,,REBUILD,,[],"[""NEXUS_IDENTITY_AND_RIGHTS_REPLACEMENT_REQUIRED""]","digimon; 8 gameplay files per entity contract (Main/Sub x NANR, graphics, NCER, NCLR). Rendered sheets are research-only; do not copy identity pixels into shipping art."
art:character:m304-wizarmon:db-reference,CHARACTER,CHARACTER_DB_ENTITY_REFERENCE,db_digimon/m304_wizarmon,YDIJ ROM art census,docs/art/ROM_ART_CENSUS.json,ROM_BINARY,RAW_DB_ENTITY_M304_WIZARMON,NDS_2D,PIXIJS_2D,NEEDS_REBUILD,ORIGINAL_REPLACEMENT_REQUIRED,VERIFIED_BINARY,ROM_COPYRIGHTED_REFERENCE,true,,,,,,,,,REBUILD,,[],"[""NEXUS_IDENTITY_AND_RIGHTS_REPLACEMENT_REQUIRED"",""DATABASE_TIER_NOT_IN_ORIGINAL_752_UNIT_AUDIT""]","Database/encyclopedia art tier for m304_wizarmon; regular; 8 files per entity (db Main/Sub x NANR, graphics, NCER, NCLR). A separate tier from the gameplay sprite set: the palette is shared with the gameplay tier, but graphics, cells and animations are distinct and roughly a fifth of the size. Its animation contract is also its own — see art:character-animation:db-main-slot-* and db-sub-slot-*."
art:character:m304-wizarmon:rom-reference,CHARACTER,CHARACTER_ENTITY_REFERENCE,m304_wizarmon,YDIJ decoded character runtime manifest,R:\NEXUS LINK\原作\CLAUDE_CODE_YDIJ_HANDOFF\02_CHARACTER_ART_STRUCTURE\digimon_runtime_manifest.json,DECODED_REFERENCE,RAW_ENTITY_M304_WIZARMON,NDS_2D,PIXIJS_2D,NEEDS_REBUILD,ORIGINAL_REPLACEMENT_REQUIRED,VERIFIED_CROSSCHECK,ROM_COPYRIGHTED_REFERENCE,true,,,,,,,,,REBUILD,,[],"[""NEXUS_IDENTITY_AND_RIGHTS_REPLACEMENT_REQUIRED""]","digimon; 8 gameplay files per entity contract (Main/Sub x NANR, graphics, NCER, NCLR). Rendered sheets are research-only; do not copy identity pixels into shipping art."
art:character:m305-woodmon:db-reference,CHARACTER,CHARACTER_DB_ENTITY_REFERENCE,db_digimon/m305_woodmon,YDIJ ROM art census,docs/art/ROM_ART_CENSUS.json,ROM_BINARY,RAW_DB_ENTITY_M305_WOODMON,NDS_2D,PIXIJS_2D,NEEDS_REBUILD,ORIGINAL_REPLACEMENT_REQUIRED,VERIFIED_BINARY,ROM_COPYRIGHTED_REFERENCE,true,,,,,,,,,REBUILD,,[],"[""NEXUS_IDENTITY_AND_RIGHTS_REPLACEMENT_REQUIRED"",""DATABASE_TIER_NOT_IN_ORIGINAL_752_UNIT_AUDIT""]","Database/encyclopedia art tier for m305_woodmon; regular; 8 files per entity (db Main/Sub x NANR, graphics, NCER, NCLR). A separate tier from the gameplay sprite set: the palette is shared with the gameplay tier, but graphics, cells and animations are distinct and roughly a fifth of the size. Its animation contract is also its own — see art:character-animation:db-main-slot-* and db-sub-slot-*."
art:character:m305-woodmon:rom-reference,CHARACTER,CHARACTER_ENTITY_REFERENCE,m305_woodmon,YDIJ decoded character runtime manifest,R:\NEXUS LINK\原作\CLAUDE_CODE_YDIJ_HANDOFF\02_CHARACTER_ART_STRUCTURE\digimon_runtime_manifest.json,DECODED_REFERENCE,RAW_ENTITY_M305_WOODMON,NDS_2D,PIXIJS_2D,NEEDS_REBUILD,ORIGINAL_REPLACEMENT_REQUIRED,VERIFIED_CROSSCHECK,ROM_COPYRIGHTED_REFERENCE,true,,,,,,,,,REBUILD,,[],"[""NEXUS_IDENTITY_AND_RIGHTS_REPLACEMENT_REQUIRED""]","digimon; 8 gameplay files per entity contract (Main/Sub x NANR, graphics, NCER, NCLR). Rendered sheets are research-only; do not copy identity pixels into shipping art."
art:character:m306-airdramon:db-reference,CHARACTER,CHARACTER_DB_ENTITY_REFERENCE,db_digimon/m306_airdramon,YDIJ ROM art census,docs/art/ROM_ART_CENSUS.json,ROM_BINARY,RAW_DB_ENTITY_M306_AIRDRAMON,NDS_2D,PIXIJS_2D,NEEDS_REBUILD,ORIGINAL_REPLACEMENT_REQUIRED,VERIFIED_BINARY,ROM_COPYRIGHTED_REFERENCE,true,,,,,,,,,REBUILD,,[],"[""NEXUS_IDENTITY_AND_RIGHTS_REPLACEMENT_REQUIRED"",""DATABASE_TIER_NOT_IN_ORIGINAL_752_UNIT_AUDIT""]","Database/encyclopedia art tier for m306_airdramon; regular; 8 files per entity (db Main/Sub x NANR, graphics, NCER, NCLR). A separate tier from the gameplay sprite set: the palette is shared with the gameplay tier, but graphics, cells and animations are distinct and roughly a fifth of the size. Its animation contract is also its own — see art:character-animation:db-main-slot-* and db-sub-slot-*."
art:character:m306-airdramon:rom-reference,CHARACTER,CHARACTER_ENTITY_REFERENCE,m306_airdramon,YDIJ decoded character runtime manifest,R:\NEXUS LINK\原作\CLAUDE_CODE_YDIJ_HANDOFF\02_CHARACTER_ART_STRUCTURE\digimon_runtime_manifest.json,DECODED_REFERENCE,RAW_ENTITY_M306_AIRDRAMON,NDS_2D,PIXIJS_2D,NEEDS_REBUILD,ORIGINAL_REPLACEMENT_REQUIRED,VERIFIED_CROSSCHECK,ROM_COPYRIGHTED_REFERENCE,true,,,,,,,,,REBUILD,,[],"[""NEXUS_IDENTITY_AND_RIGHTS_REPLACEMENT_REQUIRED""]","digimon; 8 gameplay files per entity contract (Main/Sub x NANR, graphics, NCER, NCLR). Rendered sheets are research-only; do not copy identity pixels into shipping art."
art:character:m308-angemon:db-reference,CHARACTER,CHARACTER_DB_ENTITY_REFERENCE,db_digimon/m308_angemon,YDIJ ROM art census,docs/art/ROM_ART_CENSUS.json,ROM_BINARY,RAW_DB_ENTITY_M308_ANGEMON,NDS_2D,PIXIJS_2D,NEEDS_REBUILD,ORIGINAL_REPLACEMENT_REQUIRED,VERIFIED_BINARY,ROM_COPYRIGHTED_REFERENCE,true,,,,,,,,,REBUILD,,[],"[""NEXUS_IDENTITY_AND_RIGHTS_REPLACEMENT_REQUIRED"",""DATABASE_TIER_NOT_IN_ORIGINAL_752_UNIT_AUDIT""]","Database/encyclopedia art tier for m308_angemon; regular; 8 files per entity (db Main/Sub x NANR, graphics, NCER, NCLR). A separate tier from the gameplay sprite set: the palette is shared with the gameplay tier, but graphics, cells and animations are distinct and roughly a fifth of the size. Its animation contract is also its own — see art:character-animation:db-main-slot-* and db-sub-slot-*."
art:character:m308-angemon:rom-reference,CHARACTER,CHARACTER_ENTITY_REFERENCE,m308_angemon,YDIJ decoded character runtime manifest,R:\NEXUS LINK\原作\CLAUDE_CODE_YDIJ_HANDOFF\02_CHARACTER_ART_STRUCTURE\digimon_runtime_manifest.json,DECODED_REFERENCE,RAW_ENTITY_M308_ANGEMON,NDS_2D,PIXIJS_2D,NEEDS_REBUILD,ORIGINAL_REPLACEMENT_REQUIRED,VERIFIED_CROSSCHECK,ROM_COPYRIGHTED_REFERENCE,true,,,,,,,,,REBUILD,,[],"[""NEXUS_IDENTITY_AND_RIGHTS_REPLACEMENT_REQUIRED""]","digimon; 8 gameplay files per entity contract (Main/Sub x NANR, graphics, NCER, NCLR). Rendered sheets are research-only; do not copy identity pixels into shipping art."
art:character:m310-orgemon:db-reference,CHARACTER,CHARACTER_DB_ENTITY_REFERENCE,db_digimon/m310_orgemon,YDIJ ROM art census,docs/art/ROM_ART_CENSUS.json,ROM_BINARY,RAW_DB_ENTITY_M310_ORGEMON,NDS_2D,PIXIJS_2D,NEEDS_REBUILD,ORIGINAL_REPLACEMENT_REQUIRED,VERIFIED_BINARY,ROM_COPYRIGHTED_REFERENCE,true,,,,,,,,,REBUILD,,[],"[""NEXUS_IDENTITY_AND_RIGHTS_REPLACEMENT_REQUIRED"",""DATABASE_TIER_NOT_IN_ORIGINAL_752_UNIT_AUDIT""]","Database/encyclopedia art tier for m310_orgemon; regular; 8 files per entity (db Main/Sub x NANR, graphics, NCER, NCLR). A separate tier from the gameplay sprite set: the palette is shared with the gameplay tier, but graphics, cells and animations are distinct and roughly a fifth of the size. Its animation contract is also its own — see art:character-animation:db-main-slot-* and db-sub-slot-*."
art:character:m310-orgemon:rom-reference,CHARACTER,CHARACTER_ENTITY_REFERENCE,m310_orgemon,YDIJ decoded character runtime manifest,R:\NEXUS LINK\原作\CLAUDE_CODE_YDIJ_HANDOFF\02_CHARACTER_ART_STRUCTURE\digimon_runtime_manifest.json,DECODED_REFERENCE,RAW_ENTITY_M310_ORGEMON,NDS_2D,PIXIJS_2D,NEEDS_REBUILD,ORIGINAL_REPLACEMENT_REQUIRED,VERIFIED_CROSSCHECK,ROM_COPYRIGHTED_REFERENCE,true,,,,,,,,,REBUILD,,[],"[""NEXUS_IDENTITY_AND_RIGHTS_REPLACEMENT_REQUIRED""]","digimon; 8 gameplay files per entity contract (Main/Sub x NANR, graphics, NCER, NCLR). Rendered sheets are research-only; do not copy identity pixels into shipping art."
art:character:m311-gaogamon:db-reference,CHARACTER,CHARACTER_DB_ENTITY_REFERENCE,db_digimon/m311_gaogamon,YDIJ ROM art census,docs/art/ROM_ART_CENSUS.json,ROM_BINARY,RAW_DB_ENTITY_M311_GAOGAMON,NDS_2D,PIXIJS_2D,NEEDS_REBUILD,ORIGINAL_REPLACEMENT_REQUIRED,VERIFIED_BINARY,ROM_COPYRIGHTED_REFERENCE,true,,,,,,,,,REBUILD,,[],"[""NEXUS_IDENTITY_AND_RIGHTS_REPLACEMENT_REQUIRED"",""DATABASE_TIER_NOT_IN_ORIGINAL_752_UNIT_AUDIT""]","Database/encyclopedia art tier for m311_gaogamon; regular; 8 files per entity (db Main/Sub x NANR, graphics, NCER, NCLR). A separate tier from the gameplay sprite set: the palette is shared with the gameplay tier, but graphics, cells and animations are distinct and roughly a fifth of the size. Its animation contract is also its own — see art:character-animation:db-main-slot-* and db-sub-slot-*."
art:character:m311-gaogamon:rom-reference,CHARACTER,CHARACTER_ENTITY_REFERENCE,m311_gaogamon,YDIJ decoded character runtime manifest,R:\NEXUS LINK\原作\CLAUDE_CODE_YDIJ_HANDOFF\02_CHARACTER_ART_STRUCTURE\digimon_runtime_manifest.json,DECODED_REFERENCE,RAW_ENTITY_M311_GAOGAMON,NDS_2D,PIXIJS_2D,NEEDS_REBUILD,ORIGINAL_REPLACEMENT_REQUIRED,VERIFIED_CROSSCHECK,ROM_COPYRIGHTED_REFERENCE,true,,,,,,,,,REBUILD,,[],"[""NEXUS_IDENTITY_AND_RIGHTS_REPLACEMENT_REQUIRED""]","digimon; 8 gameplay files per entity contract (Main/Sub x NANR, graphics, NCER, NCLR). Rendered sheets are research-only; do not copy identity pixels into shipping art."
art:character:m312-kabuterimon:db-reference,CHARACTER,CHARACTER_DB_ENTITY_REFERENCE,db_digimon/m312_kabuterimon,YDIJ ROM art census,docs/art/ROM_ART_CENSUS.json,ROM_BINARY,RAW_DB_ENTITY_M312_KABUTERIMON,NDS_2D,PIXIJS_2D,NEEDS_REBUILD,ORIGINAL_REPLACEMENT_REQUIRED,VERIFIED_BINARY,ROM_COPYRIGHTED_REFERENCE,true,,,,,,,,,REBUILD,,[],"[""NEXUS_IDENTITY_AND_RIGHTS_REPLACEMENT_REQUIRED"",""DATABASE_TIER_NOT_IN_ORIGINAL_752_UNIT_AUDIT""]","Database/encyclopedia art tier for m312_kabuterimon; regular; 8 files per entity (db Main/Sub x NANR, graphics, NCER, NCLR). A separate tier from the gameplay sprite set: the palette is shared with the gameplay tier, but graphics, cells and animations are distinct and roughly a fifth of the size. Its animation contract is also its own — see art:character-animation:db-main-slot-* and db-sub-slot-*."
art:character:m312-kabuterimon:rom-reference,CHARACTER,CHARACTER_ENTITY_REFERENCE,m312_kabuterimon,YDIJ decoded character runtime manifest,R:\NEXUS LINK\原作\CLAUDE_CODE_YDIJ_HANDOFF\02_CHARACTER_ART_STRUCTURE\digimon_runtime_manifest.json,DECODED_REFERENCE,RAW_ENTITY_M312_KABUTERIMON,NDS_2D,PIXIJS_2D,NEEDS_REBUILD,ORIGINAL_REPLACEMENT_REQUIRED,VERIFIED_CROSSCHECK,ROM_COPYRIGHTED_REFERENCE,true,,,,,,,,,REBUILD,,[],"[""NEXUS_IDENTITY_AND_RIGHTS_REPLACEMENT_REQUIRED""]","digimon; 8 gameplay files per entity contract (Main/Sub x NANR, graphics, NCER, NCLR). Rendered sheets are research-only; do not copy identity pixels into shipping art."
art:character:m313-gargomon:db-reference,CHARACTER,CHARACTER_DB_ENTITY_REFERENCE,db_digimon/m313_gargomon,YDIJ ROM art census,docs/art/ROM_ART_CENSUS.json,ROM_BINARY,RAW_DB_ENTITY_M313_GARGOMON,NDS_2D,PIXIJS_2D,NEEDS_REBUILD,ORIGINAL_REPLACEMENT_REQUIRED,VERIFIED_BINARY,ROM_COPYRIGHTED_REFERENCE,true,,,,,,,,,REBUILD,,[],"[""NEXUS_IDENTITY_AND_RIGHTS_REPLACEMENT_REQUIRED"",""DATABASE_TIER_NOT_IN_ORIGINAL_752_UNIT_AUDIT""]","Database/encyclopedia art tier for m313_gargomon; regular; 8 files per entity (db Main/Sub x NANR, graphics, NCER, NCLR). A separate tier from the gameplay sprite set: the palette is shared with the gameplay tier, but graphics, cells and animations are distinct and roughly a fifth of the size. Its animation contract is also its own — see art:character-animation:db-main-slot-* and db-sub-slot-*."
art:character:m313-gargomon:rom-reference,CHARACTER,CHARACTER_ENTITY_REFERENCE,m313_gargomon,YDIJ decoded character runtime manifest,R:\NEXUS LINK\原作\CLAUDE_CODE_YDIJ_HANDOFF\02_CHARACTER_ART_STRUCTURE\digimon_runtime_manifest.json,DECODED_REFERENCE,RAW_ENTITY_M313_GARGOMON,NDS_2D,PIXIJS_2D,NEEDS_REBUILD,ORIGINAL_REPLACEMENT_REQUIRED,VERIFIED_CROSSCHECK,ROM_COPYRIGHTED_REFERENCE,true,,,,,,,,,REBUILD,,[],"[""NEXUS_IDENTITY_AND_RIGHTS_REPLACEMENT_REQUIRED""]","digimon; 8 gameplay files per entity contract (Main/Sub x NANR, graphics, NCER, NCLR). Rendered sheets are research-only; do not copy identity pixels into shipping art."
art:character:m314-garurumon-va:db-reference,CHARACTER,CHARACTER_DB_ENTITY_REFERENCE,db_digimon/m314_garurumon_va,YDIJ ROM art census,docs/art/ROM_ART_CENSUS.json,ROM_BINARY,RAW_DB_ENTITY_M314_GARURUMON_VA,NDS_2D,PIXIJS_2D,NEEDS_REBUILD,ORIGINAL_REPLACEMENT_REQUIRED,VERIFIED_BINARY,ROM_COPYRIGHTED_REFERENCE,true,,,,,,,,,REBUILD,,[],"[""NEXUS_IDENTITY_AND_RIGHTS_REPLACEMENT_REQUIRED"",""DATABASE_TIER_NOT_IN_ORIGINAL_752_UNIT_AUDIT""]","Database/encyclopedia art tier for m314_garurumon_va; regular; 8 files per entity (db Main/Sub x NANR, graphics, NCER, NCLR). A separate tier from the gameplay sprite set: the palette is shared with the gameplay tier, but graphics, cells and animations are distinct and roughly a fifth of the size. Its animation contract is also its own — see art:character-animation:db-main-slot-* and db-sub-slot-*."
art:character:m314-garurumon-va:rom-reference,CHARACTER,CHARACTER_ENTITY_REFERENCE,m314_garurumon_va,YDIJ decoded character runtime manifest,R:\NEXUS LINK\原作\CLAUDE_CODE_YDIJ_HANDOFF\02_CHARACTER_ART_STRUCTURE\digimon_runtime_manifest.json,DECODED_REFERENCE,RAW_ENTITY_M314_GARURUMON_VA,NDS_2D,PIXIJS_2D,NEEDS_REBUILD,ORIGINAL_REPLACEMENT_REQUIRED,VERIFIED_CROSSCHECK,ROM_COPYRIGHTED_REFERENCE,true,,,,,,,,,REBUILD,,[],"[""NEXUS_IDENTITY_AND_RIGHTS_REPLACEMENT_REQUIRED""]","digimon; 8 gameplay files per entity contract (Main/Sub x NANR, graphics, NCER, NCLR). Rendered sheets are research-only; do not copy identity pixels into shipping art."
art:character:m315-garurumon-vi:db-reference,CHARACTER,CHARACTER_DB_ENTITY_REFERENCE,db_digimon/m315_garurumon_vi,YDIJ ROM art census,docs/art/ROM_ART_CENSUS.json,ROM_BINARY,RAW_DB_ENTITY_M315_GARURUMON_VI,NDS_2D,PIXIJS_2D,NEEDS_REBUILD,ORIGINAL_REPLACEMENT_REQUIRED,VERIFIED_BINARY,ROM_COPYRIGHTED_REFERENCE,true,,,,,,,,,REBUILD,,[],"[""NEXUS_IDENTITY_AND_RIGHTS_REPLACEMENT_REQUIRED"",""DATABASE_TIER_NOT_IN_ORIGINAL_752_UNIT_AUDIT""]","Database/encyclopedia art tier for m315_garurumon_vi; regular; 8 files per entity (db Main/Sub x NANR, graphics, NCER, NCLR). A separate tier from the gameplay sprite set: the palette is shared with the gameplay tier, but graphics, cells and animations are distinct and roughly a fifth of the size. Its animation contract is also its own — see art:character-animation:db-main-slot-* and db-sub-slot-*."
art:character:m315-garurumon-vi:rom-reference,CHARACTER,CHARACTER_ENTITY_REFERENCE,m315_garurumon_vi,YDIJ decoded character runtime manifest,R:\NEXUS LINK\原作\CLAUDE_CODE_YDIJ_HANDOFF\02_CHARACTER_ART_STRUCTURE\digimon_runtime_manifest.json,DECODED_REFERENCE,RAW_ENTITY_M315_GARURUMON_VI,NDS_2D,PIXIJS_2D,NEEDS_REBUILD,ORIGINAL_REPLACEMENT_REQUIRED,VERIFIED_CROSSCHECK,ROM_COPYRIGHTED_REFERENCE,true,,,,,,,,,REBUILD,,[],"[""NEXUS_IDENTITY_AND_RIGHTS_REPLACEMENT_REQUIRED""]","digimon; 8 gameplay files per entity contract (Main/Sub x NANR, graphics, NCER, NCLR). Rendered sheets are research-only; do not copy identity pixels into shipping art."
art:character:m316-guardromon:db-reference,CHARACTER,CHARACTER_DB_ENTITY_REFERENCE,db_digimon/m316_guardromon,YDIJ ROM art census,docs/art/ROM_ART_CENSUS.json,ROM_BINARY,RAW_DB_ENTITY_M316_GUARDROMON,NDS_2D,PIXIJS_2D,NEEDS_REBUILD,ORIGINAL_REPLACEMENT_REQUIRED,VERIFIED_BINARY,ROM_COPYRIGHTED_REFERENCE,true,,,,,,,,,REBUILD,,[],"[""NEXUS_IDENTITY_AND_RIGHTS_REPLACEMENT_REQUIRED"",""DATABASE_TIER_NOT_IN_ORIGINAL_752_UNIT_AUDIT""]","Database/encyclopedia art tier for m316_guardromon; regular; 8 files per entity (db Main/Sub x NANR, graphics, NCER, NCLR). A separate tier from the gameplay sprite set: the palette is shared with the gameplay tier, but graphics, cells and animations are distinct and roughly a fifth of the size. Its animation contract is also its own — see art:character-animation:db-main-slot-* and db-sub-slot-*."
art:character:m316-guardromon:rom-reference,CHARACTER,CHARACTER_ENTITY_REFERENCE,m316_guardromon,YDIJ decoded character runtime manifest,R:\NEXUS LINK\原作\CLAUDE_CODE_YDIJ_HANDOFF\02_CHARACTER_ART_STRUCTURE\digimon_runtime_manifest.json,DECODED_REFERENCE,RAW_ENTITY_M316_GUARDROMON,NDS_2D,PIXIJS_2D,NEEDS_REBUILD,ORIGINAL_REPLACEMENT_REQUIRED,VERIFIED_CROSSCHECK,ROM_COPYRIGHTED_REFERENCE,true,,,,,,,,,REBUILD,,[],"[""NEXUS_IDENTITY_AND_RIGHTS_REPLACEMENT_REQUIRED""]","digimon; 8 gameplay files per entity contract (Main/Sub x NANR, graphics, NCER, NCLR). Rendered sheets are research-only; do not copy identity pixels into shipping art."
art:character:m317-kiwimon:db-reference,CHARACTER,CHARACTER_DB_ENTITY_REFERENCE,db_digimon/m317_kiwimon,YDIJ ROM art census,docs/art/ROM_ART_CENSUS.json,ROM_BINARY,RAW_DB_ENTITY_M317_KIWIMON,NDS_2D,PIXIJS_2D,NEEDS_REBUILD,ORIGINAL_REPLACEMENT_REQUIRED,VERIFIED_BINARY,ROM_COPYRIGHTED_REFERENCE,true,,,,,,,,,REBUILD,,[],"[""NEXUS_IDENTITY_AND_RIGHTS_REPLACEMENT_REQUIRED"",""DATABASE_TIER_NOT_IN_ORIGINAL_752_UNIT_AUDIT""]","Database/encyclopedia art tier for m317_kiwimon; regular; 8 files per entity (db Main/Sub x NANR, graphics, NCER, NCLR). A separate tier from the gameplay sprite set: the palette is shared with the gameplay tier, but graphics, cells and animations are distinct and roughly a fifth of the size. Its animation contract is also its own — see art:character-animation:db-main-slot-* and db-sub-slot-*."
art:character:m317-kiwimon:rom-reference,CHARACTER,CHARACTER_ENTITY_REFERENCE,m317_kiwimon,YDIJ decoded character runtime manifest,R:\NEXUS LINK\原作\CLAUDE_CODE_YDIJ_HANDOFF\02_CHARACTER_ART_STRUCTURE\digimon_runtime_manifest.json,DECODED_REFERENCE,RAW_ENTITY_M317_KIWIMON,NDS_2D,PIXIJS_2D,NEEDS_REBUILD,ORIGINAL_REPLACEMENT_REQUIRED,VERIFIED_CROSSCHECK,ROM_COPYRIGHTED_REFERENCE,true,,,,,,,,,REBUILD,,[],"[""NEXUS_IDENTITY_AND_RIGHTS_REPLACEMENT_REQUIRED""]","digimon; 8 gameplay files per entity contract (Main/Sub x NANR, graphics, NCER, NCLR). Rendered sheets are research-only; do not copy identity pixels into shipping art."
art:character:m318-kyubimon:db-reference,CHARACTER,CHARACTER_DB_ENTITY_REFERENCE,db_digimon/m318_kyubimon,YDIJ ROM art census,docs/art/ROM_ART_CENSUS.json,ROM_BINARY,RAW_DB_ENTITY_M318_KYUBIMON,NDS_2D,PIXIJS_2D,NEEDS_REBUILD,ORIGINAL_REPLACEMENT_REQUIRED,VERIFIED_BINARY,ROM_COPYRIGHTED_REFERENCE,true,,,,,,,,,REBUILD,,[],"[""NEXUS_IDENTITY_AND_RIGHTS_REPLACEMENT_REQUIRED"",""DATABASE_TIER_NOT_IN_ORIGINAL_752_UNIT_AUDIT""]","Database/encyclopedia art tier for m318_kyubimon; regular; 8 files per entity (db Main/Sub x NANR, graphics, NCER, NCLR). A separate tier from the gameplay sprite set: the palette is shared with the gameplay tier, but graphics, cells and animations are distinct and roughly a fifth of the size. Its animation contract is also its own — see art:character-animation:db-main-slot-* and db-sub-slot-*."
art:character:m318-kyubimon:rom-reference,CHARACTER,CHARACTER_ENTITY_REFERENCE,m318_kyubimon,YDIJ decoded character runtime manifest,R:\NEXUS LINK\原作\CLAUDE_CODE_YDIJ_HANDOFF\02_CHARACTER_ART_STRUCTURE\digimon_runtime_manifest.json,DECODED_REFERENCE,RAW_ENTITY_M318_KYUBIMON,NDS_2D,PIXIJS_2D,NEEDS_REBUILD,ORIGINAL_REPLACEMENT_REQUIRED,VERIFIED_CROSSCHECK,ROM_COPYRIGHTED_REFERENCE,true,,,,,,,,,REBUILD,,[],"[""NEXUS_IDENTITY_AND_RIGHTS_REPLACEMENT_REQUIRED""]","digimon; 8 gameplay files per entity contract (Main/Sub x NANR, graphics, NCER, NCLR). Rendered sheets are research-only; do not copy identity pixels into shipping art."
art:character:m320-graymon:db-reference,CHARACTER,CHARACTER_DB_ENTITY_REFERENCE,db_digimon/m320_graymon,YDIJ ROM art census,docs/art/ROM_ART_CENSUS.json,ROM_BINARY,RAW_DB_ENTITY_M320_GRAYMON,NDS_2D,PIXIJS_2D,NEEDS_REBUILD,ORIGINAL_REPLACEMENT_REQUIRED,VERIFIED_BINARY,ROM_COPYRIGHTED_REFERENCE,true,,,,,,,,,REBUILD,,[],"[""NEXUS_IDENTITY_AND_RIGHTS_REPLACEMENT_REQUIRED"",""DATABASE_TIER_NOT_IN_ORIGINAL_752_UNIT_AUDIT""]","Database/encyclopedia art tier for m320_graymon; regular; 8 files per entity (db Main/Sub x NANR, graphics, NCER, NCLR). A separate tier from the gameplay sprite set: the palette is shared with the gameplay tier, but graphics, cells and animations are distinct and roughly a fifth of the size. Its animation contract is also its own — see art:character-animation:db-main-slot-* and db-sub-slot-*."
art:character:m320-graymon:rom-reference,CHARACTER,CHARACTER_ENTITY_REFERENCE,m320_graymon,YDIJ decoded character runtime manifest,R:\NEXUS LINK\原作\CLAUDE_CODE_YDIJ_HANDOFF\02_CHARACTER_ART_STRUCTURE\digimon_runtime_manifest.json,DECODED_REFERENCE,RAW_ENTITY_M320_GRAYMON,NDS_2D,PIXIJS_2D,NEEDS_REBUILD,ORIGINAL_REPLACEMENT_REQUIRED,VERIFIED_CROSSCHECK,ROM_COPYRIGHTED_REFERENCE,true,,,,,,,,,REBUILD,,[],"[""NEXUS_IDENTITY_AND_RIGHTS_REPLACEMENT_REQUIRED""]","digimon; 8 gameplay files per entity contract (Main/Sub x NANR, graphics, NCER, NCLR). Rendered sheets are research-only; do not copy identity pixels into shipping art."
art:character:m321-clockmon:db-reference,CHARACTER,CHARACTER_DB_ENTITY_REFERENCE,db_digimon/m321_clockmon,YDIJ ROM art census,docs/art/ROM_ART_CENSUS.json,ROM_BINARY,RAW_DB_ENTITY_M321_CLOCKMON,NDS_2D,PIXIJS_2D,NEEDS_REBUILD,ORIGINAL_REPLACEMENT_REQUIRED,VERIFIED_BINARY,ROM_COPYRIGHTED_REFERENCE,true,,,,,,,,,REBUILD,,[],"[""NEXUS_IDENTITY_AND_RIGHTS_REPLACEMENT_REQUIRED"",""DATABASE_TIER_NOT_IN_ORIGINAL_752_UNIT_AUDIT""]","Database/encyclopedia art tier for m321_clockmon; regular; 8 files per entity (db Main/Sub x NANR, graphics, NCER, NCLR). A separate tier from the gameplay sprite set: the palette is shared with the gameplay tier, but graphics, cells and animations are distinct and roughly a fifth of the size. Its animation contract is also its own — see art:character-animation:db-main-slot-* and db-sub-slot-*."
art:character:m321-clockmon:rom-reference,CHARACTER,CHARACTER_ENTITY_REFERENCE,m321_clockmon,YDIJ decoded character runtime manifest,R:\NEXUS LINK\原作\CLAUDE_CODE_YDIJ_HANDOFF\02_CHARACTER_ART_STRUCTURE\digimon_runtime_manifest.json,DECODED_REFERENCE,RAW_ENTITY_M321_CLOCKMON,NDS_2D,PIXIJS_2D,NEEDS_REBUILD,ORIGINAL_REPLACEMENT_REQUIRED,VERIFIED_CROSSCHECK,ROM_COPYRIGHTED_REFERENCE,true,,,,,,,,,REBUILD,,[],"[""NEXUS_IDENTITY_AND_RIGHTS_REPLACEMENT_REQUIRED""]","digimon; 8 gameplay files per entity contract (Main/Sub x NANR, graphics, NCER, NCLR). Rendered sheets are research-only; do not copy identity pixels into shipping art."
art:character:m322-kuwagamon:db-reference,CHARACTER,CHARACTER_DB_ENTITY_REFERENCE,db_digimon/m322_kuwagamon,YDIJ ROM art census,docs/art/ROM_ART_CENSUS.json,ROM_BINARY,RAW_DB_ENTITY_M322_KUWAGAMON,NDS_2D,PIXIJS_2D,NEEDS_REBUILD,ORIGINAL_REPLACEMENT_REQUIRED,VERIFIED_BINARY,ROM_COPYRIGHTED_REFERENCE,true,,,,,,,,,REBUILD,,[],"[""NEXUS_IDENTITY_AND_RIGHTS_REPLACEMENT_REQUIRED"",""DATABASE_TIER_NOT_IN_ORIGINAL_752_UNIT_AUDIT""]","Database/encyclopedia art tier for m322_kuwagamon; regular; 8 files per entity (db Main/Sub x NANR, graphics, NCER, NCLR). A separate tier from the gameplay sprite set: the palette is shared with the gameplay tier, but graphics, cells and animations are distinct and roughly a fifth of the size. Its animation contract is also its own — see art:character-animation:db-main-slot-* and db-sub-slot-*."
art:character:m322-kuwagamon:rom-reference,CHARACTER,CHARACTER_ENTITY_REFERENCE,m322_kuwagamon,YDIJ decoded character runtime manifest,R:\NEXUS LINK\原作\CLAUDE_CODE_YDIJ_HANDOFF\02_CHARACTER_ART_STRUCTURE\digimon_runtime_manifest.json,DECODED_REFERENCE,RAW_ENTITY_M322_KUWAGAMON,NDS_2D,PIXIJS_2D,NEEDS_REBUILD,ORIGINAL_REPLACEMENT_REQUIRED,VERIFIED_CROSSCHECK,ROM_COPYRIGHTED_REFERENCE,true,,,,,,,,,REBUILD,,[],"[""NEXUS_IDENTITY_AND_RIGHTS_REPLACEMENT_REQUIRED""]","digimon; 8 gameplay files per entity contract (Main/Sub x NANR, graphics, NCER, NCLR). Rendered sheets are research-only; do not copy identity pixels into shipping art."
art:character:m323-gekomon:db-reference,CHARACTER,CHARACTER_DB_ENTITY_REFERENCE,db_digimon/m323_gekomon,YDIJ ROM art census,docs/art/ROM_ART_CENSUS.json,ROM_BINARY,RAW_DB_ENTITY_M323_GEKOMON,NDS_2D,PIXIJS_2D,NEEDS_REBUILD,ORIGINAL_REPLACEMENT_REQUIRED,VERIFIED_BINARY,ROM_COPYRIGHTED_REFERENCE,true,,,,,,,,,REBUILD,,[],"[""NEXUS_IDENTITY_AND_RIGHTS_REPLACEMENT_REQUIRED"",""DATABASE_TIER_NOT_IN_ORIGINAL_752_UNIT_AUDIT""]","Database/encyclopedia art tier for m323_gekomon; regular; 8 files per entity (db Main/Sub x NANR, graphics, NCER, NCLR). A separate tier from the gameplay sprite set: the palette is shared with the gameplay tier, but graphics, cells and animations are distinct and roughly a fifth of the size. Its animation contract is also its own — see art:character-animation:db-main-slot-* and db-sub-slot-*."
art:character:m323-gekomon:rom-reference,CHARACTER,CHARACTER_ENTITY_REFERENCE,m323_gekomon,YDIJ decoded character runtime manifest,R:\NEXUS LINK\原作\CLAUDE_CODE_YDIJ_HANDOFF\02_CHARACTER_ART_STRUCTURE\digimon_runtime_manifest.json,DECODED_REFERENCE,RAW_ENTITY_M323_GEKOMON,NDS_2D,PIXIJS_2D,NEEDS_REBUILD,ORIGINAL_REPLACEMENT_REQUIRED,VERIFIED_CROSSCHECK,ROM_COPYRIGHTED_REFERENCE,true,,,,,,,,,REBUILD,,[],"[""NEXUS_IDENTITY_AND_RIGHTS_REPLACEMENT_REQUIRED""]","digimon; 8 gameplay files per entity contract (Main/Sub x NANR, graphics, NCER, NCLR). Rendered sheets are research-only; do not copy identity pixels into shipping art."
art:character:m324-gesomon:db-reference,CHARACTER,CHARACTER_DB_ENTITY_REFERENCE,db_digimon/m324_gesomon,YDIJ ROM art census,docs/art/ROM_ART_CENSUS.json,ROM_BINARY,RAW_DB_ENTITY_M324_GESOMON,NDS_2D,PIXIJS_2D,NEEDS_REBUILD,ORIGINAL_REPLACEMENT_REQUIRED,VERIFIED_BINARY,ROM_COPYRIGHTED_REFERENCE,true,,,,,,,,,REBUILD,,[],"[""NEXUS_IDENTITY_AND_RIGHTS_REPLACEMENT_REQUIRED"",""DATABASE_TIER_NOT_IN_ORIGINAL_752_UNIT_AUDIT""]","Database/encyclopedia art tier for m324_gesomon; regular; 8 files per entity (db Main/Sub x NANR, graphics, NCER, NCLR). A separate tier from the gameplay sprite set: the palette is shared with the gameplay tier, but graphics, cells and animations are distinct and roughly a fifth of the size. Its animation contract is also its own — see art:character-animation:db-main-slot-* and db-sub-slot-*."
art:character:m324-gesomon:rom-reference,CHARACTER,CHARACTER_ENTITY_REFERENCE,m324_gesomon,YDIJ decoded character runtime manifest,R:\NEXUS LINK\原作\CLAUDE_CODE_YDIJ_HANDOFF\02_CHARACTER_ART_STRUCTURE\digimon_runtime_manifest.json,DECODED_REFERENCE,RAW_ENTITY_M324_GESOMON,NDS_2D,PIXIJS_2D,NEEDS_REBUILD,ORIGINAL_REPLACEMENT_REQUIRED,VERIFIED_CROSSCHECK,ROM_COPYRIGHTED_REFERENCE,true,,,,,,,,,REBUILD,,[],"[""NEXUS_IDENTITY_AND_RIGHTS_REPLACEMENT_REQUIRED""]","digimon; 8 gameplay files per entity contract (Main/Sub x NANR, graphics, NCER, NCLR). Rendered sheets are research-only; do not copy identity pixels into shipping art."
art:character:m325-centalmon:db-reference,CHARACTER,CHARACTER_DB_ENTITY_REFERENCE,db_digimon/m325_centalmon,YDIJ ROM art census,docs/art/ROM_ART_CENSUS.json,ROM_BINARY,RAW_DB_ENTITY_M325_CENTALMON,NDS_2D,PIXIJS_2D,NEEDS_REBUILD,ORIGINAL_REPLACEMENT_REQUIRED,VERIFIED_BINARY,ROM_COPYRIGHTED_REFERENCE,true,,,,,,,,,REBUILD,,[],"[""NEXUS_IDENTITY_AND_RIGHTS_REPLACEMENT_REQUIRED"",""DATABASE_TIER_NOT_IN_ORIGINAL_752_UNIT_AUDIT""]","Database/encyclopedia art tier for m325_centalmon; regular; 8 files per entity (db Main/Sub x NANR, graphics, NCER, NCLR). A separate tier from the gameplay sprite set: the palette is shared with the gameplay tier, but graphics, cells and animations are distinct and roughly a fifth of the size. Its animation contract is also its own — see art:character-animation:db-main-slot-* and db-sub-slot-*."
art:character:m325-centalmon:rom-reference,CHARACTER,CHARACTER_ENTITY_REFERENCE,m325_centalmon,YDIJ decoded character runtime manifest,R:\NEXUS LINK\原作\CLAUDE_CODE_YDIJ_HANDOFF\02_CHARACTER_ART_STRUCTURE\digimon_runtime_manifest.json,DECODED_REFERENCE,RAW_ENTITY_M325_CENTALMON,NDS_2D,PIXIJS_2D,NEEDS_REBUILD,ORIGINAL_REPLACEMENT_REQUIRED,VERIFIED_CROSSCHECK,ROM_COPYRIGHTED_REFERENCE,true,,,,,,,,,REBUILD,,[],"[""NEXUS_IDENTITY_AND_RIGHTS_REPLACEMENT_REQUIRED""]","digimon; 8 gameplay files per entity contract (Main/Sub x NANR, graphics, NCER, NCLR). Rendered sheets are research-only; do not copy identity pixels into shipping art."
art:character:m326-cockatrimon:db-reference,CHARACTER,CHARACTER_DB_ENTITY_REFERENCE,db_digimon/m326_cockatrimon,YDIJ ROM art census,docs/art/ROM_ART_CENSUS.json,ROM_BINARY,RAW_DB_ENTITY_M326_COCKATRIMON,NDS_2D,PIXIJS_2D,NEEDS_REBUILD,ORIGINAL_REPLACEMENT_REQUIRED,VERIFIED_BINARY,ROM_COPYRIGHTED_REFERENCE,true,,,,,,,,,REBUILD,,[],"[""NEXUS_IDENTITY_AND_RIGHTS_REPLACEMENT_REQUIRED"",""DATABASE_TIER_NOT_IN_ORIGINAL_752_UNIT_AUDIT""]","Database/encyclopedia art tier for m326_cockatrimon; regular; 8 files per entity (db Main/Sub x NANR, graphics, NCER, NCLR). A separate tier from the gameplay sprite set: the palette is shared with the gameplay tier, but graphics, cells and animations are distinct and roughly a fifth of the size. Its animation contract is also its own — see art:character-animation:db-main-slot-* and db-sub-slot-*."
art:character:m326-cockatrimon:rom-reference,CHARACTER,CHARACTER_ENTITY_REFERENCE,m326_cockatrimon,YDIJ decoded character runtime manifest,R:\NEXUS LINK\原作\CLAUDE_CODE_YDIJ_HANDOFF\02_CHARACTER_ART_STRUCTURE\digimon_runtime_manifest.json,DECODED_REFERENCE,RAW_ENTITY_M326_COCKATRIMON,NDS_2D,PIXIJS_2D,NEEDS_REBUILD,ORIGINAL_REPLACEMENT_REQUIRED,VERIFIED_CROSSCHECK,ROM_COPYRIGHTED_REFERENCE,true,,,,,,,,,REBUILD,,[],"[""NEXUS_IDENTITY_AND_RIGHTS_REPLACEMENT_REQUIRED""]","digimon; 8 gameplay files per entity contract (Main/Sub x NANR, graphics, NCER, NCLR). Rendered sheets are research-only; do not copy identity pixels into shipping art."
art:character:m328-thanderballmon:db-reference,CHARACTER,CHARACTER_DB_ENTITY_REFERENCE,db_digimon/m328_thanderballmon,YDIJ ROM art census,docs/art/ROM_ART_CENSUS.json,ROM_BINARY,RAW_DB_ENTITY_M328_THANDERBALLMON,NDS_2D,PIXIJS_2D,NEEDS_REBUILD,ORIGINAL_REPLACEMENT_REQUIRED,VERIFIED_BINARY,ROM_COPYRIGHTED_REFERENCE,true,,,,,,,,,REBUILD,,[],"[""NEXUS_IDENTITY_AND_RIGHTS_REPLACEMENT_REQUIRED"",""DATABASE_TIER_NOT_IN_ORIGINAL_752_UNIT_AUDIT""]","Database/encyclopedia art tier for m328_thanderballmon; regular; 8 files per entity (db Main/Sub x NANR, graphics, NCER, NCLR). A separate tier from the gameplay sprite set: the palette is shared with the gameplay tier, but graphics, cells and animations are distinct and roughly a fifth of the size. Its animation contract is also its own — see art:character-animation:db-main-slot-* and db-sub-slot-*."
art:character:m328-thanderballmon:rom-reference,CHARACTER,CHARACTER_ENTITY_REFERENCE,m328_thanderballmon,YDIJ decoded character runtime manifest,R:\NEXUS LINK\原作\CLAUDE_CODE_YDIJ_HANDOFF\02_CHARACTER_ART_STRUCTURE\digimon_runtime_manifest.json,DECODED_REFERENCE,RAW_ENTITY_M328_THANDERBALLMON,NDS_2D,PIXIJS_2D,NEEDS_REBUILD,ORIGINAL_REPLACEMENT_REQUIRED,VERIFIED_CROSSCHECK,ROM_COPYRIGHTED_REFERENCE,true,,,,,,,,,REBUILD,,[],"[""NEXUS_IDENTITY_AND_RIGHTS_REPLACEMENT_REQUIRED""]","digimon; 8 gameplay files per entity contract (Main/Sub x NANR, graphics, NCER, NCLR). Rendered sheets are research-only; do not copy identity pixels into shipping art."
art:character:m329-shellmon:db-reference,CHARACTER,CHARACTER_DB_ENTITY_REFERENCE,db_digimon/m329_shellmon,YDIJ ROM art census,docs/art/ROM_ART_CENSUS.json,ROM_BINARY,RAW_DB_ENTITY_M329_SHELLMON,NDS_2D,PIXIJS_2D,NEEDS_REBUILD,ORIGINAL_REPLACEMENT_REQUIRED,VERIFIED_BINARY,ROM_COPYRIGHTED_REFERENCE,true,,,,,,,,,REBUILD,,[],"[""NEXUS_IDENTITY_AND_RIGHTS_REPLACEMENT_REQUIRED"",""DATABASE_TIER_NOT_IN_ORIGINAL_752_UNIT_AUDIT""]","Database/encyclopedia art tier for m329_shellmon; regular; 8 files per entity (db Main/Sub x NANR, graphics, NCER, NCLR). A separate tier from the gameplay sprite set: the palette is shared with the gameplay tier, but graphics, cells and animations are distinct and roughly a fifth of the size. Its animation contract is also its own — see art:character-animation:db-main-slot-* and db-sub-slot-*."
art:character:m329-shellmon:rom-reference,CHARACTER,CHARACTER_ENTITY_REFERENCE,m329_shellmon,YDIJ decoded character runtime manifest,R:\NEXUS LINK\原作\CLAUDE_CODE_YDIJ_HANDOFF\02_CHARACTER_ART_STRUCTURE\digimon_runtime_manifest.json,DECODED_REFERENCE,RAW_ENTITY_M329_SHELLMON,NDS_2D,PIXIJS_2D,NEEDS_REBUILD,ORIGINAL_REPLACEMENT_REQUIRED,VERIFIED_CROSSCHECK,ROM_COPYRIGHTED_REFERENCE,true,,,,,,,,,REBUILD,,[],"[""NEXUS_IDENTITY_AND_RIGHTS_REPLACEMENT_REQUIRED""]","digimon; 8 gameplay files per entity contract (Main/Sub x NANR, graphics, NCER, NCLR). Rendered sheets are research-only; do not copy identity pixels into shipping art."
art:character:m330-geograymon:db-reference,CHARACTER,CHARACTER_DB_ENTITY_REFERENCE,db_digimon/m330_geograymon,YDIJ ROM art census,docs/art/ROM_ART_CENSUS.json,ROM_BINARY,RAW_DB_ENTITY_M330_GEOGRAYMON,NDS_2D,PIXIJS_2D,NEEDS_REBUILD,ORIGINAL_REPLACEMENT_REQUIRED,VERIFIED_BINARY,ROM_COPYRIGHTED_REFERENCE,true,,,,,,,,,REBUILD,,[],"[""NEXUS_IDENTITY_AND_RIGHTS_REPLACEMENT_REQUIRED"",""DATABASE_TIER_NOT_IN_ORIGINAL_752_UNIT_AUDIT""]","Database/encyclopedia art tier for m330_geograymon; regular; 8 files per entity (db Main/Sub x NANR, graphics, NCER, NCLR). A separate tier from the gameplay sprite set: the palette is shared with the gameplay tier, but graphics, cells and animations are distinct and roughly a fifth of the size. Its animation contract is also its own — see art:character-animation:db-main-slot-* and db-sub-slot-*."
art:character:m330-geograymon:rom-reference,CHARACTER,CHARACTER_ENTITY_REFERENCE,m330_geograymon,YDIJ decoded character runtime manifest,R:\NEXUS LINK\原作\CLAUDE_CODE_YDIJ_HANDOFF\02_CHARACTER_ART_STRUCTURE\digimon_runtime_manifest.json,DECODED_REFERENCE,RAW_ENTITY_M330_GEOGRAYMON,NDS_2D,PIXIJS_2D,NEEDS_REBUILD,ORIGINAL_REPLACEMENT_REQUIRED,VERIFIED_CROSSCHECK,ROM_COPYRIGHTED_REFERENCE,true,,,,,,,,,REBUILD,,[],"[""NEXUS_IDENTITY_AND_RIGHTS_REPLACEMENT_REQUIRED""]","digimon; 8 gameplay files per entity contract (Main/Sub x NANR, graphics, NCER, NCLR). Rendered sheets are research-only; do not copy identity pixels into shipping art."
art:character:m331-seadramon:db-reference,CHARACTER,CHARACTER_DB_ENTITY_REFERENCE,db_digimon/m331_seadramon,YDIJ ROM art census,docs/art/ROM_ART_CENSUS.json,ROM_BINARY,RAW_DB_ENTITY_M331_SEADRAMON,NDS_2D,PIXIJS_2D,NEEDS_REBUILD,ORIGINAL_REPLACEMENT_REQUIRED,VERIFIED_BINARY,ROM_COPYRIGHTED_REFERENCE,true,,,,,,,,,REBUILD,,[],"[""NEXUS_IDENTITY_AND_RIGHTS_REPLACEMENT_REQUIRED"",""DATABASE_TIER_NOT_IN_ORIGINAL_752_UNIT_AUDIT""]","Database/encyclopedia art tier for m331_seadramon; regular; 8 files per entity (db Main/Sub x NANR, graphics, NCER, NCLR). A separate tier from the gameplay sprite set: the palette is shared with the gameplay tier, but graphics, cells and animations are distinct and roughly a fifth of the size. Its animation contract is also its own — see art:character-animation:db-main-slot-* and db-sub-slot-*."
art:character:m331-seadramon:rom-reference,CHARACTER,CHARACTER_ENTITY_REFERENCE,m331_seadramon,YDIJ decoded character runtime manifest,R:\NEXUS LINK\原作\CLAUDE_CODE_YDIJ_HANDOFF\02_CHARACTER_ART_STRUCTURE\digimon_runtime_manifest.json,DECODED_REFERENCE,RAW_ENTITY_M331_SEADRAMON,NDS_2D,PIXIJS_2D,NEEDS_REBUILD,ORIGINAL_REPLACEMENT_REQUIRED,VERIFIED_CROSSCHECK,ROM_COPYRIGHTED_REFERENCE,true,,,,,,,,,REBUILD,,[],"[""NEXUS_IDENTITY_AND_RIGHTS_REPLACEMENT_REQUIRED""]","digimon; 8 gameplay files per entity contract (Main/Sub x NANR, graphics, NCER, NCLR). Rendered sheets are research-only; do not copy identity pixels into shipping art."
art:character:m333-scumon:db-reference,CHARACTER,CHARACTER_DB_ENTITY_REFERENCE,db_digimon/m333_scumon,YDIJ ROM art census,docs/art/ROM_ART_CENSUS.json,ROM_BINARY,RAW_DB_ENTITY_M333_SCUMON,NDS_2D,PIXIJS_2D,NEEDS_REBUILD,ORIGINAL_REPLACEMENT_REQUIRED,VERIFIED_BINARY,ROM_COPYRIGHTED_REFERENCE,true,,,,,,,,,REBUILD,,[],"[""NEXUS_IDENTITY_AND_RIGHTS_REPLACEMENT_REQUIRED"",""DATABASE_TIER_NOT_IN_ORIGINAL_752_UNIT_AUDIT""]","Database/encyclopedia art tier for m333_scumon; regular; 8 files per entity (db Main/Sub x NANR, graphics, NCER, NCLR). A separate tier from the gameplay sprite set: the palette is shared with the gameplay tier, but graphics, cells and animations are distinct and roughly a fifth of the size. Its animation contract is also its own — see art:character-animation:db-main-slot-* and db-sub-slot-*."
art:character:m333-scumon:rom-reference,CHARACTER,CHARACTER_ENTITY_REFERENCE,m333_scumon,YDIJ decoded character runtime manifest,R:\NEXUS LINK\原作\CLAUDE_CODE_YDIJ_HANDOFF\02_CHARACTER_ART_STRUCTURE\digimon_runtime_manifest.json,DECODED_REFERENCE,RAW_ENTITY_M333_SCUMON,NDS_2D,PIXIJS_2D,NEEDS_REBUILD,ORIGINAL_REPLACEMENT_REQUIRED,VERIFIED_CROSSCHECK,ROM_COPYRIGHTED_REFERENCE,true,,,,,,,,,REBUILD,,[],"[""NEXUS_IDENTITY_AND_RIGHTS_REPLACEMENT_REQUIRED""]","digimon; 8 gameplay files per entity contract (Main/Sub x NANR, graphics, NCER, NCLR). Rendered sheets are research-only; do not copy identity pixels into shipping art."
art:character:m334-starmon:db-reference,CHARACTER,CHARACTER_DB_ENTITY_REFERENCE,db_digimon/m334_starmon,YDIJ ROM art census,docs/art/ROM_ART_CENSUS.json,ROM_BINARY,RAW_DB_ENTITY_M334_STARMON,NDS_2D,PIXIJS_2D,NEEDS_REBUILD,ORIGINAL_REPLACEMENT_REQUIRED,VERIFIED_BINARY,ROM_COPYRIGHTED_REFERENCE,true,,,,,,,,,REBUILD,,[],"[""NEXUS_IDENTITY_AND_RIGHTS_REPLACEMENT_REQUIRED"",""DATABASE_TIER_NOT_IN_ORIGINAL_752_UNIT_AUDIT""]","Database/encyclopedia art tier for m334_starmon; regular; 8 files per entity (db Main/Sub x NANR, graphics, NCER, NCLR). A separate tier from the gameplay sprite set: the palette is shared with the gameplay tier, but graphics, cells and animations are distinct and roughly a fifth of the size. Its animation contract is also its own — see art:character-animation:db-main-slot-* and db-sub-slot-*."
art:character:m334-starmon:rom-reference,CHARACTER,CHARACTER_ENTITY_REFERENCE,m334_starmon,YDIJ decoded character runtime manifest,R:\NEXUS LINK\原作\CLAUDE_CODE_YDIJ_HANDOFF\02_CHARACTER_ART_STRUCTURE\digimon_runtime_manifest.json,DECODED_REFERENCE,RAW_ENTITY_M334_STARMON,NDS_2D,PIXIJS_2D,NEEDS_REBUILD,ORIGINAL_REPLACEMENT_REQUIRED,VERIFIED_CROSSCHECK,ROM_COPYRIGHTED_REFERENCE,true,,,,,,,,,REBUILD,,[],"[""NEXUS_IDENTITY_AND_RIGHTS_REPLACEMENT_REQUIRED""]","digimon; 8 gameplay files per entity contract (Main/Sub x NANR, graphics, NCER, NCLR). Rendered sheets are research-only; do not copy identity pixels into shipping art."
art:character:m337-darcmon:db-reference,CHARACTER,CHARACTER_DB_ENTITY_REFERENCE,db_digimon/m337_darcmon,YDIJ ROM art census,docs/art/ROM_ART_CENSUS.json,ROM_BINARY,RAW_DB_ENTITY_M337_DARCMON,NDS_2D,PIXIJS_2D,NEEDS_REBUILD,ORIGINAL_REPLACEMENT_REQUIRED,VERIFIED_BINARY,ROM_COPYRIGHTED_REFERENCE,true,,,,,,,,,REBUILD,,[],"[""NEXUS_IDENTITY_AND_RIGHTS_REPLACEMENT_REQUIRED"",""DATABASE_TIER_NOT_IN_ORIGINAL_752_UNIT_AUDIT""]","Database/encyclopedia art tier for m337_darcmon; regular; 8 files per entity (db Main/Sub x NANR, graphics, NCER, NCLR). A separate tier from the gameplay sprite set: the palette is shared with the gameplay tier, but graphics, cells and animations are distinct and roughly a fifth of the size. Its animation contract is also its own — see art:character-animation:db-main-slot-* and db-sub-slot-*."
art:character:m337-darcmon:rom-reference,CHARACTER,CHARACTER_ENTITY_REFERENCE,m337_darcmon,YDIJ decoded character runtime manifest,R:\NEXUS LINK\原作\CLAUDE_CODE_YDIJ_HANDOFF\02_CHARACTER_ART_STRUCTURE\digimon_runtime_manifest.json,DECODED_REFERENCE,RAW_ENTITY_M337_DARCMON,NDS_2D,PIXIJS_2D,NEEDS_REBUILD,ORIGINAL_REPLACEMENT_REQUIRED,VERIFIED_CROSSCHECK,ROM_COPYRIGHTED_REFERENCE,true,,,,,,,,,REBUILD,,[],"[""NEXUS_IDENTITY_AND_RIGHTS_REPLACEMENT_REQUIRED""]","digimon; 8 gameplay files per entity contract (Main/Sub x NANR, graphics, NCER, NCLR). Rendered sheets are research-only; do not copy identity pixels into shipping art."
art:character:m338-darktyranomon:db-reference,CHARACTER,CHARACTER_DB_ENTITY_REFERENCE,db_digimon/m338_darktyranomon,YDIJ ROM art census,docs/art/ROM_ART_CENSUS.json,ROM_BINARY,RAW_DB_ENTITY_M338_DARKTYRANOMON,NDS_2D,PIXIJS_2D,NEEDS_REBUILD,ORIGINAL_REPLACEMENT_REQUIRED,VERIFIED_BINARY,ROM_COPYRIGHTED_REFERENCE,true,,,,,,,,,REBUILD,,[],"[""NEXUS_IDENTITY_AND_RIGHTS_REPLACEMENT_REQUIRED"",""DATABASE_TIER_NOT_IN_ORIGINAL_752_UNIT_AUDIT""]","Database/encyclopedia art tier for m338_darktyranomon; regular; 8 files per entity (db Main/Sub x NANR, graphics, NCER, NCLR). A separate tier from the gameplay sprite set: the palette is shared with the gameplay tier, but graphics, cells and animations are distinct and roughly a fifth of the size. Its animation contract is also its own — see art:character-animation:db-main-slot-* and db-sub-slot-*."
art:character:m338-darktyranomon:rom-reference,CHARACTER,CHARACTER_ENTITY_REFERENCE,m338_darktyranomon,YDIJ decoded character runtime manifest,R:\NEXUS LINK\原作\CLAUDE_CODE_YDIJ_HANDOFF\02_CHARACTER_ART_STRUCTURE\digimon_runtime_manifest.json,DECODED_REFERENCE,RAW_ENTITY_M338_DARKTYRANOMON,NDS_2D,PIXIJS_2D,NEEDS_REBUILD,ORIGINAL_REPLACEMENT_REQUIRED,VERIFIED_CROSSCHECK,ROM_COPYRIGHTED_REFERENCE,true,,,,,,,,,REBUILD,,[],"[""NEXUS_IDENTITY_AND_RIGHTS_REPLACEMENT_REQUIRED""]","digimon; 8 gameplay files per entity contract (Main/Sub x NANR, graphics, NCER, NCLR). Rendered sheets are research-only; do not copy identity pixels into shipping art."
art:character:m339-tyranomon:db-reference,CHARACTER,CHARACTER_DB_ENTITY_REFERENCE,db_digimon/m339_tyranomon,YDIJ ROM art census,docs/art/ROM_ART_CENSUS.json,ROM_BINARY,RAW_DB_ENTITY_M339_TYRANOMON,NDS_2D,PIXIJS_2D,NEEDS_REBUILD,ORIGINAL_REPLACEMENT_REQUIRED,VERIFIED_BINARY,ROM_COPYRIGHTED_REFERENCE,true,,,,,,,,,REBUILD,,[],"[""NEXUS_IDENTITY_AND_RIGHTS_REPLACEMENT_REQUIRED"",""DATABASE_TIER_NOT_IN_ORIGINAL_752_UNIT_AUDIT""]","Database/encyclopedia art tier for m339_tyranomon; regular; 8 files per entity (db Main/Sub x NANR, graphics, NCER, NCLR). A separate tier from the gameplay sprite set: the palette is shared with the gameplay tier, but graphics, cells and animations are distinct and roughly a fifth of the size. Its animation contract is also its own — see art:character-animation:db-main-slot-* and db-sub-slot-*."
art:character:m339-tyranomon:rom-reference,CHARACTER,CHARACTER_ENTITY_REFERENCE,m339_tyranomon,YDIJ decoded character runtime manifest,R:\NEXUS LINK\原作\CLAUDE_CODE_YDIJ_HANDOFF\02_CHARACTER_ART_STRUCTURE\digimon_runtime_manifest.json,DECODED_REFERENCE,RAW_ENTITY_M339_TYRANOMON,NDS_2D,PIXIJS_2D,NEEDS_REBUILD,ORIGINAL_REPLACEMENT_REQUIRED,VERIFIED_CROSSCHECK,ROM_COPYRIGHTED_REFERENCE,true,,,,,,,,,REBUILD,,[],"[""NEXUS_IDENTITY_AND_RIGHTS_REPLACEMENT_REQUIRED""]","digimon; 8 gameplay files per entity contract (Main/Sub x NANR, graphics, NCER, NCLR). Rendered sheets are research-only; do not copy identity pixels into shipping art."
art:character:m340-tailmon:db-reference,CHARACTER,CHARACTER_DB_ENTITY_REFERENCE,db_digimon/m340_tailmon,YDIJ ROM art census,docs/art/ROM_ART_CENSUS.json,ROM_BINARY,RAW_DB_ENTITY_M340_TAILMON,NDS_2D,PIXIJS_2D,NEEDS_REBUILD,ORIGINAL_REPLACEMENT_REQUIRED,VERIFIED_BINARY,ROM_COPYRIGHTED_REFERENCE,true,,,,,,,,,REBUILD,,[],"[""NEXUS_IDENTITY_AND_RIGHTS_REPLACEMENT_REQUIRED"",""DATABASE_TIER_NOT_IN_ORIGINAL_752_UNIT_AUDIT""]","Database/encyclopedia art tier for m340_tailmon; regular; 8 files per entity (db Main/Sub x NANR, graphics, NCER, NCLR). A separate tier from the gameplay sprite set: the palette is shared with the gameplay tier, but graphics, cells and animations are distinct and roughly a fifth of the size. Its animation contract is also its own — see art:character-animation:db-main-slot-* and db-sub-slot-*."
art:character:m340-tailmon:rom-reference,CHARACTER,CHARACTER_ENTITY_REFERENCE,m340_tailmon,YDIJ decoded character runtime manifest,R:\NEXUS LINK\原作\CLAUDE_CODE_YDIJ_HANDOFF\02_CHARACTER_ART_STRUCTURE\digimon_runtime_manifest.json,DECODED_REFERENCE,RAW_ENTITY_M340_TAILMON,NDS_2D,PIXIJS_2D,NEEDS_REBUILD,ORIGINAL_REPLACEMENT_REQUIRED,VERIFIED_CROSSCHECK,ROM_COPYRIGHTED_REFERENCE,true,,,,,,,,,REBUILD,,[],"[""NEXUS_IDENTITY_AND_RIGHTS_REPLACEMENT_REQUIRED""]","digimon; 8 gameplay files per entity contract (Main/Sub x NANR, graphics, NCER, NCLR). Rendered sheets are research-only; do not copy identity pixels into shipping art."
art:character:m341-devidramon:db-reference,CHARACTER,CHARACTER_DB_ENTITY_REFERENCE,db_digimon/m341_devidramon,YDIJ ROM art census,docs/art/ROM_ART_CENSUS.json,ROM_BINARY,RAW_DB_ENTITY_M341_DEVIDRAMON,NDS_2D,PIXIJS_2D,NEEDS_REBUILD,ORIGINAL_REPLACEMENT_REQUIRED,VERIFIED_BINARY,ROM_COPYRIGHTED_REFERENCE,true,,,,,,,,,REBUILD,,[],"[""NEXUS_IDENTITY_AND_RIGHTS_REPLACEMENT_REQUIRED"",""DATABASE_TIER_NOT_IN_ORIGINAL_752_UNIT_AUDIT""]","Database/encyclopedia art tier for m341_devidramon; regular; 8 files per entity (db Main/Sub x NANR, graphics, NCER, NCLR). A separate tier from the gameplay sprite set: the palette is shared with the gameplay tier, but graphics, cells and animations are distinct and roughly a fifth of the size. Its animation contract is also its own — see art:character-animation:db-main-slot-* and db-sub-slot-*."
art:character:m341-devidramon:rom-reference,CHARACTER,CHARACTER_ENTITY_REFERENCE,m341_devidramon,YDIJ decoded character runtime manifest,R:\NEXUS LINK\原作\CLAUDE_CODE_YDIJ_HANDOFF\02_CHARACTER_ART_STRUCTURE\digimon_runtime_manifest.json,DECODED_REFERENCE,RAW_ENTITY_M341_DEVIDRAMON,NDS_2D,PIXIJS_2D,NEEDS_REBUILD,ORIGINAL_REPLACEMENT_REQUIRED,VERIFIED_CROSSCHECK,ROM_COPYRIGHTED_REFERENCE,true,,,,,,,,,REBUILD,,[],"[""NEXUS_IDENTITY_AND_RIGHTS_REPLACEMENT_REQUIRED""]","digimon; 8 gameplay files per entity contract (Main/Sub x NANR, graphics, NCER, NCLR). Rendered sheets are research-only; do not copy identity pixels into shipping art."
art:character:m342-devimon:db-reference,CHARACTER,CHARACTER_DB_ENTITY_REFERENCE,db_digimon/m342_devimon,YDIJ ROM art census,docs/art/ROM_ART_CENSUS.json,ROM_BINARY,RAW_DB_ENTITY_M342_DEVIMON,NDS_2D,PIXIJS_2D,NEEDS_REBUILD,ORIGINAL_REPLACEMENT_REQUIRED,VERIFIED_BINARY,ROM_COPYRIGHTED_REFERENCE,true,,,,,,,,,REBUILD,,[],"[""NEXUS_IDENTITY_AND_RIGHTS_REPLACEMENT_REQUIRED"",""DATABASE_TIER_NOT_IN_ORIGINAL_752_UNIT_AUDIT""]","Database/encyclopedia art tier for m342_devimon; regular; 8 files per entity (db Main/Sub x NANR, graphics, NCER, NCLR). A separate tier from the gameplay sprite set: the palette is shared with the gameplay tier, but graphics, cells and animations are distinct and roughly a fifth of the size. Its animation contract is also its own — see art:character-animation:db-main-slot-* and db-sub-slot-*."
art:character:m342-devimon:rom-reference,CHARACTER,CHARACTER_ENTITY_REFERENCE,m342_devimon,YDIJ decoded character runtime manifest,R:\NEXUS LINK\原作\CLAUDE_CODE_YDIJ_HANDOFF\02_CHARACTER_ART_STRUCTURE\digimon_runtime_manifest.json,DECODED_REFERENCE,RAW_ENTITY_M342_DEVIMON,NDS_2D,PIXIJS_2D,NEEDS_REBUILD,ORIGINAL_REPLACEMENT_REQUIRED,VERIFIED_CROSSCHECK,ROM_COPYRIGHTED_REFERENCE,true,,,,,,,,,REBUILD,,[],"[""NEXUS_IDENTITY_AND_RIGHTS_REPLACEMENT_REQUIRED""]","digimon; 8 gameplay files per entity contract (Main/Sub x NANR, graphics, NCER, NCLR). Rendered sheets are research-only; do not copy identity pixels into shipping art."
art:character:m343-togemon:db-reference,CHARACTER,CHARACTER_DB_ENTITY_REFERENCE,db_digimon/m343_togemon,YDIJ ROM art census,docs/art/ROM_ART_CENSUS.json,ROM_BINARY,RAW_DB_ENTITY_M343_TOGEMON,NDS_2D,PIXIJS_2D,NEEDS_REBUILD,ORIGINAL_REPLACEMENT_REQUIRED,VERIFIED_BINARY,ROM_COPYRIGHTED_REFERENCE,true,,,,,,,,,REBUILD,,[],"[""NEXUS_IDENTITY_AND_RIGHTS_REPLACEMENT_REQUIRED"",""DATABASE_TIER_NOT_IN_ORIGINAL_752_UNIT_AUDIT""]","Database/encyclopedia art tier for m343_togemon; regular; 8 files per entity (db Main/Sub x NANR, graphics, NCER, NCLR). A separate tier from the gameplay sprite set: the palette is shared with the gameplay tier, but graphics, cells and animations are distinct and roughly a fifth of the size. Its animation contract is also its own — see art:character-animation:db-main-slot-* and db-sub-slot-*."
art:character:m343-togemon:rom-reference,CHARACTER,CHARACTER_ENTITY_REFERENCE,m343_togemon,YDIJ decoded character runtime manifest,R:\NEXUS LINK\原作\CLAUDE_CODE_YDIJ_HANDOFF\02_CHARACTER_ART_STRUCTURE\digimon_runtime_manifest.json,DECODED_REFERENCE,RAW_ENTITY_M343_TOGEMON,NDS_2D,PIXIJS_2D,NEEDS_REBUILD,ORIGINAL_REPLACEMENT_REQUIRED,VERIFIED_CROSSCHECK,ROM_COPYRIGHTED_REFERENCE,true,,,,,,,,,REBUILD,,[],"[""NEXUS_IDENTITY_AND_RIGHTS_REPLACEMENT_REQUIRED""]","digimon; 8 gameplay files per entity contract (Main/Sub x NANR, graphics, NCER, NCLR). Rendered sheets are research-only; do not copy identity pixels into shipping art."
art:character:m345-tortamon:db-reference,CHARACTER,CHARACTER_DB_ENTITY_REFERENCE,db_digimon/m345_tortamon,YDIJ ROM art census,docs/art/ROM_ART_CENSUS.json,ROM_BINARY,RAW_DB_ENTITY_M345_TORTAMON,NDS_2D,PIXIJS_2D,NEEDS_REBUILD,ORIGINAL_REPLACEMENT_REQUIRED,VERIFIED_BINARY,ROM_COPYRIGHTED_REFERENCE,true,,,,,,,,,REBUILD,,[],"[""NEXUS_IDENTITY_AND_RIGHTS_REPLACEMENT_REQUIRED"",""DATABASE_TIER_NOT_IN_ORIGINAL_752_UNIT_AUDIT""]","Database/encyclopedia art tier for m345_tortamon; regular; 8 files per entity (db Main/Sub x NANR, graphics, NCER, NCLR). A separate tier from the gameplay sprite set: the palette is shared with the gameplay tier, but graphics, cells and animations are distinct and roughly a fifth of the size. Its animation contract is also its own — see art:character-animation:db-main-slot-* and db-sub-slot-*."
art:character:m345-tortamon:rom-reference,CHARACTER,CHARACTER_ENTITY_REFERENCE,m345_tortamon,YDIJ decoded character runtime manifest,R:\NEXUS LINK\原作\CLAUDE_CODE_YDIJ_HANDOFF\02_CHARACTER_ART_STRUCTURE\digimon_runtime_manifest.json,DECODED_REFERENCE,RAW_ENTITY_M345_TORTAMON,NDS_2D,PIXIJS_2D,NEEDS_REBUILD,ORIGINAL_REPLACEMENT_REQUIRED,VERIFIED_CROSSCHECK,ROM_COPYRIGHTED_REFERENCE,true,,,,,,,,,REBUILD,,[],"[""NEXUS_IDENTITY_AND_RIGHTS_REPLACEMENT_REQUIRED""]","digimon; 8 gameplay files per entity contract (Main/Sub x NANR, graphics, NCER, NCLR). Rendered sheets are research-only; do not copy identity pixels into shipping art."
art:character:m346-numemon:db-reference,CHARACTER,CHARACTER_DB_ENTITY_REFERENCE,db_digimon/m346_numemon,YDIJ ROM art census,docs/art/ROM_ART_CENSUS.json,ROM_BINARY,RAW_DB_ENTITY_M346_NUMEMON,NDS_2D,PIXIJS_2D,NEEDS_REBUILD,ORIGINAL_REPLACEMENT_REQUIRED,VERIFIED_BINARY,ROM_COPYRIGHTED_REFERENCE,true,,,,,,,,,REBUILD,,[],"[""NEXUS_IDENTITY_AND_RIGHTS_REPLACEMENT_REQUIRED"",""DATABASE_TIER_NOT_IN_ORIGINAL_752_UNIT_AUDIT""]","Database/encyclopedia art tier for m346_numemon; regular; 8 files per entity (db Main/Sub x NANR, graphics, NCER, NCLR). A separate tier from the gameplay sprite set: the palette is shared with the gameplay tier, but graphics, cells and animations are distinct and roughly a fifth of the size. Its animation contract is also its own — see art:character-animation:db-main-slot-* and db-sub-slot-*."
art:character:m346-numemon:rom-reference,CHARACTER,CHARACTER_ENTITY_REFERENCE,m346_numemon,YDIJ decoded character runtime manifest,R:\NEXUS LINK\原作\CLAUDE_CODE_YDIJ_HANDOFF\02_CHARACTER_ART_STRUCTURE\digimon_runtime_manifest.json,DECODED_REFERENCE,RAW_ENTITY_M346_NUMEMON,NDS_2D,PIXIJS_2D,NEEDS_REBUILD,ORIGINAL_REPLACEMENT_REQUIRED,VERIFIED_CROSSCHECK,ROM_COPYRIGHTED_REFERENCE,true,,,,,,,,,REBUILD,,[],"[""NEXUS_IDENTITY_AND_RIGHTS_REPLACEMENT_REQUIRED""]","digimon; 8 gameplay files per entity contract (Main/Sub x NANR, graphics, NCER, NCLR). Rendered sheets are research-only; do not copy identity pixels into shipping art."
art:character:m347-bakemon:db-reference,CHARACTER,CHARACTER_DB_ENTITY_REFERENCE,db_digimon/m347_bakemon,YDIJ ROM art census,docs/art/ROM_ART_CENSUS.json,ROM_BINARY,RAW_DB_ENTITY_M347_BAKEMON,NDS_2D,PIXIJS_2D,NEEDS_REBUILD,ORIGINAL_REPLACEMENT_REQUIRED,VERIFIED_BINARY,ROM_COPYRIGHTED_REFERENCE,true,,,,,,,,,REBUILD,,[],"[""NEXUS_IDENTITY_AND_RIGHTS_REPLACEMENT_REQUIRED"",""DATABASE_TIER_NOT_IN_ORIGINAL_752_UNIT_AUDIT""]","Database/encyclopedia art tier for m347_bakemon; regular; 8 files per entity (db Main/Sub x NANR, graphics, NCER, NCLR). A separate tier from the gameplay sprite set: the palette is shared with the gameplay tier, but graphics, cells and animations are distinct and roughly a fifth of the size. Its animation contract is also its own — see art:character-animation:db-main-slot-* and db-sub-slot-*."
art:character:m347-bakemon:rom-reference,CHARACTER,CHARACTER_ENTITY_REFERENCE,m347_bakemon,YDIJ decoded character runtime manifest,R:\NEXUS LINK\原作\CLAUDE_CODE_YDIJ_HANDOFF\02_CHARACTER_ART_STRUCTURE\digimon_runtime_manifest.json,DECODED_REFERENCE,RAW_ENTITY_M347_BAKEMON,NDS_2D,PIXIJS_2D,NEEDS_REBUILD,ORIGINAL_REPLACEMENT_REQUIRED,VERIFIED_CROSSCHECK,ROM_COPYRIGHTED_REFERENCE,true,,,,,,,,,REBUILD,,[],"[""NEXUS_IDENTITY_AND_RIGHTS_REPLACEMENT_REQUIRED""]","digimon; 8 gameplay files per entity contract (Main/Sub x NANR, graphics, NCER, NCLR). Rendered sheets are research-only; do not copy identity pixels into shipping art."
art:character:m349-bardramon:db-reference,CHARACTER,CHARACTER_DB_ENTITY_REFERENCE,db_digimon/m349_bardramon,YDIJ ROM art census,docs/art/ROM_ART_CENSUS.json,ROM_BINARY,RAW_DB_ENTITY_M349_BARDRAMON,NDS_2D,PIXIJS_2D,NEEDS_REBUILD,ORIGINAL_REPLACEMENT_REQUIRED,VERIFIED_BINARY,ROM_COPYRIGHTED_REFERENCE,true,,,,,,,,,REBUILD,,[],"[""NEXUS_IDENTITY_AND_RIGHTS_REPLACEMENT_REQUIRED"",""DATABASE_TIER_NOT_IN_ORIGINAL_752_UNIT_AUDIT""]","Database/encyclopedia art tier for m349_bardramon; regular; 8 files per entity (db Main/Sub x NANR, graphics, NCER, NCLR). A separate tier from the gameplay sprite set: the palette is shared with the gameplay tier, but graphics, cells and animations are distinct and roughly a fifth of the size. Its animation contract is also its own — see art:character-animation:db-main-slot-* and db-sub-slot-*."
art:character:m349-bardramon:rom-reference,CHARACTER,CHARACTER_ENTITY_REFERENCE,m349_bardramon,YDIJ decoded character runtime manifest,R:\NEXUS LINK\原作\CLAUDE_CODE_YDIJ_HANDOFF\02_CHARACTER_ART_STRUCTURE\digimon_runtime_manifest.json,DECODED_REFERENCE,RAW_ENTITY_M349_BARDRAMON,NDS_2D,PIXIJS_2D,NEEDS_REBUILD,ORIGINAL_REPLACEMENT_REQUIRED,VERIFIED_CROSSCHECK,ROM_COPYRIGHTED_REFERENCE,true,,,,,,,,,REBUILD,,[],"[""NEXUS_IDENTITY_AND_RIGHTS_REPLACEMENT_REQUIRED""]","digimon; 8 gameplay files per entity contract (Main/Sub x NANR, graphics, NCER, NCLR). Rendered sheets are research-only; do not copy identity pixels into shipping art."
art:character:m351-vagimon:db-reference,CHARACTER,CHARACTER_DB_ENTITY_REFERENCE,db_digimon/m351_vagimon,YDIJ ROM art census,docs/art/ROM_ART_CENSUS.json,ROM_BINARY,RAW_DB_ENTITY_M351_VAGIMON,NDS_2D,PIXIJS_2D,NEEDS_REBUILD,ORIGINAL_REPLACEMENT_REQUIRED,VERIFIED_BINARY,ROM_COPYRIGHTED_REFERENCE,true,,,,,,,,,REBUILD,,[],"[""NEXUS_IDENTITY_AND_RIGHTS_REPLACEMENT_REQUIRED"",""DATABASE_TIER_NOT_IN_ORIGINAL_752_UNIT_AUDIT""]","Database/encyclopedia art tier for m351_vagimon; regular; 8 files per entity (db Main/Sub x NANR, graphics, NCER, NCLR). A separate tier from the gameplay sprite set: the palette is shared with the gameplay tier, but graphics, cells and animations are distinct and roughly a fifth of the size. Its animation contract is also its own — see art:character-animation:db-main-slot-* and db-sub-slot-*."
art:character:m351-vagimon:rom-reference,CHARACTER,CHARACTER_ENTITY_REFERENCE,m351_vagimon,YDIJ decoded character runtime manifest,R:\NEXUS LINK\原作\CLAUDE_CODE_YDIJ_HANDOFF\02_CHARACTER_ART_STRUCTURE\digimon_runtime_manifest.json,DECODED_REFERENCE,RAW_ENTITY_M351_VAGIMON,NDS_2D,PIXIJS_2D,NEEDS_REBUILD,ORIGINAL_REPLACEMENT_REQUIRED,VERIFIED_CROSSCHECK,ROM_COPYRIGHTED_REFERENCE,true,,,,,,,,,REBUILD,,[],"[""NEXUS_IDENTITY_AND_RIGHTS_REPLACEMENT_REQUIRED""]","digimon; 8 gameplay files per entity contract (Main/Sub x NANR, graphics, NCER, NCLR). Rendered sheets are research-only; do not copy identity pixels into shipping art."
art:character:m352-peckmon:db-reference,CHARACTER,CHARACTER_DB_ENTITY_REFERENCE,db_digimon/m352_peckmon,YDIJ ROM art census,docs/art/ROM_ART_CENSUS.json,ROM_BINARY,RAW_DB_ENTITY_M352_PECKMON,NDS_2D,PIXIJS_2D,NEEDS_REBUILD,ORIGINAL_REPLACEMENT_REQUIRED,VERIFIED_BINARY,ROM_COPYRIGHTED_REFERENCE,true,,,,,,,,,REBUILD,,[],"[""NEXUS_IDENTITY_AND_RIGHTS_REPLACEMENT_REQUIRED"",""DATABASE_TIER_NOT_IN_ORIGINAL_752_UNIT_AUDIT""]","Database/encyclopedia art tier for m352_peckmon; regular; 8 files per entity (db Main/Sub x NANR, graphics, NCER, NCLR). A separate tier from the gameplay sprite set: the palette is shared with the gameplay tier, but graphics, cells and animations are distinct and roughly a fifth of the size. Its animation contract is also its own — see art:character-animation:db-main-slot-* and db-sub-slot-*."
art:character:m352-peckmon:rom-reference,CHARACTER,CHARACTER_ENTITY_REFERENCE,m352_peckmon,YDIJ decoded character runtime manifest,R:\NEXUS LINK\原作\CLAUDE_CODE_YDIJ_HANDOFF\02_CHARACTER_ART_STRUCTURE\digimon_runtime_manifest.json,DECODED_REFERENCE,RAW_ENTITY_M352_PECKMON,NDS_2D,PIXIJS_2D,NEEDS_REBUILD,ORIGINAL_REPLACEMENT_REQUIRED,VERIFIED_CROSSCHECK,ROM_COPYRIGHTED_REFERENCE,true,,,,,,,,,REBUILD,,[],"[""NEXUS_IDENTITY_AND_RIGHTS_REPLACEMENT_REQUIRED""]","digimon; 8 gameplay files per entity contract (Main/Sub x NANR, graphics, NCER, NCLR). Rendered sheets are research-only; do not copy identity pixels into shipping art."
art:character:m353-meramon:db-reference,CHARACTER,CHARACTER_DB_ENTITY_REFERENCE,db_digimon/m353_meramon,YDIJ ROM art census,docs/art/ROM_ART_CENSUS.json,ROM_BINARY,RAW_DB_ENTITY_M353_MERAMON,NDS_2D,PIXIJS_2D,NEEDS_REBUILD,ORIGINAL_REPLACEMENT_REQUIRED,VERIFIED_BINARY,ROM_COPYRIGHTED_REFERENCE,true,,,,,,,,,REBUILD,,[],"[""NEXUS_IDENTITY_AND_RIGHTS_REPLACEMENT_REQUIRED"",""DATABASE_TIER_NOT_IN_ORIGINAL_752_UNIT_AUDIT""]","Database/encyclopedia art tier for m353_meramon; regular; 8 files per entity (db Main/Sub x NANR, graphics, NCER, NCLR). A separate tier from the gameplay sprite set: the palette is shared with the gameplay tier, but graphics, cells and animations are distinct and roughly a fifth of the size. Its animation contract is also its own — see art:character-animation:db-main-slot-* and db-sub-slot-*."
art:character:m353-meramon:rom-reference,CHARACTER,CHARACTER_ENTITY_REFERENCE,m353_meramon,YDIJ decoded character runtime manifest,R:\NEXUS LINK\原作\CLAUDE_CODE_YDIJ_HANDOFF\02_CHARACTER_ART_STRUCTURE\digimon_runtime_manifest.json,DECODED_REFERENCE,RAW_ENTITY_M353_MERAMON,NDS_2D,PIXIJS_2D,NEEDS_REBUILD,ORIGINAL_REPLACEMENT_REQUIRED,VERIFIED_CROSSCHECK,ROM_COPYRIGHTED_REFERENCE,true,,,,,,,,,REBUILD,,[],"[""NEXUS_IDENTITY_AND_RIGHTS_REPLACEMENT_REQUIRED""]","digimon; 8 gameplay files per entity contract (Main/Sub x NANR, graphics, NCER, NCLR). Rendered sheets are research-only; do not copy identity pixels into shipping art."
art:character:m354-mojyamon:db-reference,CHARACTER,CHARACTER_DB_ENTITY_REFERENCE,db_digimon/m354_mojyamon,YDIJ ROM art census,docs/art/ROM_ART_CENSUS.json,ROM_BINARY,RAW_DB_ENTITY_M354_MOJYAMON,NDS_2D,PIXIJS_2D,NEEDS_REBUILD,ORIGINAL_REPLACEMENT_REQUIRED,VERIFIED_BINARY,ROM_COPYRIGHTED_REFERENCE,true,,,,,,,,,REBUILD,,[],"[""NEXUS_IDENTITY_AND_RIGHTS_REPLACEMENT_REQUIRED"",""DATABASE_TIER_NOT_IN_ORIGINAL_752_UNIT_AUDIT""]","Database/encyclopedia art tier for m354_mojyamon; regular; 8 files per entity (db Main/Sub x NANR, graphics, NCER, NCLR). A separate tier from the gameplay sprite set: the palette is shared with the gameplay tier, but graphics, cells and animations are distinct and roughly a fifth of the size. Its animation contract is also its own — see art:character-animation:db-main-slot-* and db-sub-slot-*."
art:character:m354-mojyamon:rom-reference,CHARACTER,CHARACTER_ENTITY_REFERENCE,m354_mojyamon,YDIJ decoded character runtime manifest,R:\NEXUS LINK\原作\CLAUDE_CODE_YDIJ_HANDOFF\02_CHARACTER_ART_STRUCTURE\digimon_runtime_manifest.json,DECODED_REFERENCE,RAW_ENTITY_M354_MOJYAMON,NDS_2D,PIXIJS_2D,NEEDS_REBUILD,ORIGINAL_REPLACEMENT_REQUIRED,VERIFIED_CROSSCHECK,ROM_COPYRIGHTED_REFERENCE,true,,,,,,,,,REBUILD,,[],"[""NEXUS_IDENTITY_AND_RIGHTS_REPLACEMENT_REQUIRED""]","digimon; 8 gameplay files per entity contract (Main/Sub x NANR, graphics, NCER, NCLR). Rendered sheets are research-only; do not copy identity pixels into shipping art."
art:character:m355-monochromon:db-reference,CHARACTER,CHARACTER_DB_ENTITY_REFERENCE,db_digimon/m355_monochromon,YDIJ ROM art census,docs/art/ROM_ART_CENSUS.json,ROM_BINARY,RAW_DB_ENTITY_M355_MONOCHROMON,NDS_2D,PIXIJS_2D,NEEDS_REBUILD,ORIGINAL_REPLACEMENT_REQUIRED,VERIFIED_BINARY,ROM_COPYRIGHTED_REFERENCE,true,,,,,,,,,REBUILD,,[],"[""NEXUS_IDENTITY_AND_RIGHTS_REPLACEMENT_REQUIRED"",""DATABASE_TIER_NOT_IN_ORIGINAL_752_UNIT_AUDIT""]","Database/encyclopedia art tier for m355_monochromon; regular; 8 files per entity (db Main/Sub x NANR, graphics, NCER, NCLR). A separate tier from the gameplay sprite set: the palette is shared with the gameplay tier, but graphics, cells and animations are distinct and roughly a fifth of the size. Its animation contract is also its own — see art:character-animation:db-main-slot-* and db-sub-slot-*."
art:character:m355-monochromon:rom-reference,CHARACTER,CHARACTER_ENTITY_REFERENCE,m355_monochromon,YDIJ decoded character runtime manifest,R:\NEXUS LINK\原作\CLAUDE_CODE_YDIJ_HANDOFF\02_CHARACTER_ART_STRUCTURE\digimon_runtime_manifest.json,DECODED_REFERENCE,RAW_ENTITY_M355_MONOCHROMON,NDS_2D,PIXIJS_2D,NEEDS_REBUILD,ORIGINAL_REPLACEMENT_REQUIRED,VERIFIED_CROSSCHECK,ROM_COPYRIGHTED_REFERENCE,true,,,,,,,,,REBUILD,,[],"[""NEXUS_IDENTITY_AND_RIGHTS_REPLACEMENT_REQUIRED""]","digimon; 8 gameplay files per entity contract (Main/Sub x NANR, graphics, NCER, NCLR). Rendered sheets are research-only; do not copy identity pixels into shipping art."
art:character:m356-yukidarumon:db-reference,CHARACTER,CHARACTER_DB_ENTITY_REFERENCE,db_digimon/m356_yukidarumon,YDIJ ROM art census,docs/art/ROM_ART_CENSUS.json,ROM_BINARY,RAW_DB_ENTITY_M356_YUKIDARUMON,NDS_2D,PIXIJS_2D,NEEDS_REBUILD,ORIGINAL_REPLACEMENT_REQUIRED,VERIFIED_BINARY,ROM_COPYRIGHTED_REFERENCE,true,,,,,,,,,REBUILD,,[],"[""NEXUS_IDENTITY_AND_RIGHTS_REPLACEMENT_REQUIRED"",""DATABASE_TIER_NOT_IN_ORIGINAL_752_UNIT_AUDIT""]","Database/encyclopedia art tier for m356_yukidarumon; regular; 8 files per entity (db Main/Sub x NANR, graphics, NCER, NCLR). A separate tier from the gameplay sprite set: the palette is shared with the gameplay tier, but graphics, cells and animations are distinct and roughly a fifth of the size. Its animation contract is also its own — see art:character-animation:db-main-slot-* and db-sub-slot-*."
art:character:m356-yukidarumon:rom-reference,CHARACTER,CHARACTER_ENTITY_REFERENCE,m356_yukidarumon,YDIJ decoded character runtime manifest,R:\NEXUS LINK\原作\CLAUDE_CODE_YDIJ_HANDOFF\02_CHARACTER_ART_STRUCTURE\digimon_runtime_manifest.json,DECODED_REFERENCE,RAW_ENTITY_M356_YUKIDARUMON,NDS_2D,PIXIJS_2D,NEEDS_REBUILD,ORIGINAL_REPLACEMENT_REQUIRED,VERIFIED_CROSSCHECK,ROM_COPYRIGHTED_REFERENCE,true,,,,,,,,,REBUILD,,[],"[""NEXUS_IDENTITY_AND_RIGHTS_REPLACEMENT_REQUIRED""]","digimon; 8 gameplay files per entity contract (Main/Sub x NANR, graphics, NCER, NCLR). Rendered sheets are research-only; do not copy identity pixels into shipping art."
art:character:m357-unimon:db-reference,CHARACTER,CHARACTER_DB_ENTITY_REFERENCE,db_digimon/m357_unimon,YDIJ ROM art census,docs/art/ROM_ART_CENSUS.json,ROM_BINARY,RAW_DB_ENTITY_M357_UNIMON,NDS_2D,PIXIJS_2D,NEEDS_REBUILD,ORIGINAL_REPLACEMENT_REQUIRED,VERIFIED_BINARY,ROM_COPYRIGHTED_REFERENCE,true,,,,,,,,,REBUILD,,[],"[""NEXUS_IDENTITY_AND_RIGHTS_REPLACEMENT_REQUIRED"",""DATABASE_TIER_NOT_IN_ORIGINAL_752_UNIT_AUDIT""]","Database/encyclopedia art tier for m357_unimon; regular; 8 files per entity (db Main/Sub x NANR, graphics, NCER, NCLR). A separate tier from the gameplay sprite set: the palette is shared with the gameplay tier, but graphics, cells and animations are distinct and roughly a fifth of the size. Its animation contract is also its own — see art:character-animation:db-main-slot-* and db-sub-slot-*."
art:character:m357-unimon:rom-reference,CHARACTER,CHARACTER_ENTITY_REFERENCE,m357_unimon,YDIJ decoded character runtime manifest,R:\NEXUS LINK\原作\CLAUDE_CODE_YDIJ_HANDOFF\02_CHARACTER_ART_STRUCTURE\digimon_runtime_manifest.json,DECODED_REFERENCE,RAW_ENTITY_M357_UNIMON,NDS_2D,PIXIJS_2D,NEEDS_REBUILD,ORIGINAL_REPLACEMENT_REQUIRED,VERIFIED_CROSSCHECK,ROM_COPYRIGHTED_REFERENCE,true,,,,,,,,,REBUILD,,[],"[""NEXUS_IDENTITY_AND_RIGHTS_REPLACEMENT_REQUIRED""]","digimon; 8 gameplay files per entity contract (Main/Sub x NANR, graphics, NCER, NCLR). Rendered sheets are research-only; do not copy identity pixels into shipping art."
art:character:m358-youkomon:db-reference,CHARACTER,CHARACTER_DB_ENTITY_REFERENCE,db_digimon/m358_youkomon,YDIJ ROM art census,docs/art/ROM_ART_CENSUS.json,ROM_BINARY,RAW_DB_ENTITY_M358_YOUKOMON,NDS_2D,PIXIJS_2D,NEEDS_REBUILD,ORIGINAL_REPLACEMENT_REQUIRED,VERIFIED_BINARY,ROM_COPYRIGHTED_REFERENCE,true,,,,,,,,,REBUILD,,[],"[""NEXUS_IDENTITY_AND_RIGHTS_REPLACEMENT_REQUIRED"",""DATABASE_TIER_NOT_IN_ORIGINAL_752_UNIT_AUDIT""]","Database/encyclopedia art tier for m358_youkomon; regular; 8 files per entity (db Main/Sub x NANR, graphics, NCER, NCLR). A separate tier from the gameplay sprite set: the palette is shared with the gameplay tier, but graphics, cells and animations are distinct and roughly a fifth of the size. Its animation contract is also its own — see art:character-animation:db-main-slot-* and db-sub-slot-*."
art:character:m358-youkomon:rom-reference,CHARACTER,CHARACTER_ENTITY_REFERENCE,m358_youkomon,YDIJ decoded character runtime manifest,R:\NEXUS LINK\原作\CLAUDE_CODE_YDIJ_HANDOFF\02_CHARACTER_ART_STRUCTURE\digimon_runtime_manifest.json,DECODED_REFERENCE,RAW_ENTITY_M358_YOUKOMON,NDS_2D,PIXIJS_2D,NEEDS_REBUILD,ORIGINAL_REPLACEMENT_REQUIRED,VERIFIED_CROSSCHECK,ROM_COPYRIGHTED_REFERENCE,true,,,,,,,,,REBUILD,,[],"[""NEXUS_IDENTITY_AND_RIGHTS_REPLACEMENT_REQUIRED""]","digimon; 8 gameplay files per entity contract (Main/Sub x NANR, graphics, NCER, NCLR). Rendered sheets are research-only; do not copy identity pixels into shipping art."
art:character:m359-rynxmon:db-reference,CHARACTER,CHARACTER_DB_ENTITY_REFERENCE,db_digimon/m359_rynxmon,YDIJ ROM art census,docs/art/ROM_ART_CENSUS.json,ROM_BINARY,RAW_DB_ENTITY_M359_RYNXMON,NDS_2D,PIXIJS_2D,NEEDS_REBUILD,ORIGINAL_REPLACEMENT_REQUIRED,VERIFIED_BINARY,ROM_COPYRIGHTED_REFERENCE,true,,,,,,,,,REBUILD,,[],"[""NEXUS_IDENTITY_AND_RIGHTS_REPLACEMENT_REQUIRED"",""DATABASE_TIER_NOT_IN_ORIGINAL_752_UNIT_AUDIT""]","Database/encyclopedia art tier for m359_rynxmon; regular; 8 files per entity (db Main/Sub x NANR, graphics, NCER, NCLR). A separate tier from the gameplay sprite set: the palette is shared with the gameplay tier, but graphics, cells and animations are distinct and roughly a fifth of the size. Its animation contract is also its own — see art:character-animation:db-main-slot-* and db-sub-slot-*."
art:character:m359-rynxmon:rom-reference,CHARACTER,CHARACTER_ENTITY_REFERENCE,m359_rynxmon,YDIJ decoded character runtime manifest,R:\NEXUS LINK\原作\CLAUDE_CODE_YDIJ_HANDOFF\02_CHARACTER_ART_STRUCTURE\digimon_runtime_manifest.json,DECODED_REFERENCE,RAW_ENTITY_M359_RYNXMON,NDS_2D,PIXIJS_2D,NEEDS_REBUILD,ORIGINAL_REPLACEMENT_REQUIRED,VERIFIED_CROSSCHECK,ROM_COPYRIGHTED_REFERENCE,true,,,,,,,,,REBUILD,,[],"[""NEXUS_IDENTITY_AND_RIGHTS_REPLACEMENT_REQUIRED""]","digimon; 8 gameplay files per entity contract (Main/Sub x NANR, graphics, NCER, NCLR). Rendered sheets are research-only; do not copy identity pixels into shipping art."
art:character:m362-raremon:db-reference,CHARACTER,CHARACTER_DB_ENTITY_REFERENCE,db_digimon/m362_raremon,YDIJ ROM art census,docs/art/ROM_ART_CENSUS.json,ROM_BINARY,RAW_DB_ENTITY_M362_RAREMON,NDS_2D,PIXIJS_2D,NEEDS_REBUILD,ORIGINAL_REPLACEMENT_REQUIRED,VERIFIED_BINARY,ROM_COPYRIGHTED_REFERENCE,true,,,,,,,,,REBUILD,,[],"[""NEXUS_IDENTITY_AND_RIGHTS_REPLACEMENT_REQUIRED"",""DATABASE_TIER_NOT_IN_ORIGINAL_752_UNIT_AUDIT""]","Database/encyclopedia art tier for m362_raremon; regular; 8 files per entity (db Main/Sub x NANR, graphics, NCER, NCLR). A separate tier from the gameplay sprite set: the palette is shared with the gameplay tier, but graphics, cells and animations are distinct and roughly a fifth of the size. Its animation contract is also its own — see art:character-animation:db-main-slot-* and db-sub-slot-*."
art:character:m362-raremon:rom-reference,CHARACTER,CHARACTER_ENTITY_REFERENCE,m362_raremon,YDIJ decoded character runtime manifest,R:\NEXUS LINK\原作\CLAUDE_CODE_YDIJ_HANDOFF\02_CHARACTER_ART_STRUCTURE\digimon_runtime_manifest.json,DECODED_REFERENCE,RAW_ENTITY_M362_RAREMON,NDS_2D,PIXIJS_2D,NEEDS_REBUILD,ORIGINAL_REPLACEMENT_REQUIRED,VERIFIED_CROSSCHECK,ROM_COPYRIGHTED_REFERENCE,true,,,,,,,,,REBUILD,,[],"[""NEXUS_IDENTITY_AND_RIGHTS_REPLACEMENT_REQUIRED""]","digimon; 8 gameplay files per entity contract (Main/Sub x NANR, graphics, NCER, NCLR). Rendered sheets are research-only; do not copy identity pixels into shipping art."
art:character:m363-leomon:db-reference,CHARACTER,CHARACTER_DB_ENTITY_REFERENCE,db_digimon/m363_leomon,YDIJ ROM art census,docs/art/ROM_ART_CENSUS.json,ROM_BINARY,RAW_DB_ENTITY_M363_LEOMON,NDS_2D,PIXIJS_2D,NEEDS_REBUILD,ORIGINAL_REPLACEMENT_REQUIRED,VERIFIED_BINARY,ROM_COPYRIGHTED_REFERENCE,true,,,,,,,,,REBUILD,,[],"[""NEXUS_IDENTITY_AND_RIGHTS_REPLACEMENT_REQUIRED"",""DATABASE_TIER_NOT_IN_ORIGINAL_752_UNIT_AUDIT""]","Database/encyclopedia art tier for m363_leomon; regular; 8 files per entity (db Main/Sub x NANR, graphics, NCER, NCLR). A separate tier from the gameplay sprite set: the palette is shared with the gameplay tier, but graphics, cells and animations are distinct and roughly a fifth of the size. Its animation contract is also its own — see art:character-animation:db-main-slot-* and db-sub-slot-*."
art:character:m363-leomon:rom-reference,CHARACTER,CHARACTER_ENTITY_REFERENCE,m363_leomon,YDIJ decoded character runtime manifest,R:\NEXUS LINK\原作\CLAUDE_CODE_YDIJ_HANDOFF\02_CHARACTER_ART_STRUCTURE\digimon_runtime_manifest.json,DECODED_REFERENCE,RAW_ENTITY_M363_LEOMON,NDS_2D,PIXIJS_2D,NEEDS_REBUILD,ORIGINAL_REPLACEMENT_REQUIRED,VERIFIED_CROSSCHECK,ROM_COPYRIGHTED_REFERENCE,true,,,,,,,,,REBUILD,,[],"[""NEXUS_IDENTITY_AND_RIGHTS_REPLACEMENT_REQUIRED""]","digimon; 8 gameplay files per entity contract (Main/Sub x NANR, graphics, NCER, NCLR). Rendered sheets are research-only; do not copy identity pixels into shipping art."
art:character:m364-redvagimon:db-reference,CHARACTER,CHARACTER_DB_ENTITY_REFERENCE,db_digimon/m364_redvagimon,YDIJ ROM art census,docs/art/ROM_ART_CENSUS.json,ROM_BINARY,RAW_DB_ENTITY_M364_REDVAGIMON,NDS_2D,PIXIJS_2D,NEEDS_REBUILD,ORIGINAL_REPLACEMENT_REQUIRED,VERIFIED_BINARY,ROM_COPYRIGHTED_REFERENCE,true,,,,,,,,,REBUILD,,[],"[""NEXUS_IDENTITY_AND_RIGHTS_REPLACEMENT_REQUIRED"",""DATABASE_TIER_NOT_IN_ORIGINAL_752_UNIT_AUDIT""]","Database/encyclopedia art tier for m364_redvagimon; regular; 8 files per entity (db Main/Sub x NANR, graphics, NCER, NCLR). A separate tier from the gameplay sprite set: the palette is shared with the gameplay tier, but graphics, cells and animations are distinct and roughly a fifth of the size. Its animation contract is also its own — see art:character-animation:db-main-slot-* and db-sub-slot-*."
art:character:m364-redvagimon:rom-reference,CHARACTER,CHARACTER_ENTITY_REFERENCE,m364_redvagimon,YDIJ decoded character runtime manifest,R:\NEXUS LINK\原作\CLAUDE_CODE_YDIJ_HANDOFF\02_CHARACTER_ART_STRUCTURE\digimon_runtime_manifest.json,DECODED_REFERENCE,RAW_ENTITY_M364_REDVAGIMON,NDS_2D,PIXIJS_2D,NEEDS_REBUILD,ORIGINAL_REPLACEMENT_REQUIRED,VERIFIED_CROSSCHECK,ROM_COPYRIGHTED_REFERENCE,true,,,,,,,,,REBUILD,,[],"[""NEXUS_IDENTITY_AND_RIGHTS_REPLACEMENT_REQUIRED""]","digimon; 8 gameplay files per entity contract (Main/Sub x NANR, graphics, NCER, NCLR). Rendered sheets are research-only; do not copy identity pixels into shipping art."
art:character:m366-coredramon-ten:db-reference,CHARACTER,CHARACTER_DB_ENTITY_REFERENCE,db_digimon/m366_coredramon_ten,YDIJ ROM art census,docs/art/ROM_ART_CENSUS.json,ROM_BINARY,RAW_DB_ENTITY_M366_COREDRAMON_TEN,NDS_2D,PIXIJS_2D,NEEDS_REBUILD,ORIGINAL_REPLACEMENT_REQUIRED,VERIFIED_BINARY,ROM_COPYRIGHTED_REFERENCE,true,,,,,,,,,REBUILD,,[],"[""NEXUS_IDENTITY_AND_RIGHTS_REPLACEMENT_REQUIRED"",""DATABASE_TIER_NOT_IN_ORIGINAL_752_UNIT_AUDIT""]","Database/encyclopedia art tier for m366_coredramon_ten; regular; 8 files per entity (db Main/Sub x NANR, graphics, NCER, NCLR). A separate tier from the gameplay sprite set: the palette is shared with the gameplay tier, but graphics, cells and animations are distinct and roughly a fifth of the size. Its animation contract is also its own — see art:character-animation:db-main-slot-* and db-sub-slot-*."
art:character:m366-coredramon-ten:rom-reference,CHARACTER,CHARACTER_ENTITY_REFERENCE,m366_coredramon_ten,YDIJ decoded character runtime manifest,R:\NEXUS LINK\原作\CLAUDE_CODE_YDIJ_HANDOFF\02_CHARACTER_ART_STRUCTURE\digimon_runtime_manifest.json,DECODED_REFERENCE,RAW_ENTITY_M366_COREDRAMON_TEN,NDS_2D,PIXIJS_2D,NEEDS_REBUILD,ORIGINAL_REPLACEMENT_REQUIRED,VERIFIED_CROSSCHECK,ROM_COPYRIGHTED_REFERENCE,true,,,,,,,,,REBUILD,,[],"[""NEXUS_IDENTITY_AND_RIGHTS_REPLACEMENT_REQUIRED""]","digimon; 8 gameplay files per entity contract (Main/Sub x NANR, graphics, NCER, NCLR). Rendered sheets are research-only; do not copy identity pixels into shipping art."
art:character:m367-coredramon-ti:db-reference,CHARACTER,CHARACTER_DB_ENTITY_REFERENCE,db_digimon/m367_coredramon_ti,YDIJ ROM art census,docs/art/ROM_ART_CENSUS.json,ROM_BINARY,RAW_DB_ENTITY_M367_COREDRAMON_TI,NDS_2D,PIXIJS_2D,NEEDS_REBUILD,ORIGINAL_REPLACEMENT_REQUIRED,VERIFIED_BINARY,ROM_COPYRIGHTED_REFERENCE,true,,,,,,,,,REBUILD,,[],"[""NEXUS_IDENTITY_AND_RIGHTS_REPLACEMENT_REQUIRED"",""DATABASE_TIER_NOT_IN_ORIGINAL_752_UNIT_AUDIT""]","Database/encyclopedia art tier for m367_coredramon_ti; regular; 8 files per entity (db Main/Sub x NANR, graphics, NCER, NCLR). A separate tier from the gameplay sprite set: the palette is shared with the gameplay tier, but graphics, cells and animations are distinct and roughly a fifth of the size. Its animation contract is also its own — see art:character-animation:db-main-slot-* and db-sub-slot-*."
art:character:m367-coredramon-ti:rom-reference,CHARACTER,CHARACTER_ENTITY_REFERENCE,m367_coredramon_ti,YDIJ decoded character runtime manifest,R:\NEXUS LINK\原作\CLAUDE_CODE_YDIJ_HANDOFF\02_CHARACTER_ART_STRUCTURE\digimon_runtime_manifest.json,DECODED_REFERENCE,RAW_ENTITY_M367_COREDRAMON_TI,NDS_2D,PIXIJS_2D,NEEDS_REBUILD,ORIGINAL_REPLACEMENT_REQUIRED,VERIFIED_CROSSCHECK,ROM_COPYRIGHTED_REFERENCE,true,,,,,,,,,REBUILD,,[],"[""NEXUS_IDENTITY_AND_RIGHTS_REPLACEMENT_REQUIRED""]","digimon; 8 gameplay files per entity contract (Main/Sub x NANR, graphics, NCER, NCLR). Rendered sheets are research-only; do not copy identity pixels into shipping art."
art:character:m368-firamon:db-reference,CHARACTER,CHARACTER_DB_ENTITY_REFERENCE,db_digimon/m368_firamon,YDIJ ROM art census,docs/art/ROM_ART_CENSUS.json,ROM_BINARY,RAW_DB_ENTITY_M368_FIRAMON,NDS_2D,PIXIJS_2D,NEEDS_REBUILD,ORIGINAL_REPLACEMENT_REQUIRED,VERIFIED_BINARY,ROM_COPYRIGHTED_REFERENCE,true,,,,,,,,,REBUILD,,[],"[""NEXUS_IDENTITY_AND_RIGHTS_REPLACEMENT_REQUIRED"",""DATABASE_TIER_NOT_IN_ORIGINAL_752_UNIT_AUDIT""]","Database/encyclopedia art tier for m368_firamon; regular; 8 files per entity (db Main/Sub x NANR, graphics, NCER, NCLR). A separate tier from the gameplay sprite set: the palette is shared with the gameplay tier, but graphics, cells and animations are distinct and roughly a fifth of the size. Its animation contract is also its own — see art:character-animation:db-main-slot-* and db-sub-slot-*."
art:character:m368-firamon:rom-reference,CHARACTER,CHARACTER_ENTITY_REFERENCE,m368_firamon,YDIJ decoded character runtime manifest,R:\NEXUS LINK\原作\CLAUDE_CODE_YDIJ_HANDOFF\02_CHARACTER_ART_STRUCTURE\digimon_runtime_manifest.json,DECODED_REFERENCE,RAW_ENTITY_M368_FIRAMON,NDS_2D,PIXIJS_2D,NEEDS_REBUILD,ORIGINAL_REPLACEMENT_REQUIRED,VERIFIED_CROSSCHECK,ROM_COPYRIGHTED_REFERENCE,true,,,,,,,,,REBUILD,,[],"[""NEXUS_IDENTITY_AND_RIGHTS_REPLACEMENT_REQUIRED""]","digimon; 8 gameplay files per entity contract (Main/Sub x NANR, graphics, NCER, NCLR). Rendered sheets are research-only; do not copy identity pixels into shipping art."
art:character:m369-lekismon:db-reference,CHARACTER,CHARACTER_DB_ENTITY_REFERENCE,db_digimon/m369_lekismon,YDIJ ROM art census,docs/art/ROM_ART_CENSUS.json,ROM_BINARY,RAW_DB_ENTITY_M369_LEKISMON,NDS_2D,PIXIJS_2D,NEEDS_REBUILD,ORIGINAL_REPLACEMENT_REQUIRED,VERIFIED_BINARY,ROM_COPYRIGHTED_REFERENCE,true,,,,,,,,,REBUILD,,[],"[""NEXUS_IDENTITY_AND_RIGHTS_REPLACEMENT_REQUIRED"",""DATABASE_TIER_NOT_IN_ORIGINAL_752_UNIT_AUDIT""]","Database/encyclopedia art tier for m369_lekismon; regular; 8 files per entity (db Main/Sub x NANR, graphics, NCER, NCLR). A separate tier from the gameplay sprite set: the palette is shared with the gameplay tier, but graphics, cells and animations are distinct and roughly a fifth of the size. Its animation contract is also its own — see art:character-animation:db-main-slot-* and db-sub-slot-*."
art:character:m369-lekismon:rom-reference,CHARACTER,CHARACTER_ENTITY_REFERENCE,m369_lekismon,YDIJ decoded character runtime manifest,R:\NEXUS LINK\原作\CLAUDE_CODE_YDIJ_HANDOFF\02_CHARACTER_ART_STRUCTURE\digimon_runtime_manifest.json,DECODED_REFERENCE,RAW_ENTITY_M369_LEKISMON,NDS_2D,PIXIJS_2D,NEEDS_REBUILD,ORIGINAL_REPLACEMENT_REQUIRED,VERIFIED_CROSSCHECK,ROM_COPYRIGHTED_REFERENCE,true,,,,,,,,,REBUILD,,[],"[""NEXUS_IDENTITY_AND_RIGHTS_REPLACEMENT_REQUIRED""]","digimon; 8 gameplay files per entity contract (Main/Sub x NANR, graphics, NCER, NCLR). Rendered sheets are research-only; do not copy identity pixels into shipping art."
art:character:m370-icedevimon:db-reference,CHARACTER,CHARACTER_DB_ENTITY_REFERENCE,db_digimon/m370_icedevimon,YDIJ ROM art census,docs/art/ROM_ART_CENSUS.json,ROM_BINARY,RAW_DB_ENTITY_M370_ICEDEVIMON,NDS_2D,PIXIJS_2D,NEEDS_REBUILD,ORIGINAL_REPLACEMENT_REQUIRED,VERIFIED_BINARY,ROM_COPYRIGHTED_REFERENCE,true,,,,,,,,,REBUILD,,[],"[""NEXUS_IDENTITY_AND_RIGHTS_REPLACEMENT_REQUIRED"",""DATABASE_TIER_NOT_IN_ORIGINAL_752_UNIT_AUDIT""]","Database/encyclopedia art tier for m370_icedevimon; regular; 8 files per entity (db Main/Sub x NANR, graphics, NCER, NCLR). A separate tier from the gameplay sprite set: the palette is shared with the gameplay tier, but graphics, cells and animations are distinct and roughly a fifth of the size. Its animation contract is also its own — see art:character-animation:db-main-slot-* and db-sub-slot-*."
art:character:m370-icedevimon:rom-reference,CHARACTER,CHARACTER_ENTITY_REFERENCE,m370_icedevimon,YDIJ decoded character runtime manifest,R:\NEXUS LINK\原作\CLAUDE_CODE_YDIJ_HANDOFF\02_CHARACTER_ART_STRUCTURE\digimon_runtime_manifest.json,DECODED_REFERENCE,RAW_ENTITY_M370_ICEDEVIMON,NDS_2D,PIXIJS_2D,NEEDS_REBUILD,ORIGINAL_REPLACEMENT_REQUIRED,VERIFIED_CROSSCHECK,ROM_COPYRIGHTED_REFERENCE,true,,,,,,,,,REBUILD,,[],"[""NEXUS_IDENTITY_AND_RIGHTS_REPLACEMENT_REQUIRED""]","digimon; 8 gameplay files per entity contract (Main/Sub x NANR, graphics, NCER, NCLR). Rendered sheets are research-only; do not copy identity pixels into shipping art."
art:character:m371-grurumon:db-reference,CHARACTER,CHARACTER_DB_ENTITY_REFERENCE,db_digimon/m371_grurumon,YDIJ ROM art census,docs/art/ROM_ART_CENSUS.json,ROM_BINARY,RAW_DB_ENTITY_M371_GRURUMON,NDS_2D,PIXIJS_2D,NEEDS_REBUILD,ORIGINAL_REPLACEMENT_REQUIRED,VERIFIED_BINARY,ROM_COPYRIGHTED_REFERENCE,true,,,,,,,,,REBUILD,,[],"[""NEXUS_IDENTITY_AND_RIGHTS_REPLACEMENT_REQUIRED"",""DATABASE_TIER_NOT_IN_ORIGINAL_752_UNIT_AUDIT""]","Database/encyclopedia art tier for m371_grurumon; regular; 8 files per entity (db Main/Sub x NANR, graphics, NCER, NCLR). A separate tier from the gameplay sprite set: the palette is shared with the gameplay tier, but graphics, cells and animations are distinct and roughly a fifth of the size. Its animation contract is also its own — see art:character-animation:db-main-slot-* and db-sub-slot-*."
art:character:m371-grurumon:rom-reference,CHARACTER,CHARACTER_ENTITY_REFERENCE,m371_grurumon,YDIJ decoded character runtime manifest,R:\NEXUS LINK\原作\CLAUDE_CODE_YDIJ_HANDOFF\02_CHARACTER_ART_STRUCTURE\digimon_runtime_manifest.json,DECODED_REFERENCE,RAW_ENTITY_M371_GRURUMON,NDS_2D,PIXIJS_2D,NEEDS_REBUILD,ORIGINAL_REPLACEMENT_REQUIRED,VERIFIED_CROSSCHECK,ROM_COPYRIGHTED_REFERENCE,true,,,,,,,,,REBUILD,,[],"[""NEXUS_IDENTITY_AND_RIGHTS_REPLACEMENT_REQUIRED""]","digimon; 8 gameplay files per entity contract (Main/Sub x NANR, graphics, NCER, NCLR). Rendered sheets are research-only; do not copy identity pixels into shipping art."
art:character:m372-geremon:db-reference,CHARACTER,CHARACTER_DB_ENTITY_REFERENCE,db_digimon/m372_geremon,YDIJ ROM art census,docs/art/ROM_ART_CENSUS.json,ROM_BINARY,RAW_DB_ENTITY_M372_GEREMON,NDS_2D,PIXIJS_2D,NEEDS_REBUILD,ORIGINAL_REPLACEMENT_REQUIRED,VERIFIED_BINARY,ROM_COPYRIGHTED_REFERENCE,true,,,,,,,,,REBUILD,,[],"[""NEXUS_IDENTITY_AND_RIGHTS_REPLACEMENT_REQUIRED"",""DATABASE_TIER_NOT_IN_ORIGINAL_752_UNIT_AUDIT""]","Database/encyclopedia art tier for m372_geremon; regular; 8 files per entity (db Main/Sub x NANR, graphics, NCER, NCLR). A separate tier from the gameplay sprite set: the palette is shared with the gameplay tier, but graphics, cells and animations are distinct and roughly a fifth of the size. Its animation contract is also its own — see art:character-animation:db-main-slot-* and db-sub-slot-*."
art:character:m372-geremon:rom-reference,CHARACTER,CHARACTER_ENTITY_REFERENCE,m372_geremon,YDIJ decoded character runtime manifest,R:\NEXUS LINK\原作\CLAUDE_CODE_YDIJ_HANDOFF\02_CHARACTER_ART_STRUCTURE\digimon_runtime_manifest.json,DECODED_REFERENCE,RAW_ENTITY_M372_GEREMON,NDS_2D,PIXIJS_2D,NEEDS_REBUILD,ORIGINAL_REPLACEMENT_REQUIRED,VERIFIED_CROSSCHECK,ROM_COPYRIGHTED_REFERENCE,true,,,,,,,,,REBUILD,,[],"[""NEXUS_IDENTITY_AND_RIGHTS_REPLACEMENT_REQUIRED""]","digimon; 8 gameplay files per entity contract (Main/Sub x NANR, graphics, NCER, NCLR). Rendered sheets are research-only; do not copy identity pixels into shipping art."
art:character:m373-bluemeramon:db-reference,CHARACTER,CHARACTER_DB_ENTITY_REFERENCE,db_digimon/m373_bluemeramon,YDIJ ROM art census,docs/art/ROM_ART_CENSUS.json,ROM_BINARY,RAW_DB_ENTITY_M373_BLUEMERAMON,NDS_2D,PIXIJS_2D,NEEDS_REBUILD,ORIGINAL_REPLACEMENT_REQUIRED,VERIFIED_BINARY,ROM_COPYRIGHTED_REFERENCE,true,,,,,,,,,REBUILD,,[],"[""NEXUS_IDENTITY_AND_RIGHTS_REPLACEMENT_REQUIRED"",""DATABASE_TIER_NOT_IN_ORIGINAL_752_UNIT_AUDIT""]","Database/encyclopedia art tier for m373_bluemeramon; regular; 8 files per entity (db Main/Sub x NANR, graphics, NCER, NCLR). A separate tier from the gameplay sprite set: the palette is shared with the gameplay tier, but graphics, cells and animations are distinct and roughly a fifth of the size. Its animation contract is also its own — see art:character-animation:db-main-slot-* and db-sub-slot-*."
art:character:m373-bluemeramon:rom-reference,CHARACTER,CHARACTER_ENTITY_REFERENCE,m373_bluemeramon,YDIJ decoded character runtime manifest,R:\NEXUS LINK\原作\CLAUDE_CODE_YDIJ_HANDOFF\02_CHARACTER_ART_STRUCTURE\digimon_runtime_manifest.json,DECODED_REFERENCE,RAW_ENTITY_M373_BLUEMERAMON,NDS_2D,PIXIJS_2D,NEEDS_REBUILD,ORIGINAL_REPLACEMENT_REQUIRED,VERIFIED_CROSSCHECK,ROM_COPYRIGHTED_REFERENCE,true,,,,,,,,,REBUILD,,[],"[""NEXUS_IDENTITY_AND_RIGHTS_REPLACEMENT_REQUIRED""]","digimon; 8 gameplay files per entity contract (Main/Sub x NANR, graphics, NCER, NCLR). Rendered sheets are research-only; do not copy identity pixels into shipping art."
art:character:m374-sorcerimon:db-reference,CHARACTER,CHARACTER_DB_ENTITY_REFERENCE,db_digimon/m374_sorcerimon,YDIJ ROM art census,docs/art/ROM_ART_CENSUS.json,ROM_BINARY,RAW_DB_ENTITY_M374_SORCERIMON,NDS_2D,PIXIJS_2D,NEEDS_REBUILD,ORIGINAL_REPLACEMENT_REQUIRED,VERIFIED_BINARY,ROM_COPYRIGHTED_REFERENCE,true,,,,,,,,,REBUILD,,[],"[""NEXUS_IDENTITY_AND_RIGHTS_REPLACEMENT_REQUIRED"",""DATABASE_TIER_NOT_IN_ORIGINAL_752_UNIT_AUDIT""]","Database/encyclopedia art tier for m374_sorcerimon; regular; 8 files per entity (db Main/Sub x NANR, graphics, NCER, NCLR). A separate tier from the gameplay sprite set: the palette is shared with the gameplay tier, but graphics, cells and animations are distinct and roughly a fifth of the size. Its animation contract is also its own — see art:character-animation:db-main-slot-* and db-sub-slot-*."
art:character:m374-sorcerimon:rom-reference,CHARACTER,CHARACTER_ENTITY_REFERENCE,m374_sorcerimon,YDIJ decoded character runtime manifest,R:\NEXUS LINK\原作\CLAUDE_CODE_YDIJ_HANDOFF\02_CHARACTER_ART_STRUCTURE\digimon_runtime_manifest.json,DECODED_REFERENCE,RAW_ENTITY_M374_SORCERIMON,NDS_2D,PIXIJS_2D,NEEDS_REBUILD,ORIGINAL_REPLACEMENT_REQUIRED,VERIFIED_CROSSCHECK,ROM_COPYRIGHTED_REFERENCE,true,,,,,,,,,REBUILD,,[],"[""NEXUS_IDENTITY_AND_RIGHTS_REPLACEMENT_REQUIRED""]","digimon; 8 gameplay files per entity contract (Main/Sub x NANR, graphics, NCER, NCLR). Rendered sheets are research-only; do not copy identity pixels into shipping art."
art:character:m375-akatorimon:db-reference,CHARACTER,CHARACTER_DB_ENTITY_REFERENCE,db_digimon/m375_akatorimon,YDIJ ROM art census,docs/art/ROM_ART_CENSUS.json,ROM_BINARY,RAW_DB_ENTITY_M375_AKATORIMON,NDS_2D,PIXIJS_2D,NEEDS_REBUILD,ORIGINAL_REPLACEMENT_REQUIRED,VERIFIED_BINARY,ROM_COPYRIGHTED_REFERENCE,true,,,,,,,,,REBUILD,,[],"[""NEXUS_IDENTITY_AND_RIGHTS_REPLACEMENT_REQUIRED"",""DATABASE_TIER_NOT_IN_ORIGINAL_752_UNIT_AUDIT""]","Database/encyclopedia art tier for m375_akatorimon; regular; 8 files per entity (db Main/Sub x NANR, graphics, NCER, NCLR). A separate tier from the gameplay sprite set: the palette is shared with the gameplay tier, but graphics, cells and animations are distinct and roughly a fifth of the size. Its animation contract is also its own — see art:character-animation:db-main-slot-* and db-sub-slot-*."
art:character:m375-akatorimon:rom-reference,CHARACTER,CHARACTER_ENTITY_REFERENCE,m375_akatorimon,YDIJ decoded character runtime manifest,R:\NEXUS LINK\原作\CLAUDE_CODE_YDIJ_HANDOFF\02_CHARACTER_ART_STRUCTURE\digimon_runtime_manifest.json,DECODED_REFERENCE,RAW_ENTITY_M375_AKATORIMON,NDS_2D,PIXIJS_2D,NEEDS_REBUILD,ORIGINAL_REPLACEMENT_REQUIRED,VERIFIED_CROSSCHECK,ROM_COPYRIGHTED_REFERENCE,true,,,,,,,,,REBUILD,,[],"[""NEXUS_IDENTITY_AND_RIGHTS_REPLACEMENT_REQUIRED""]","digimon; 8 gameplay files per entity contract (Main/Sub x NANR, graphics, NCER, NCLR). Rendered sheets are research-only; do not copy identity pixels into shipping art."
art:character:m376-saverdramon:db-reference,CHARACTER,CHARACTER_DB_ENTITY_REFERENCE,db_digimon/m376_saverdramon,YDIJ ROM art census,docs/art/ROM_ART_CENSUS.json,ROM_BINARY,RAW_DB_ENTITY_M376_SAVERDRAMON,NDS_2D,PIXIJS_2D,NEEDS_REBUILD,ORIGINAL_REPLACEMENT_REQUIRED,VERIFIED_BINARY,ROM_COPYRIGHTED_REFERENCE,true,,,,,,,,,REBUILD,,[],"[""NEXUS_IDENTITY_AND_RIGHTS_REPLACEMENT_REQUIRED"",""DATABASE_TIER_NOT_IN_ORIGINAL_752_UNIT_AUDIT""]","Database/encyclopedia art tier for m376_saverdramon; regular; 8 files per entity (db Main/Sub x NANR, graphics, NCER, NCLR). A separate tier from the gameplay sprite set: the palette is shared with the gameplay tier, but graphics, cells and animations are distinct and roughly a fifth of the size. Its animation contract is also its own — see art:character-animation:db-main-slot-* and db-sub-slot-*."
art:character:m376-saverdramon:rom-reference,CHARACTER,CHARACTER_ENTITY_REFERENCE,m376_saverdramon,YDIJ decoded character runtime manifest,R:\NEXUS LINK\原作\CLAUDE_CODE_YDIJ_HANDOFF\02_CHARACTER_ART_STRUCTURE\digimon_runtime_manifest.json,DECODED_REFERENCE,RAW_ENTITY_M376_SAVERDRAMON,NDS_2D,PIXIJS_2D,NEEDS_REBUILD,ORIGINAL_REPLACEMENT_REQUIRED,VERIFIED_CROSSCHECK,ROM_COPYRIGHTED_REFERENCE,true,,,,,,,,,REBUILD,,[],"[""NEXUS_IDENTITY_AND_RIGHTS_REPLACEMENT_REQUIRED""]","digimon; 8 gameplay files per entity contract (Main/Sub x NANR, graphics, NCER, NCLR). Rendered sheets are research-only; do not copy identity pixels into shipping art."
art:character:m377-icemon:db-reference,CHARACTER,CHARACTER_DB_ENTITY_REFERENCE,db_digimon/m377_icemon,YDIJ ROM art census,docs/art/ROM_ART_CENSUS.json,ROM_BINARY,RAW_DB_ENTITY_M377_ICEMON,NDS_2D,PIXIJS_2D,NEEDS_REBUILD,ORIGINAL_REPLACEMENT_REQUIRED,VERIFIED_BINARY,ROM_COPYRIGHTED_REFERENCE,true,,,,,,,,,REBUILD,,[],"[""NEXUS_IDENTITY_AND_RIGHTS_REPLACEMENT_REQUIRED"",""DATABASE_TIER_NOT_IN_ORIGINAL_752_UNIT_AUDIT""]","Database/encyclopedia art tier for m377_icemon; regular; 8 files per entity (db Main/Sub x NANR, graphics, NCER, NCLR). A separate tier from the gameplay sprite set: the palette is shared with the gameplay tier, but graphics, cells and animations are distinct and roughly a fifth of the size. Its animation contract is also its own — see art:character-animation:db-main-slot-* and db-sub-slot-*."
art:character:m377-icemon:rom-reference,CHARACTER,CHARACTER_ENTITY_REFERENCE,m377_icemon,YDIJ decoded character runtime manifest,R:\NEXUS LINK\原作\CLAUDE_CODE_YDIJ_HANDOFF\02_CHARACTER_ART_STRUCTURE\digimon_runtime_manifest.json,DECODED_REFERENCE,RAW_ENTITY_M377_ICEMON,NDS_2D,PIXIJS_2D,NEEDS_REBUILD,ORIGINAL_REPLACEMENT_REQUIRED,VERIFIED_CROSSCHECK,ROM_COPYRIGHTED_REFERENCE,true,,,,,,,,,REBUILD,,[],"[""NEXUS_IDENTITY_AND_RIGHTS_REPLACEMENT_REQUIRED""]","digimon; 8 gameplay files per entity contract (Main/Sub x NANR, graphics, NCER, NCLR). Rendered sheets are research-only; do not copy identity pixels into shipping art."
art:character:m378-vdramon:db-reference,CHARACTER,CHARACTER_DB_ENTITY_REFERENCE,db_digimon/m378_vdramon,YDIJ ROM art census,docs/art/ROM_ART_CENSUS.json,ROM_BINARY,RAW_DB_ENTITY_M378_VDRAMON,NDS_2D,PIXIJS_2D,NEEDS_REBUILD,ORIGINAL_REPLACEMENT_REQUIRED,VERIFIED_BINARY,ROM_COPYRIGHTED_REFERENCE,true,,,,,,,,,REBUILD,,[],"[""NEXUS_IDENTITY_AND_RIGHTS_REPLACEMENT_REQUIRED"",""DATABASE_TIER_NOT_IN_ORIGINAL_752_UNIT_AUDIT""]","Database/encyclopedia art tier for m378_vdramon; regular; 8 files per entity (db Main/Sub x NANR, graphics, NCER, NCLR). A separate tier from the gameplay sprite set: the palette is shared with the gameplay tier, but graphics, cells and animations are distinct and roughly a fifth of the size. Its animation contract is also its own — see art:character-animation:db-main-slot-* and db-sub-slot-*."
art:character:m378-vdramon:rom-reference,CHARACTER,CHARACTER_ENTITY_REFERENCE,m378_vdramon,YDIJ decoded character runtime manifest,R:\NEXUS LINK\原作\CLAUDE_CODE_YDIJ_HANDOFF\02_CHARACTER_ART_STRUCTURE\digimon_runtime_manifest.json,DECODED_REFERENCE,RAW_ENTITY_M378_VDRAMON,NDS_2D,PIXIJS_2D,NEEDS_REBUILD,ORIGINAL_REPLACEMENT_REQUIRED,VERIFIED_CROSSCHECK,ROM_COPYRIGHTED_REFERENCE,true,,,,,,,,,REBUILD,,[],"[""NEXUS_IDENTITY_AND_RIGHTS_REPLACEMENT_REQUIRED""]","digimon; 8 gameplay files per entity contract (Main/Sub x NANR, graphics, NCER, NCLR). Rendered sheets are research-only; do not copy identity pixels into shipping art."
art:character:m379-growmon:db-reference,CHARACTER,CHARACTER_DB_ENTITY_REFERENCE,db_digimon/m379_growmon,YDIJ ROM art census,docs/art/ROM_ART_CENSUS.json,ROM_BINARY,RAW_DB_ENTITY_M379_GROWMON,NDS_2D,PIXIJS_2D,NEEDS_REBUILD,ORIGINAL_REPLACEMENT_REQUIRED,VERIFIED_BINARY,ROM_COPYRIGHTED_REFERENCE,true,,,,,,,,,REBUILD,,[],"[""NEXUS_IDENTITY_AND_RIGHTS_REPLACEMENT_REQUIRED"",""DATABASE_TIER_NOT_IN_ORIGINAL_752_UNIT_AUDIT""]","Database/encyclopedia art tier for m379_growmon; regular; 8 files per entity (db Main/Sub x NANR, graphics, NCER, NCLR). A separate tier from the gameplay sprite set: the palette is shared with the gameplay tier, but graphics, cells and animations are distinct and roughly a fifth of the size. Its animation contract is also its own — see art:character-animation:db-main-slot-* and db-sub-slot-*."
art:character:m379-growmon:rom-reference,CHARACTER,CHARACTER_ENTITY_REFERENCE,m379_growmon,YDIJ decoded character runtime manifest,R:\NEXUS LINK\原作\CLAUDE_CODE_YDIJ_HANDOFF\02_CHARACTER_ART_STRUCTURE\digimon_runtime_manifest.json,DECODED_REFERENCE,RAW_ENTITY_M379_GROWMON,NDS_2D,PIXIJS_2D,NEEDS_REBUILD,ORIGINAL_REPLACEMENT_REQUIRED,VERIFIED_CROSSCHECK,ROM_COPYRIGHTED_REFERENCE,true,,,,,,,,,REBUILD,,[],"[""NEXUS_IDENTITY_AND_RIGHTS_REPLACEMENT_REQUIRED""]","digimon; 8 gameplay files per entity contract (Main/Sub x NANR, graphics, NCER, NCLR). Rendered sheets are research-only; do not copy identity pixels into shipping art."
art:character:m401-atlurkabuterimon:db-reference,CHARACTER,CHARACTER_DB_ENTITY_REFERENCE,db_digimon/m401_atlurkabuterimon,YDIJ ROM art census,docs/art/ROM_ART_CENSUS.json,ROM_BINARY,RAW_DB_ENTITY_M401_ATLURKABUTERIMON,NDS_2D,PIXIJS_2D,NEEDS_REBUILD,ORIGINAL_REPLACEMENT_REQUIRED,VERIFIED_BINARY,ROM_COPYRIGHTED_REFERENCE,true,,,,,,,,,REBUILD,,[],"[""NEXUS_IDENTITY_AND_RIGHTS_REPLACEMENT_REQUIRED"",""DATABASE_TIER_NOT_IN_ORIGINAL_752_UNIT_AUDIT""]","Database/encyclopedia art tier for m401_atlurkabuterimon; regular; 8 files per entity (db Main/Sub x NANR, graphics, NCER, NCLR). A separate tier from the gameplay sprite set: the palette is shared with the gameplay tier, but graphics, cells and animations are distinct and roughly a fifth of the size. Its animation contract is also its own — see art:character-animation:db-main-slot-* and db-sub-slot-*."
art:character:m401-atlurkabuterimon:rom-reference,CHARACTER,CHARACTER_ENTITY_REFERENCE,m401_atlurkabuterimon,YDIJ decoded character runtime manifest,R:\NEXUS LINK\原作\CLAUDE_CODE_YDIJ_HANDOFF\02_CHARACTER_ART_STRUCTURE\digimon_runtime_manifest.json,DECODED_REFERENCE,RAW_ENTITY_M401_ATLURKABUTERIMON,NDS_2D,PIXIJS_2D,NEEDS_REBUILD,ORIGINAL_REPLACEMENT_REQUIRED,VERIFIED_CROSSCHECK,ROM_COPYRIGHTED_REFERENCE,true,,,,,,,,,REBUILD,,[],"[""NEXUS_IDENTITY_AND_RIGHTS_REPLACEMENT_REQUIRED""]","digimon; 8 gameplay files per entity contract (Main/Sub x NANR, graphics, NCER, NCLR). Rendered sheets are research-only; do not copy identity pixels into shipping art."
art:character:m402-anomalocarimon:db-reference,CHARACTER,CHARACTER_DB_ENTITY_REFERENCE,db_digimon/m402_anomalocarimon,YDIJ ROM art census,docs/art/ROM_ART_CENSUS.json,ROM_BINARY,RAW_DB_ENTITY_M402_ANOMALOCARIMON,NDS_2D,PIXIJS_2D,NEEDS_REBUILD,ORIGINAL_REPLACEMENT_REQUIRED,VERIFIED_BINARY,ROM_COPYRIGHTED_REFERENCE,true,,,,,,,,,REBUILD,,[],"[""NEXUS_IDENTITY_AND_RIGHTS_REPLACEMENT_REQUIRED"",""DATABASE_TIER_NOT_IN_ORIGINAL_752_UNIT_AUDIT""]","Database/encyclopedia art tier for m402_anomalocarimon; regular; 8 files per entity (db Main/Sub x NANR, graphics, NCER, NCLR). A separate tier from the gameplay sprite set: the palette is shared with the gameplay tier, but graphics, cells and animations are distinct and roughly a fifth of the size. Its animation contract is also its own — see art:character-animation:db-main-slot-* and db-sub-slot-*."
art:character:m402-anomalocarimon:rom-reference,CHARACTER,CHARACTER_ENTITY_REFERENCE,m402_anomalocarimon,YDIJ decoded character runtime manifest,R:\NEXUS LINK\原作\CLAUDE_CODE_YDIJ_HANDOFF\02_CHARACTER_ART_STRUCTURE\digimon_runtime_manifest.json,DECODED_REFERENCE,RAW_ENTITY_M402_ANOMALOCARIMON,NDS_2D,PIXIJS_2D,NEEDS_REBUILD,ORIGINAL_REPLACEMENT_REQUIRED,VERIFIED_CROSSCHECK,ROM_COPYRIGHTED_REFERENCE,true,,,,,,,,,REBUILD,,[],"[""NEXUS_IDENTITY_AND_RIGHTS_REPLACEMENT_REQUIRED""]","digimon; 8 gameplay files per entity contract (Main/Sub x NANR, graphics, NCER, NCLR). Rendered sheets are research-only; do not copy identity pixels into shipping art."
art:character:m403-andromon:db-reference,CHARACTER,CHARACTER_DB_ENTITY_REFERENCE,db_digimon/m403_andromon,YDIJ ROM art census,docs/art/ROM_ART_CENSUS.json,ROM_BINARY,RAW_DB_ENTITY_M403_ANDROMON,NDS_2D,PIXIJS_2D,NEEDS_REBUILD,ORIGINAL_REPLACEMENT_REQUIRED,VERIFIED_BINARY,ROM_COPYRIGHTED_REFERENCE,true,,,,,,,,,REBUILD,,[],"[""NEXUS_IDENTITY_AND_RIGHTS_REPLACEMENT_REQUIRED"",""DATABASE_TIER_NOT_IN_ORIGINAL_752_UNIT_AUDIT""]","Database/encyclopedia art tier for m403_andromon; regular; 8 files per entity (db Main/Sub x NANR, graphics, NCER, NCLR). A separate tier from the gameplay sprite set: the palette is shared with the gameplay tier, but graphics, cells and animations are distinct and roughly a fifth of the size. Its animation contract is also its own — see art:character-animation:db-main-slot-* and db-sub-slot-*."
art:character:m403-andromon:rom-reference,CHARACTER,CHARACTER_ENTITY_REFERENCE,m403_andromon,YDIJ decoded character runtime manifest,R:\NEXUS LINK\原作\CLAUDE_CODE_YDIJ_HANDOFF\02_CHARACTER_ART_STRUCTURE\digimon_runtime_manifest.json,DECODED_REFERENCE,RAW_ENTITY_M403_ANDROMON,NDS_2D,PIXIJS_2D,NEEDS_REBUILD,ORIGINAL_REPLACEMENT_REQUIRED,VERIFIED_CROSSCHECK,ROM_COPYRIGHTED_REFERENCE,true,,,,,,,,,REBUILD,,[],"[""NEXUS_IDENTITY_AND_RIGHTS_REPLACEMENT_REQUIRED""]","digimon; 8 gameplay files per entity contract (Main/Sub x NANR, graphics, NCER, NCLR). Rendered sheets are research-only; do not copy identity pixels into shipping art."
art:character:m404-etemon:db-reference,CHARACTER,CHARACTER_DB_ENTITY_REFERENCE,db_digimon/m404_etemon,YDIJ ROM art census,docs/art/ROM_ART_CENSUS.json,ROM_BINARY,RAW_DB_ENTITY_M404_ETEMON,NDS_2D,PIXIJS_2D,NEEDS_REBUILD,ORIGINAL_REPLACEMENT_REQUIRED,VERIFIED_BINARY,ROM_COPYRIGHTED_REFERENCE,true,,,,,,,,,REBUILD,,[],"[""NEXUS_IDENTITY_AND_RIGHTS_REPLACEMENT_REQUIRED"",""DATABASE_TIER_NOT_IN_ORIGINAL_752_UNIT_AUDIT""]","Database/encyclopedia art tier for m404_etemon; regular; 8 files per entity (db Main/Sub x NANR, graphics, NCER, NCLR). A separate tier from the gameplay sprite set: the palette is shared with the gameplay tier, but graphics, cells and animations are distinct and roughly a fifth of the size. Its animation contract is also its own — see art:character-animation:db-main-slot-* and db-sub-slot-*."
art:character:m404-etemon:rom-reference,CHARACTER,CHARACTER_ENTITY_REFERENCE,m404_etemon,YDIJ decoded character runtime manifest,R:\NEXUS LINK\原作\CLAUDE_CODE_YDIJ_HANDOFF\02_CHARACTER_ART_STRUCTURE\digimon_runtime_manifest.json,DECODED_REFERENCE,RAW_ENTITY_M404_ETEMON,NDS_2D,PIXIJS_2D,NEEDS_REBUILD,ORIGINAL_REPLACEMENT_REQUIRED,VERIFIED_CROSSCHECK,ROM_COPYRIGHTED_REFERENCE,true,,,,,,,,,REBUILD,,[],"[""NEXUS_IDENTITY_AND_RIGHTS_REPLACEMENT_REQUIRED""]","digimon; 8 gameplay files per entity contract (Main/Sub x NANR, graphics, NCER, NCLR). Rendered sheets are research-only; do not copy identity pixels into shipping art."
art:character:m405-angewomon:db-reference,CHARACTER,CHARACTER_DB_ENTITY_REFERENCE,db_digimon/m405_angewomon,YDIJ ROM art census,docs/art/ROM_ART_CENSUS.json,ROM_BINARY,RAW_DB_ENTITY_M405_ANGEWOMON,NDS_2D,PIXIJS_2D,NEEDS_REBUILD,ORIGINAL_REPLACEMENT_REQUIRED,VERIFIED_BINARY,ROM_COPYRIGHTED_REFERENCE,true,,,,,,,,,REBUILD,,[],"[""NEXUS_IDENTITY_AND_RIGHTS_REPLACEMENT_REQUIRED"",""DATABASE_TIER_NOT_IN_ORIGINAL_752_UNIT_AUDIT""]","Database/encyclopedia art tier for m405_angewomon; regular; 8 files per entity (db Main/Sub x NANR, graphics, NCER, NCLR). A separate tier from the gameplay sprite set: the palette is shared with the gameplay tier, but graphics, cells and animations are distinct and roughly a fifth of the size. Its animation contract is also its own — see art:character-animation:db-main-slot-* and db-sub-slot-*."
art:character:m405-angewomon:rom-reference,CHARACTER,CHARACTER_ENTITY_REFERENCE,m405_angewomon,YDIJ decoded character runtime manifest,R:\NEXUS LINK\原作\CLAUDE_CODE_YDIJ_HANDOFF\02_CHARACTER_ART_STRUCTURE\digimon_runtime_manifest.json,DECODED_REFERENCE,RAW_ENTITY_M405_ANGEWOMON,NDS_2D,PIXIJS_2D,NEEDS_REBUILD,ORIGINAL_REPLACEMENT_REQUIRED,VERIFIED_CROSSCHECK,ROM_COPYRIGHTED_REFERENCE,true,,,,,,,,,REBUILD,,[],"[""NEXUS_IDENTITY_AND_RIGHTS_REPLACEMENT_REQUIRED""]","digimon; 8 gameplay files per entity contract (Main/Sub x NANR, graphics, NCER, NCLR). Rendered sheets are research-only; do not copy identity pixels into shipping art."
art:character:m406-oukuwamon:db-reference,CHARACTER,CHARACTER_DB_ENTITY_REFERENCE,db_digimon/m406_oukuwamon,YDIJ ROM art census,docs/art/ROM_ART_CENSUS.json,ROM_BINARY,RAW_DB_ENTITY_M406_OUKUWAMON,NDS_2D,PIXIJS_2D,NEEDS_REBUILD,ORIGINAL_REPLACEMENT_REQUIRED,VERIFIED_BINARY,ROM_COPYRIGHTED_REFERENCE,true,,,,,,,,,REBUILD,,[],"[""NEXUS_IDENTITY_AND_RIGHTS_REPLACEMENT_REQUIRED"",""DATABASE_TIER_NOT_IN_ORIGINAL_752_UNIT_AUDIT""]","Database/encyclopedia art tier for m406_oukuwamon; regular; 8 files per entity (db Main/Sub x NANR, graphics, NCER, NCLR). A separate tier from the gameplay sprite set: the palette is shared with the gameplay tier, but graphics, cells and animations are distinct and roughly a fifth of the size. Its animation contract is also its own — see art:character-animation:db-main-slot-* and db-sub-slot-*."
art:character:m406-oukuwamon:rom-reference,CHARACTER,CHARACTER_ENTITY_REFERENCE,m406_oukuwamon,YDIJ decoded character runtime manifest,R:\NEXUS LINK\原作\CLAUDE_CODE_YDIJ_HANDOFF\02_CHARACTER_ART_STRUCTURE\digimon_runtime_manifest.json,DECODED_REFERENCE,RAW_ENTITY_M406_OUKUWAMON,NDS_2D,PIXIJS_2D,NEEDS_REBUILD,ORIGINAL_REPLACEMENT_REQUIRED,VERIFIED_CROSSCHECK,ROM_COPYRIGHTED_REFERENCE,true,,,,,,,,,REBUILD,,[],"[""NEXUS_IDENTITY_AND_RIGHTS_REPLACEMENT_REQUIRED""]","digimon; 8 gameplay files per entity contract (Main/Sub x NANR, graphics, NCER, NCLR). Rendered sheets are research-only; do not copy identity pixels into shipping art."
art:character:m407-gurudamon:db-reference,CHARACTER,CHARACTER_DB_ENTITY_REFERENCE,db_digimon/m407_gurudamon,YDIJ ROM art census,docs/art/ROM_ART_CENSUS.json,ROM_BINARY,RAW_DB_ENTITY_M407_GURUDAMON,NDS_2D,PIXIJS_2D,NEEDS_REBUILD,ORIGINAL_REPLACEMENT_REQUIRED,VERIFIED_BINARY,ROM_COPYRIGHTED_REFERENCE,true,,,,,,,,,REBUILD,,[],"[""NEXUS_IDENTITY_AND_RIGHTS_REPLACEMENT_REQUIRED"",""DATABASE_TIER_NOT_IN_ORIGINAL_752_UNIT_AUDIT""]","Database/encyclopedia art tier for m407_gurudamon; regular; 8 files per entity (db Main/Sub x NANR, graphics, NCER, NCLR). A separate tier from the gameplay sprite set: the palette is shared with the gameplay tier, but graphics, cells and animations are distinct and roughly a fifth of the size. Its animation contract is also its own — see art:character-animation:db-main-slot-* and db-sub-slot-*."
art:character:m407-gurudamon:rom-reference,CHARACTER,CHARACTER_ENTITY_REFERENCE,m407_gurudamon,YDIJ decoded character runtime manifest,R:\NEXUS LINK\原作\CLAUDE_CODE_YDIJ_HANDOFF\02_CHARACTER_ART_STRUCTURE\digimon_runtime_manifest.json,DECODED_REFERENCE,RAW_ENTITY_M407_GURUDAMON,NDS_2D,PIXIJS_2D,NEEDS_REBUILD,ORIGINAL_REPLACEMENT_REQUIRED,VERIFIED_CROSSCHECK,ROM_COPYRIGHTED_REFERENCE,true,,,,,,,,,REBUILD,,[],"[""NEXUS_IDENTITY_AND_RIGHTS_REPLACEMENT_REQUIRED""]","digimon; 8 gameplay files per entity contract (Main/Sub x NANR, graphics, NCER, NCLR). Rendered sheets are research-only; do not copy identity pixels into shipping art."
art:character:m408-gerbemon:db-reference,CHARACTER,CHARACTER_DB_ENTITY_REFERENCE,db_digimon/m408_gerbemon,YDIJ ROM art census,docs/art/ROM_ART_CENSUS.json,ROM_BINARY,RAW_DB_ENTITY_M408_GERBEMON,NDS_2D,PIXIJS_2D,NEEDS_REBUILD,ORIGINAL_REPLACEMENT_REQUIRED,VERIFIED_BINARY,ROM_COPYRIGHTED_REFERENCE,true,,,,,,,,,REBUILD,,[],"[""NEXUS_IDENTITY_AND_RIGHTS_REPLACEMENT_REQUIRED"",""DATABASE_TIER_NOT_IN_ORIGINAL_752_UNIT_AUDIT""]","Database/encyclopedia art tier for m408_gerbemon; regular; 8 files per entity (db Main/Sub x NANR, graphics, NCER, NCLR). A separate tier from the gameplay sprite set: the palette is shared with the gameplay tier, but graphics, cells and animations are distinct and roughly a fifth of the size. Its animation contract is also its own — see art:character-animation:db-main-slot-* and db-sub-slot-*."
art:character:m408-gerbemon:rom-reference,CHARACTER,CHARACTER_ENTITY_REFERENCE,m408_gerbemon,YDIJ decoded character runtime manifest,R:\NEXUS LINK\原作\CLAUDE_CODE_YDIJ_HANDOFF\02_CHARACTER_ART_STRUCTURE\digimon_runtime_manifest.json,DECODED_REFERENCE,RAW_ENTITY_M408_GERBEMON,NDS_2D,PIXIJS_2D,NEEDS_REBUILD,ORIGINAL_REPLACEMENT_REQUIRED,VERIFIED_CROSSCHECK,ROM_COPYRIGHTED_REFERENCE,true,,,,,,,,,REBUILD,,[],"[""NEXUS_IDENTITY_AND_RIGHTS_REPLACEMENT_REQUIRED""]","digimon; 8 gameplay files per entity contract (Main/Sub x NANR, graphics, NCER, NCLR). Rendered sheets are research-only; do not copy identity pixels into shipping art."
art:character:m410-cyberdramon:db-reference,CHARACTER,CHARACTER_DB_ENTITY_REFERENCE,db_digimon/m410_cyberdramon,YDIJ ROM art census,docs/art/ROM_ART_CENSUS.json,ROM_BINARY,RAW_DB_ENTITY_M410_CYBERDRAMON,NDS_2D,PIXIJS_2D,NEEDS_REBUILD,ORIGINAL_REPLACEMENT_REQUIRED,VERIFIED_BINARY,ROM_COPYRIGHTED_REFERENCE,true,,,,,,,,,REBUILD,,[],"[""NEXUS_IDENTITY_AND_RIGHTS_REPLACEMENT_REQUIRED"",""DATABASE_TIER_NOT_IN_ORIGINAL_752_UNIT_AUDIT""]","Database/encyclopedia art tier for m410_cyberdramon; regular; 8 files per entity (db Main/Sub x NANR, graphics, NCER, NCLR). A separate tier from the gameplay sprite set: the palette is shared with the gameplay tier, but graphics, cells and animations are distinct and roughly a fifth of the size. Its animation contract is also its own — see art:character-animation:db-main-slot-* and db-sub-slot-*."
art:character:m410-cyberdramon:rom-reference,CHARACTER,CHARACTER_ENTITY_REFERENCE,m410_cyberdramon,YDIJ decoded character runtime manifest,R:\NEXUS LINK\原作\CLAUDE_CODE_YDIJ_HANDOFF\02_CHARACTER_ART_STRUCTURE\digimon_runtime_manifest.json,DECODED_REFERENCE,RAW_ENTITY_M410_CYBERDRAMON,NDS_2D,PIXIJS_2D,NEEDS_REBUILD,ORIGINAL_REPLACEMENT_REQUIRED,VERIFIED_CROSSCHECK,ROM_COPYRIGHTED_REFERENCE,true,,,,,,,,,REBUILD,,[],"[""NEXUS_IDENTITY_AND_RIGHTS_REPLACEMENT_REQUIRED""]","digimon; 8 gameplay files per entity contract (Main/Sub x NANR, graphics, NCER, NCLR). Rendered sheets are research-only; do not copy identity pixels into shipping art."
art:character:m412-jyureimon:db-reference,CHARACTER,CHARACTER_DB_ENTITY_REFERENCE,db_digimon/m412_jyureimon,YDIJ ROM art census,docs/art/ROM_ART_CENSUS.json,ROM_BINARY,RAW_DB_ENTITY_M412_JYUREIMON,NDS_2D,PIXIJS_2D,NEEDS_REBUILD,ORIGINAL_REPLACEMENT_REQUIRED,VERIFIED_BINARY,ROM_COPYRIGHTED_REFERENCE,true,,,,,,,,,REBUILD,,[],"[""NEXUS_IDENTITY_AND_RIGHTS_REPLACEMENT_REQUIRED"",""DATABASE_TIER_NOT_IN_ORIGINAL_752_UNIT_AUDIT""]","Database/encyclopedia art tier for m412_jyureimon; regular; 8 files per entity (db Main/Sub x NANR, graphics, NCER, NCLR). A separate tier from the gameplay sprite set: the palette is shared with the gameplay tier, but graphics, cells and animations are distinct and roughly a fifth of the size. Its animation contract is also its own — see art:character-animation:db-main-slot-* and db-sub-slot-*."
art:character:m412-jyureimon:rom-reference,CHARACTER,CHARACTER_ENTITY_REFERENCE,m412_jyureimon,YDIJ decoded character runtime manifest,R:\NEXUS LINK\原作\CLAUDE_CODE_YDIJ_HANDOFF\02_CHARACTER_ART_STRUCTURE\digimon_runtime_manifest.json,DECODED_REFERENCE,RAW_ENTITY_M412_JYUREIMON,NDS_2D,PIXIJS_2D,NEEDS_REBUILD,ORIGINAL_REPLACEMENT_REQUIRED,VERIFIED_CROSSCHECK,ROM_COPYRIGHTED_REFERENCE,true,,,,,,,,,REBUILD,,[],"[""NEXUS_IDENTITY_AND_RIGHTS_REPLACEMENT_REQUIRED""]","digimon; 8 gameplay files per entity contract (Main/Sub x NANR, graphics, NCER, NCLR). Rendered sheets are research-only; do not copy identity pixels into shipping art."
art:character:m413-skullgreymon:db-reference,CHARACTER,CHARACTER_DB_ENTITY_REFERENCE,db_digimon/m413_skullgreymon,YDIJ ROM art census,docs/art/ROM_ART_CENSUS.json,ROM_BINARY,RAW_DB_ENTITY_M413_SKULLGREYMON,NDS_2D,PIXIJS_2D,NEEDS_REBUILD,ORIGINAL_REPLACEMENT_REQUIRED,VERIFIED_BINARY,ROM_COPYRIGHTED_REFERENCE,true,,,,,,,,,REBUILD,,[],"[""NEXUS_IDENTITY_AND_RIGHTS_REPLACEMENT_REQUIRED"",""DATABASE_TIER_NOT_IN_ORIGINAL_752_UNIT_AUDIT""]","Database/encyclopedia art tier for m413_skullgreymon; regular; 8 files per entity (db Main/Sub x NANR, graphics, NCER, NCLR). A separate tier from the gameplay sprite set: the palette is shared with the gameplay tier, but graphics, cells and animations are distinct and roughly a fifth of the size. Its animation contract is also its own — see art:character-animation:db-main-slot-* and db-sub-slot-*."
art:character:m413-skullgreymon:rom-reference,CHARACTER,CHARACTER_ENTITY_REFERENCE,m413_skullgreymon,YDIJ decoded character runtime manifest,R:\NEXUS LINK\原作\CLAUDE_CODE_YDIJ_HANDOFF\02_CHARACTER_ART_STRUCTURE\digimon_runtime_manifest.json,DECODED_REFERENCE,RAW_ENTITY_M413_SKULLGREYMON,NDS_2D,PIXIJS_2D,NEEDS_REBUILD,ORIGINAL_REPLACEMENT_REQUIRED,VERIFIED_CROSSCHECK,ROM_COPYRIGHTED_REFERENCE,true,,,,,,,,,REBUILD,,[],"[""NEXUS_IDENTITY_AND_RIGHTS_REPLACEMENT_REQUIRED""]","digimon; 8 gameplay files per entity contract (Main/Sub x NANR, graphics, NCER, NCLR). Rendered sheets are research-only; do not copy identity pixels into shipping art."
art:character:m414-zudomon:db-reference,CHARACTER,CHARACTER_DB_ENTITY_REFERENCE,db_digimon/m414_zudomon,YDIJ ROM art census,docs/art/ROM_ART_CENSUS.json,ROM_BINARY,RAW_DB_ENTITY_M414_ZUDOMON,NDS_2D,PIXIJS_2D,NEEDS_REBUILD,ORIGINAL_REPLACEMENT_REQUIRED,VERIFIED_BINARY,ROM_COPYRIGHTED_REFERENCE,true,,,,,,,,,REBUILD,,[],"[""NEXUS_IDENTITY_AND_RIGHTS_REPLACEMENT_REQUIRED"",""DATABASE_TIER_NOT_IN_ORIGINAL_752_UNIT_AUDIT""]","Database/encyclopedia art tier for m414_zudomon; regular; 8 files per entity (db Main/Sub x NANR, graphics, NCER, NCLR). A separate tier from the gameplay sprite set: the palette is shared with the gameplay tier, but graphics, cells and animations are distinct and roughly a fifth of the size. Its animation contract is also its own — see art:character-animation:db-main-slot-* and db-sub-slot-*."
art:character:m414-zudomon:rom-reference,CHARACTER,CHARACTER_ENTITY_REFERENCE,m414_zudomon,YDIJ decoded character runtime manifest,R:\NEXUS LINK\原作\CLAUDE_CODE_YDIJ_HANDOFF\02_CHARACTER_ART_STRUCTURE\digimon_runtime_manifest.json,DECODED_REFERENCE,RAW_ENTITY_M414_ZUDOMON,NDS_2D,PIXIJS_2D,NEEDS_REBUILD,ORIGINAL_REPLACEMENT_REQUIRED,VERIFIED_CROSSCHECK,ROM_COPYRIGHTED_REFERENCE,true,,,,,,,,,REBUILD,,[],"[""NEXUS_IDENTITY_AND_RIGHTS_REPLACEMENT_REQUIRED""]","digimon; 8 gameplay files per entity contract (Main/Sub x NANR, graphics, NCER, NCLR). Rendered sheets are research-only; do not copy identity pixels into shipping art."
art:character:m415-dagomon:db-reference,CHARACTER,CHARACTER_DB_ENTITY_REFERENCE,db_digimon/m415_dagomon,YDIJ ROM art census,docs/art/ROM_ART_CENSUS.json,ROM_BINARY,RAW_DB_ENTITY_M415_DAGOMON,NDS_2D,PIXIJS_2D,NEEDS_REBUILD,ORIGINAL_REPLACEMENT_REQUIRED,VERIFIED_BINARY,ROM_COPYRIGHTED_REFERENCE,true,,,,,,,,,REBUILD,,[],"[""NEXUS_IDENTITY_AND_RIGHTS_REPLACEMENT_REQUIRED"",""DATABASE_TIER_NOT_IN_ORIGINAL_752_UNIT_AUDIT""]","Database/encyclopedia art tier for m415_dagomon; regular; 8 files per entity (db Main/Sub x NANR, graphics, NCER, NCLR). A separate tier from the gameplay sprite set: the palette is shared with the gameplay tier, but graphics, cells and animations are distinct and roughly a fifth of the size. Its animation contract is also its own — see art:character-animation:db-main-slot-* and db-sub-slot-*."
art:character:m415-dagomon:rom-reference,CHARACTER,CHARACTER_ENTITY_REFERENCE,m415_dagomon,YDIJ decoded character runtime manifest,R:\NEXUS LINK\原作\CLAUDE_CODE_YDIJ_HANDOFF\02_CHARACTER_ART_STRUCTURE\digimon_runtime_manifest.json,DECODED_REFERENCE,RAW_ENTITY_M415_DAGOMON,NDS_2D,PIXIJS_2D,NEEDS_REBUILD,ORIGINAL_REPLACEMENT_REQUIRED,VERIFIED_CROSSCHECK,ROM_COPYRIGHTED_REFERENCE,true,,,,,,,,,REBUILD,,[],"[""NEXUS_IDENTITY_AND_RIGHTS_REPLACEMENT_REQUIRED""]","digimon; 8 gameplay files per entity contract (Main/Sub x NANR, graphics, NCER, NCLR). Rendered sheets are research-only; do not copy identity pixels into shipping art."
art:character:m416-deathmeramon:db-reference,CHARACTER,CHARACTER_DB_ENTITY_REFERENCE,db_digimon/m416_deathmeramon,YDIJ ROM art census,docs/art/ROM_ART_CENSUS.json,ROM_BINARY,RAW_DB_ENTITY_M416_DEATHMERAMON,NDS_2D,PIXIJS_2D,NEEDS_REBUILD,ORIGINAL_REPLACEMENT_REQUIRED,VERIFIED_BINARY,ROM_COPYRIGHTED_REFERENCE,true,,,,,,,,,REBUILD,,[],"[""NEXUS_IDENTITY_AND_RIGHTS_REPLACEMENT_REQUIRED"",""DATABASE_TIER_NOT_IN_ORIGINAL_752_UNIT_AUDIT""]","Database/encyclopedia art tier for m416_deathmeramon; regular; 8 files per entity (db Main/Sub x NANR, graphics, NCER, NCLR). A separate tier from the gameplay sprite set: the palette is shared with the gameplay tier, but graphics, cells and animations are distinct and roughly a fifth of the size. Its animation contract is also its own — see art:character-animation:db-main-slot-* and db-sub-slot-*."
art:character:m416-deathmeramon:rom-reference,CHARACTER,CHARACTER_ENTITY_REFERENCE,m416_deathmeramon,YDIJ decoded character runtime manifest,R:\NEXUS LINK\原作\CLAUDE_CODE_YDIJ_HANDOFF\02_CHARACTER_ART_STRUCTURE\digimon_runtime_manifest.json,DECODED_REFERENCE,RAW_ENTITY_M416_DEATHMERAMON,NDS_2D,PIXIJS_2D,NEEDS_REBUILD,ORIGINAL_REPLACEMENT_REQUIRED,VERIFIED_CROSSCHECK,ROM_COPYRIGHTED_REFERENCE,true,,,,,,,,,REBUILD,,[],"[""NEXUS_IDENTITY_AND_RIGHTS_REPLACEMENT_REQUIRED""]","digimon; 8 gameplay files per entity contract (Main/Sub x NANR, graphics, NCER, NCLR). Rendered sheets are research-only; do not copy identity pixels into shipping art."
art:character:m417-delumon:db-reference,CHARACTER,CHARACTER_DB_ENTITY_REFERENCE,db_digimon/m417_delumon,YDIJ ROM art census,docs/art/ROM_ART_CENSUS.json,ROM_BINARY,RAW_DB_ENTITY_M417_DELUMON,NDS_2D,PIXIJS_2D,NEEDS_REBUILD,ORIGINAL_REPLACEMENT_REQUIRED,VERIFIED_BINARY,ROM_COPYRIGHTED_REFERENCE,true,,,,,,,,,REBUILD,,[],"[""NEXUS_IDENTITY_AND_RIGHTS_REPLACEMENT_REQUIRED"",""DATABASE_TIER_NOT_IN_ORIGINAL_752_UNIT_AUDIT""]","Database/encyclopedia art tier for m417_delumon; regular; 8 files per entity (db Main/Sub x NANR, graphics, NCER, NCLR). A separate tier from the gameplay sprite set: the palette is shared with the gameplay tier, but graphics, cells and animations are distinct and roughly a fifth of the size. Its animation contract is also its own — see art:character-animation:db-main-slot-* and db-sub-slot-*."
art:character:m417-delumon:rom-reference,CHARACTER,CHARACTER_ENTITY_REFERENCE,m417_delumon,YDIJ decoded character runtime manifest,R:\NEXUS LINK\原作\CLAUDE_CODE_YDIJ_HANDOFF\02_CHARACTER_ART_STRUCTURE\digimon_runtime_manifest.json,DECODED_REFERENCE,RAW_ENTITY_M417_DELUMON,NDS_2D,PIXIJS_2D,NEEDS_REBUILD,ORIGINAL_REPLACEMENT_REQUIRED,VERIFIED_CROSSCHECK,ROM_COPYRIGHTED_REFERENCE,true,,,,,,,,,REBUILD,,[],"[""NEXUS_IDENTITY_AND_RIGHTS_REPLACEMENT_REQUIRED""]","digimon; 8 gameplay files per entity contract (Main/Sub x NANR, graphics, NCER, NCLR). Rendered sheets are research-only; do not copy identity pixels into shipping art."
art:character:m418-tonosamagekomon:db-reference,CHARACTER,CHARACTER_DB_ENTITY_REFERENCE,db_digimon/m418_tonosamagekomon,YDIJ ROM art census,docs/art/ROM_ART_CENSUS.json,ROM_BINARY,RAW_DB_ENTITY_M418_TONOSAMAGEKOMON,NDS_2D,PIXIJS_2D,NEEDS_REBUILD,ORIGINAL_REPLACEMENT_REQUIRED,VERIFIED_BINARY,ROM_COPYRIGHTED_REFERENCE,true,,,,,,,,,REBUILD,,[],"[""NEXUS_IDENTITY_AND_RIGHTS_REPLACEMENT_REQUIRED"",""DATABASE_TIER_NOT_IN_ORIGINAL_752_UNIT_AUDIT""]","Database/encyclopedia art tier for m418_tonosamagekomon; regular; 8 files per entity (db Main/Sub x NANR, graphics, NCER, NCLR). A separate tier from the gameplay sprite set: the palette is shared with the gameplay tier, but graphics, cells and animations are distinct and roughly a fifth of the size. Its animation contract is also its own — see art:character-animation:db-main-slot-* and db-sub-slot-*."
art:character:m418-tonosamagekomon:rom-reference,CHARACTER,CHARACTER_ENTITY_REFERENCE,m418_tonosamagekomon,YDIJ decoded character runtime manifest,R:\NEXUS LINK\原作\CLAUDE_CODE_YDIJ_HANDOFF\02_CHARACTER_ART_STRUCTURE\digimon_runtime_manifest.json,DECODED_REFERENCE,RAW_ENTITY_M418_TONOSAMAGEKOMON,NDS_2D,PIXIJS_2D,NEEDS_REBUILD,ORIGINAL_REPLACEMENT_REQUIRED,VERIFIED_CROSSCHECK,ROM_COPYRIGHTED_REFERENCE,true,,,,,,,,,REBUILD,,[],"[""NEXUS_IDENTITY_AND_RIGHTS_REPLACEMENT_REQUIRED""]","digimon; 8 gameplay files per entity contract (Main/Sub x NANR, graphics, NCER, NCLR). Rendered sheets are research-only; do not copy identity pixels into shipping art."
art:character:m419-toriceramon:db-reference,CHARACTER,CHARACTER_DB_ENTITY_REFERENCE,db_digimon/m419_toriceramon,YDIJ ROM art census,docs/art/ROM_ART_CENSUS.json,ROM_BINARY,RAW_DB_ENTITY_M419_TORICERAMON,NDS_2D,PIXIJS_2D,NEEDS_REBUILD,ORIGINAL_REPLACEMENT_REQUIRED,VERIFIED_BINARY,ROM_COPYRIGHTED_REFERENCE,true,,,,,,,,,REBUILD,,[],"[""NEXUS_IDENTITY_AND_RIGHTS_REPLACEMENT_REQUIRED"",""DATABASE_TIER_NOT_IN_ORIGINAL_752_UNIT_AUDIT""]","Database/encyclopedia art tier for m419_toriceramon; regular; 8 files per entity (db Main/Sub x NANR, graphics, NCER, NCLR). A separate tier from the gameplay sprite set: the palette is shared with the gameplay tier, but graphics, cells and animations are distinct and roughly a fifth of the size. Its animation contract is also its own — see art:character-animation:db-main-slot-* and db-sub-slot-*."
art:character:m419-toriceramon:rom-reference,CHARACTER,CHARACTER_ENTITY_REFERENCE,m419_toriceramon,YDIJ decoded character runtime manifest,R:\NEXUS LINK\原作\CLAUDE_CODE_YDIJ_HANDOFF\02_CHARACTER_ART_STRUCTURE\digimon_runtime_manifest.json,DECODED_REFERENCE,RAW_ENTITY_M419_TORICERAMON,NDS_2D,PIXIJS_2D,NEEDS_REBUILD,ORIGINAL_REPLACEMENT_REQUIRED,VERIFIED_CROSSCHECK,ROM_COPYRIGHTED_REFERENCE,true,,,,,,,,,REBUILD,,[],"[""NEXUS_IDENTITY_AND_RIGHTS_REPLACEMENT_REQUIRED""]","digimon; 8 gameplay files per entity contract (Main/Sub x NANR, graphics, NCER, NCLR). Rendered sheets are research-only; do not copy identity pixels into shipping art."
art:character:m420-knightmon:db-reference,CHARACTER,CHARACTER_DB_ENTITY_REFERENCE,db_digimon/m420_knightmon,YDIJ ROM art census,docs/art/ROM_ART_CENSUS.json,ROM_BINARY,RAW_DB_ENTITY_M420_KNIGHTMON,NDS_2D,PIXIJS_2D,NEEDS_REBUILD,ORIGINAL_REPLACEMENT_REQUIRED,VERIFIED_BINARY,ROM_COPYRIGHTED_REFERENCE,true,,,,,,,,,REBUILD,,[],"[""NEXUS_IDENTITY_AND_RIGHTS_REPLACEMENT_REQUIRED"",""DATABASE_TIER_NOT_IN_ORIGINAL_752_UNIT_AUDIT""]","Database/encyclopedia art tier for m420_knightmon; regular; 8 files per entity (db Main/Sub x NANR, graphics, NCER, NCLR). A separate tier from the gameplay sprite set: the palette is shared with the gameplay tier, but graphics, cells and animations are distinct and roughly a fifth of the size. Its animation contract is also its own — see art:character-animation:db-main-slot-* and db-sub-slot-*."
art:character:m420-knightmon:rom-reference,CHARACTER,CHARACTER_ENTITY_REFERENCE,m420_knightmon,YDIJ decoded character runtime manifest,R:\NEXUS LINK\原作\CLAUDE_CODE_YDIJ_HANDOFF\02_CHARACTER_ART_STRUCTURE\digimon_runtime_manifest.json,DECODED_REFERENCE,RAW_ENTITY_M420_KNIGHTMON,NDS_2D,PIXIJS_2D,NEEDS_REBUILD,ORIGINAL_REPLACEMENT_REQUIRED,VERIFIED_CROSSCHECK,ROM_COPYRIGHTED_REFERENCE,true,,,,,,,,,REBUILD,,[],"[""NEXUS_IDENTITY_AND_RIGHTS_REPLACEMENT_REQUIRED""]","digimon; 8 gameplay files per entity contract (Main/Sub x NANR, graphics, NCER, NCLR). Rendered sheets are research-only; do not copy identity pixels into shipping art."
art:character:m422-parrotmon:db-reference,CHARACTER,CHARACTER_DB_ENTITY_REFERENCE,db_digimon/m422_parrotmon,YDIJ ROM art census,docs/art/ROM_ART_CENSUS.json,ROM_BINARY,RAW_DB_ENTITY_M422_PARROTMON,NDS_2D,PIXIJS_2D,NEEDS_REBUILD,ORIGINAL_REPLACEMENT_REQUIRED,VERIFIED_BINARY,ROM_COPYRIGHTED_REFERENCE,true,,,,,,,,,REBUILD,,[],"[""NEXUS_IDENTITY_AND_RIGHTS_REPLACEMENT_REQUIRED"",""DATABASE_TIER_NOT_IN_ORIGINAL_752_UNIT_AUDIT""]","Database/encyclopedia art tier for m422_parrotmon; regular; 8 files per entity (db Main/Sub x NANR, graphics, NCER, NCLR). A separate tier from the gameplay sprite set: the palette is shared with the gameplay tier, but graphics, cells and animations are distinct and roughly a fifth of the size. Its animation contract is also its own — see art:character-animation:db-main-slot-* and db-sub-slot-*."
art:character:m422-parrotmon:rom-reference,CHARACTER,CHARACTER_ENTITY_REFERENCE,m422_parrotmon,YDIJ decoded character runtime manifest,R:\NEXUS LINK\原作\CLAUDE_CODE_YDIJ_HANDOFF\02_CHARACTER_ART_STRUCTURE\digimon_runtime_manifest.json,DECODED_REFERENCE,RAW_ENTITY_M422_PARROTMON,NDS_2D,PIXIJS_2D,NEEDS_REBUILD,ORIGINAL_REPLACEMENT_REQUIRED,VERIFIED_CROSSCHECK,ROM_COPYRIGHTED_REFERENCE,true,,,,,,,,,REBUILD,,[],"[""NEXUS_IDENTITY_AND_RIGHTS_REPLACEMENT_REQUIRED""]","digimon; 8 gameplay files per entity contract (Main/Sub x NANR, graphics, NCER, NCLR). Rendered sheets are research-only; do not copy identity pixels into shipping art."
art:character:m423-hangyomon:db-reference,CHARACTER,CHARACTER_DB_ENTITY_REFERENCE,db_digimon/m423_hangyomon,YDIJ ROM art census,docs/art/ROM_ART_CENSUS.json,ROM_BINARY,RAW_DB_ENTITY_M423_HANGYOMON,NDS_2D,PIXIJS_2D,NEEDS_REBUILD,ORIGINAL_REPLACEMENT_REQUIRED,VERIFIED_BINARY,ROM_COPYRIGHTED_REFERENCE,true,,,,,,,,,REBUILD,,[],"[""NEXUS_IDENTITY_AND_RIGHTS_REPLACEMENT_REQUIRED"",""DATABASE_TIER_NOT_IN_ORIGINAL_752_UNIT_AUDIT""]","Database/encyclopedia art tier for m423_hangyomon; regular; 8 files per entity (db Main/Sub x NANR, graphics, NCER, NCLR). A separate tier from the gameplay sprite set: the palette is shared with the gameplay tier, but graphics, cells and animations are distinct and roughly a fifth of the size. Its animation contract is also its own — see art:character-animation:db-main-slot-* and db-sub-slot-*."
art:character:m423-hangyomon:rom-reference,CHARACTER,CHARACTER_ENTITY_REFERENCE,m423_hangyomon,YDIJ decoded character runtime manifest,R:\NEXUS LINK\原作\CLAUDE_CODE_YDIJ_HANDOFF\02_CHARACTER_ART_STRUCTURE\digimon_runtime_manifest.json,DECODED_REFERENCE,RAW_ENTITY_M423_HANGYOMON,NDS_2D,PIXIJS_2D,NEEDS_REBUILD,ORIGINAL_REPLACEMENT_REQUIRED,VERIFIED_CROSSCHECK,ROM_COPYRIGHTED_REFERENCE,true,,,,,,,,,REBUILD,,[],"[""NEXUS_IDENTITY_AND_RIGHTS_REPLACEMENT_REQUIRED""]","digimon; 8 gameplay files per entity contract (Main/Sub x NANR, graphics, NCER, NCLR). Rendered sheets are research-only; do not copy identity pixels into shipping art."
art:character:m424-pandamon:db-reference,CHARACTER,CHARACTER_DB_ENTITY_REFERENCE,db_digimon/m424_pandamon,YDIJ ROM art census,docs/art/ROM_ART_CENSUS.json,ROM_BINARY,RAW_DB_ENTITY_M424_PANDAMON,NDS_2D,PIXIJS_2D,NEEDS_REBUILD,ORIGINAL_REPLACEMENT_REQUIRED,VERIFIED_BINARY,ROM_COPYRIGHTED_REFERENCE,true,,,,,,,,,REBUILD,,[],"[""NEXUS_IDENTITY_AND_RIGHTS_REPLACEMENT_REQUIRED"",""DATABASE_TIER_NOT_IN_ORIGINAL_752_UNIT_AUDIT""]","Database/encyclopedia art tier for m424_pandamon; regular; 8 files per entity (db Main/Sub x NANR, graphics, NCER, NCLR). A separate tier from the gameplay sprite set: the palette is shared with the gameplay tier, but graphics, cells and animations are distinct and roughly a fifth of the size. Its animation contract is also its own — see art:character-animation:db-main-slot-* and db-sub-slot-*."
art:character:m424-pandamon:rom-reference,CHARACTER,CHARACTER_ENTITY_REFERENCE,m424_pandamon,YDIJ decoded character runtime manifest,R:\NEXUS LINK\原作\CLAUDE_CODE_YDIJ_HANDOFF\02_CHARACTER_ART_STRUCTURE\digimon_runtime_manifest.json,DECODED_REFERENCE,RAW_ENTITY_M424_PANDAMON,NDS_2D,PIXIJS_2D,NEEDS_REBUILD,ORIGINAL_REPLACEMENT_REQUIRED,VERIFIED_CROSSCHECK,ROM_COPYRIGHTED_REFERENCE,true,,,,,,,,,REBUILD,,[],"[""NEXUS_IDENTITY_AND_RIGHTS_REPLACEMENT_REQUIRED""]","digimon; 8 gameplay files per entity contract (Main/Sub x NANR, graphics, NCER, NCLR). Rendered sheets are research-only; do not copy identity pixels into shipping art."
art:character:m426-bigmamemon:db-reference,CHARACTER,CHARACTER_DB_ENTITY_REFERENCE,db_digimon/m426_bigmamemon,YDIJ ROM art census,docs/art/ROM_ART_CENSUS.json,ROM_BINARY,RAW_DB_ENTITY_M426_BIGMAMEMON,NDS_2D,PIXIJS_2D,NEEDS_REBUILD,ORIGINAL_REPLACEMENT_REQUIRED,VERIFIED_BINARY,ROM_COPYRIGHTED_REFERENCE,true,,,,,,,,,REBUILD,,[],"[""NEXUS_IDENTITY_AND_RIGHTS_REPLACEMENT_REQUIRED"",""DATABASE_TIER_NOT_IN_ORIGINAL_752_UNIT_AUDIT""]","Database/encyclopedia art tier for m426_bigmamemon; regular; 8 files per entity (db Main/Sub x NANR, graphics, NCER, NCLR). A separate tier from the gameplay sprite set: the palette is shared with the gameplay tier, but graphics, cells and animations are distinct and roughly a fifth of the size. Its animation contract is also its own — see art:character-animation:db-main-slot-* and db-sub-slot-*."
art:character:m426-bigmamemon:rom-reference,CHARACTER,CHARACTER_ENTITY_REFERENCE,m426_bigmamemon,YDIJ decoded character runtime manifest,R:\NEXUS LINK\原作\CLAUDE_CODE_YDIJ_HANDOFF\02_CHARACTER_ART_STRUCTURE\digimon_runtime_manifest.json,DECODED_REFERENCE,RAW_ENTITY_M426_BIGMAMEMON,NDS_2D,PIXIJS_2D,NEEDS_REBUILD,ORIGINAL_REPLACEMENT_REQUIRED,VERIFIED_CROSSCHECK,ROM_COPYRIGHTED_REFERENCE,true,,,,,,,,,REBUILD,,[],"[""NEXUS_IDENTITY_AND_RIGHTS_REPLACEMENT_REQUIRED""]","digimon; 8 gameplay files per entity contract (Main/Sub x NANR, graphics, NCER, NCLR). Rendered sheets are research-only; do not copy identity pixels into shipping art."
art:character:m427-picklemon:db-reference,CHARACTER,CHARACTER_DB_ENTITY_REFERENCE,db_digimon/m427_picklemon,YDIJ ROM art census,docs/art/ROM_ART_CENSUS.json,ROM_BINARY,RAW_DB_ENTITY_M427_PICKLEMON,NDS_2D,PIXIJS_2D,NEEDS_REBUILD,ORIGINAL_REPLACEMENT_REQUIRED,VERIFIED_BINARY,ROM_COPYRIGHTED_REFERENCE,true,,,,,,,,,REBUILD,,[],"[""NEXUS_IDENTITY_AND_RIGHTS_REPLACEMENT_REQUIRED"",""DATABASE_TIER_NOT_IN_ORIGINAL_752_UNIT_AUDIT""]","Database/encyclopedia art tier for m427_picklemon; regular; 8 files per entity (db Main/Sub x NANR, graphics, NCER, NCLR). A separate tier from the gameplay sprite set: the palette is shared with the gameplay tier, but graphics, cells and animations are distinct and roughly a fifth of the size. Its animation contract is also its own — see art:character-animation:db-main-slot-* and db-sub-slot-*."
art:character:m427-picklemon:rom-reference,CHARACTER,CHARACTER_ENTITY_REFERENCE,m427_picklemon,YDIJ decoded character runtime manifest,R:\NEXUS LINK\原作\CLAUDE_CODE_YDIJ_HANDOFF\02_CHARACTER_ART_STRUCTURE\digimon_runtime_manifest.json,DECODED_REFERENCE,RAW_ENTITY_M427_PICKLEMON,NDS_2D,PIXIJS_2D,NEEDS_REBUILD,ORIGINAL_REPLACEMENT_REQUIRED,VERIFIED_CROSSCHECK,ROM_COPYRIGHTED_REFERENCE,true,,,,,,,,,REBUILD,,[],"[""NEXUS_IDENTITY_AND_RIGHTS_REPLACEMENT_REQUIRED""]","digimon; 8 gameplay files per entity contract (Main/Sub x NANR, graphics, NCER, NCLR). Rendered sheets are research-only; do not copy identity pixels into shipping art."
art:character:m428-fantomon:db-reference,CHARACTER,CHARACTER_DB_ENTITY_REFERENCE,db_digimon/m428_fantomon,YDIJ ROM art census,docs/art/ROM_ART_CENSUS.json,ROM_BINARY,RAW_DB_ENTITY_M428_FANTOMON,NDS_2D,PIXIJS_2D,NEEDS_REBUILD,ORIGINAL_REPLACEMENT_REQUIRED,VERIFIED_BINARY,ROM_COPYRIGHTED_REFERENCE,true,,,,,,,,,REBUILD,,[],"[""NEXUS_IDENTITY_AND_RIGHTS_REPLACEMENT_REQUIRED"",""DATABASE_TIER_NOT_IN_ORIGINAL_752_UNIT_AUDIT""]","Database/encyclopedia art tier for m428_fantomon; regular; 8 files per entity (db Main/Sub x NANR, graphics, NCER, NCLR). A separate tier from the gameplay sprite set: the palette is shared with the gameplay tier, but graphics, cells and animations are distinct and roughly a fifth of the size. Its animation contract is also its own — see art:character-animation:db-main-slot-* and db-sub-slot-*."
art:character:m428-fantomon:rom-reference,CHARACTER,CHARACTER_ENTITY_REFERENCE,m428_fantomon,YDIJ decoded character runtime manifest,R:\NEXUS LINK\原作\CLAUDE_CODE_YDIJ_HANDOFF\02_CHARACTER_ART_STRUCTURE\digimon_runtime_manifest.json,DECODED_REFERENCE,RAW_ENTITY_M428_FANTOMON,NDS_2D,PIXIJS_2D,NEEDS_REBUILD,ORIGINAL_REPLACEMENT_REQUIRED,VERIFIED_CROSSCHECK,ROM_COPYRIGHTED_REFERENCE,true,,,,,,,,,REBUILD,,[],"[""NEXUS_IDENTITY_AND_RIGHTS_REPLACEMENT_REQUIRED""]","digimon; 8 gameplay files per entity contract (Main/Sub x NANR, graphics, NCER, NCLR). Rendered sheets are research-only; do not copy identity pixels into shipping art."
art:character:m430-vademon:db-reference,CHARACTER,CHARACTER_DB_ENTITY_REFERENCE,db_digimon/m430_vademon,YDIJ ROM art census,docs/art/ROM_ART_CENSUS.json,ROM_BINARY,RAW_DB_ENTITY_M430_VADEMON,NDS_2D,PIXIJS_2D,NEEDS_REBUILD,ORIGINAL_REPLACEMENT_REQUIRED,VERIFIED_BINARY,ROM_COPYRIGHTED_REFERENCE,true,,,,,,,,,REBUILD,,[],"[""NEXUS_IDENTITY_AND_RIGHTS_REPLACEMENT_REQUIRED"",""DATABASE_TIER_NOT_IN_ORIGINAL_752_UNIT_AUDIT""]","Database/encyclopedia art tier for m430_vademon; regular; 8 files per entity (db Main/Sub x NANR, graphics, NCER, NCLR). A separate tier from the gameplay sprite set: the palette is shared with the gameplay tier, but graphics, cells and animations are distinct and roughly a fifth of the size. Its animation contract is also its own — see art:character-animation:db-main-slot-* and db-sub-slot-*."
art:character:m430-vademon:rom-reference,CHARACTER,CHARACTER_ENTITY_REFERENCE,m430_vademon,YDIJ decoded character runtime manifest,R:\NEXUS LINK\原作\CLAUDE_CODE_YDIJ_HANDOFF\02_CHARACTER_ART_STRUCTURE\digimon_runtime_manifest.json,DECODED_REFERENCE,RAW_ENTITY_M430_VADEMON,NDS_2D,PIXIJS_2D,NEEDS_REBUILD,ORIGINAL_REPLACEMENT_REQUIRED,VERIFIED_CROSSCHECK,ROM_COPYRIGHTED_REFERENCE,true,,,,,,,,,REBUILD,,[],"[""NEXUS_IDENTITY_AND_RIGHTS_REPLACEMENT_REQUIRED""]","digimon; 8 gameplay files per entity contract (Main/Sub x NANR, graphics, NCER, NCLR). Rendered sheets are research-only; do not copy identity pixels into shipping art."
art:character:m431-whamon:db-reference,CHARACTER,CHARACTER_DB_ENTITY_REFERENCE,db_digimon/m431_whamon,YDIJ ROM art census,docs/art/ROM_ART_CENSUS.json,ROM_BINARY,RAW_DB_ENTITY_M431_WHAMON,NDS_2D,PIXIJS_2D,NEEDS_REBUILD,ORIGINAL_REPLACEMENT_REQUIRED,VERIFIED_BINARY,ROM_COPYRIGHTED_REFERENCE,true,,,,,,,,,REBUILD,,[],"[""NEXUS_IDENTITY_AND_RIGHTS_REPLACEMENT_REQUIRED"",""DATABASE_TIER_NOT_IN_ORIGINAL_752_UNIT_AUDIT""]","Database/encyclopedia art tier for m431_whamon; regular; 8 files per entity (db Main/Sub x NANR, graphics, NCER, NCLR). A separate tier from the gameplay sprite set: the palette is shared with the gameplay tier, but graphics, cells and animations are distinct and roughly a fifth of the size. Its animation contract is also its own — see art:character-animation:db-main-slot-* and db-sub-slot-*."
art:character:m431-whamon:rom-reference,CHARACTER,CHARACTER_ENTITY_REFERENCE,m431_whamon,YDIJ decoded character runtime manifest,R:\NEXUS LINK\原作\CLAUDE_CODE_YDIJ_HANDOFF\02_CHARACTER_ART_STRUCTURE\digimon_runtime_manifest.json,DECODED_REFERENCE,RAW_ENTITY_M431_WHAMON,NDS_2D,PIXIJS_2D,NEEDS_REBUILD,ORIGINAL_REPLACEMENT_REQUIRED,VERIFIED_CROSSCHECK,ROM_COPYRIGHTED_REFERENCE,true,,,,,,,,,REBUILD,,[],"[""NEXUS_IDENTITY_AND_RIGHTS_REPLACEMENT_REQUIRED""]","digimon; 8 gameplay files per entity contract (Main/Sub x NANR, graphics, NCER, NCLR). Rendered sheets are research-only; do not copy identity pixels into shipping art."
art:character:m432-holyangemon:db-reference,CHARACTER,CHARACTER_DB_ENTITY_REFERENCE,db_digimon/m432_holyangemon,YDIJ ROM art census,docs/art/ROM_ART_CENSUS.json,ROM_BINARY,RAW_DB_ENTITY_M432_HOLYANGEMON,NDS_2D,PIXIJS_2D,NEEDS_REBUILD,ORIGINAL_REPLACEMENT_REQUIRED,VERIFIED_BINARY,ROM_COPYRIGHTED_REFERENCE,true,,,,,,,,,REBUILD,,[],"[""NEXUS_IDENTITY_AND_RIGHTS_REPLACEMENT_REQUIRED"",""DATABASE_TIER_NOT_IN_ORIGINAL_752_UNIT_AUDIT""]","Database/encyclopedia art tier for m432_holyangemon; regular; 8 files per entity (db Main/Sub x NANR, graphics, NCER, NCLR). A separate tier from the gameplay sprite set: the palette is shared with the gameplay tier, but graphics, cells and animations are distinct and roughly a fifth of the size. Its animation contract is also its own — see art:character-animation:db-main-slot-* and db-sub-slot-*."
art:character:m432-holyangemon:rom-reference,CHARACTER,CHARACTER_ENTITY_REFERENCE,m432_holyangemon,YDIJ decoded character runtime manifest,R:\NEXUS LINK\原作\CLAUDE_CODE_YDIJ_HANDOFF\02_CHARACTER_ART_STRUCTURE\digimon_runtime_manifest.json,DECODED_REFERENCE,RAW_ENTITY_M432_HOLYANGEMON,NDS_2D,PIXIJS_2D,NEEDS_REBUILD,ORIGINAL_REPLACEMENT_REQUIRED,VERIFIED_CROSSCHECK,ROM_COPYRIGHTED_REFERENCE,true,,,,,,,,,REBUILD,,[],"[""NEXUS_IDENTITY_AND_RIGHTS_REPLACEMENT_REQUIRED""]","digimon; 8 gameplay files per entity contract (Main/Sub x NANR, graphics, NCER, NCLR). Rendered sheets are research-only; do not copy identity pixels into shipping art."
art:character:m433-machgaogamon:db-reference,CHARACTER,CHARACTER_DB_ENTITY_REFERENCE,db_digimon/m433_machgaogamon,YDIJ ROM art census,docs/art/ROM_ART_CENSUS.json,ROM_BINARY,RAW_DB_ENTITY_M433_MACHGAOGAMON,NDS_2D,PIXIJS_2D,NEEDS_REBUILD,ORIGINAL_REPLACEMENT_REQUIRED,VERIFIED_BINARY,ROM_COPYRIGHTED_REFERENCE,true,,,,,,,,,REBUILD,,[],"[""NEXUS_IDENTITY_AND_RIGHTS_REPLACEMENT_REQUIRED"",""DATABASE_TIER_NOT_IN_ORIGINAL_752_UNIT_AUDIT""]","Database/encyclopedia art tier for m433_machgaogamon; regular; 8 files per entity (db Main/Sub x NANR, graphics, NCER, NCLR). A separate tier from the gameplay sprite set: the palette is shared with the gameplay tier, but graphics, cells and animations are distinct and roughly a fifth of the size. Its animation contract is also its own — see art:character-animation:db-main-slot-* and db-sub-slot-*."
art:character:m433-machgaogamon:rom-reference,CHARACTER,CHARACTER_ENTITY_REFERENCE,m433_machgaogamon,YDIJ decoded character runtime manifest,R:\NEXUS LINK\原作\CLAUDE_CODE_YDIJ_HANDOFF\02_CHARACTER_ART_STRUCTURE\digimon_runtime_manifest.json,DECODED_REFERENCE,RAW_ENTITY_M433_MACHGAOGAMON,NDS_2D,PIXIJS_2D,NEEDS_REBUILD,ORIGINAL_REPLACEMENT_REQUIRED,VERIFIED_CROSSCHECK,ROM_COPYRIGHTED_REFERENCE,true,,,,,,,,,REBUILD,,[],"[""NEXUS_IDENTITY_AND_RIGHTS_REPLACEMENT_REQUIRED""]","digimon; 8 gameplay files per entity contract (Main/Sub x NANR, graphics, NCER, NCLR). Rendered sheets are research-only; do not copy identity pixels into shipping art."
art:character:m435-mamemon:db-reference,CHARACTER,CHARACTER_DB_ENTITY_REFERENCE,db_digimon/m435_mamemon,YDIJ ROM art census,docs/art/ROM_ART_CENSUS.json,ROM_BINARY,RAW_DB_ENTITY_M435_MAMEMON,NDS_2D,PIXIJS_2D,NEEDS_REBUILD,ORIGINAL_REPLACEMENT_REQUIRED,VERIFIED_BINARY,ROM_COPYRIGHTED_REFERENCE,true,,,,,,,,,REBUILD,,[],"[""NEXUS_IDENTITY_AND_RIGHTS_REPLACEMENT_REQUIRED"",""DATABASE_TIER_NOT_IN_ORIGINAL_752_UNIT_AUDIT""]","Database/encyclopedia art tier for m435_mamemon; regular; 8 files per entity (db Main/Sub x NANR, graphics, NCER, NCLR). A separate tier from the gameplay sprite set: the palette is shared with the gameplay tier, but graphics, cells and animations are distinct and roughly a fifth of the size. Its animation contract is also its own — see art:character-animation:db-main-slot-* and db-sub-slot-*."
art:character:m435-mamemon:rom-reference,CHARACTER,CHARACTER_ENTITY_REFERENCE,m435_mamemon,YDIJ decoded character runtime manifest,R:\NEXUS LINK\原作\CLAUDE_CODE_YDIJ_HANDOFF\02_CHARACTER_ART_STRUCTURE\digimon_runtime_manifest.json,DECODED_REFERENCE,RAW_ENTITY_M435_MAMEMON,NDS_2D,PIXIJS_2D,NEEDS_REBUILD,ORIGINAL_REPLACEMENT_REQUIRED,VERIFIED_CROSSCHECK,ROM_COPYRIGHTED_REFERENCE,true,,,,,,,,,REBUILD,,[],"[""NEXUS_IDENTITY_AND_RIGHTS_REPLACEMENT_REQUIRED""]","digimon; 8 gameplay files per entity contract (Main/Sub x NANR, graphics, NCER, NCLR). Rendered sheets are research-only; do not copy identity pixels into shipping art."
art:character:m437-mammon:db-reference,CHARACTER,CHARACTER_DB_ENTITY_REFERENCE,db_digimon/m437_mammon,YDIJ ROM art census,docs/art/ROM_ART_CENSUS.json,ROM_BINARY,RAW_DB_ENTITY_M437_MAMMON,NDS_2D,PIXIJS_2D,NEEDS_REBUILD,ORIGINAL_REPLACEMENT_REQUIRED,VERIFIED_BINARY,ROM_COPYRIGHTED_REFERENCE,true,,,,,,,,,REBUILD,,[],"[""NEXUS_IDENTITY_AND_RIGHTS_REPLACEMENT_REQUIRED"",""DATABASE_TIER_NOT_IN_ORIGINAL_752_UNIT_AUDIT""]","Database/encyclopedia art tier for m437_mammon; regular; 8 files per entity (db Main/Sub x NANR, graphics, NCER, NCLR). A separate tier from the gameplay sprite set: the palette is shared with the gameplay tier, but graphics, cells and animations are distinct and roughly a fifth of the size. Its animation contract is also its own — see art:character-animation:db-main-slot-* and db-sub-slot-*."
art:character:m437-mammon:rom-reference,CHARACTER,CHARACTER_ENTITY_REFERENCE,m437_mammon,YDIJ decoded character runtime manifest,R:\NEXUS LINK\原作\CLAUDE_CODE_YDIJ_HANDOFF\02_CHARACTER_ART_STRUCTURE\digimon_runtime_manifest.json,DECODED_REFERENCE,RAW_ENTITY_M437_MAMMON,NDS_2D,PIXIJS_2D,NEEDS_REBUILD,ORIGINAL_REPLACEMENT_REQUIRED,VERIFIED_CROSSCHECK,ROM_COPYRIGHTED_REFERENCE,true,,,,,,,,,REBUILD,,[],"[""NEXUS_IDENTITY_AND_RIGHTS_REPLACEMENT_REQUIRED""]","digimon; 8 gameplay files per entity contract (Main/Sub x NANR, graphics, NCER, NCLR). Rendered sheets are research-only; do not copy identity pixels into shipping art."
art:character:m438-megaseadramon:db-reference,CHARACTER,CHARACTER_DB_ENTITY_REFERENCE,db_digimon/m438_megaseadramon,YDIJ ROM art census,docs/art/ROM_ART_CENSUS.json,ROM_BINARY,RAW_DB_ENTITY_M438_MEGASEADRAMON,NDS_2D,PIXIJS_2D,NEEDS_REBUILD,ORIGINAL_REPLACEMENT_REQUIRED,VERIFIED_BINARY,ROM_COPYRIGHTED_REFERENCE,true,,,,,,,,,REBUILD,,[],"[""NEXUS_IDENTITY_AND_RIGHTS_REPLACEMENT_REQUIRED"",""DATABASE_TIER_NOT_IN_ORIGINAL_752_UNIT_AUDIT""]","Database/encyclopedia art tier for m438_megaseadramon; regular; 8 files per entity (db Main/Sub x NANR, graphics, NCER, NCLR). A separate tier from the gameplay sprite set: the palette is shared with the gameplay tier, but graphics, cells and animations are distinct and roughly a fifth of the size. Its animation contract is also its own — see art:character-animation:db-main-slot-* and db-sub-slot-*."
art:character:m438-megaseadramon:rom-reference,CHARACTER,CHARACTER_ENTITY_REFERENCE,m438_megaseadramon,YDIJ decoded character runtime manifest,R:\NEXUS LINK\原作\CLAUDE_CODE_YDIJ_HANDOFF\02_CHARACTER_ART_STRUCTURE\digimon_runtime_manifest.json,DECODED_REFERENCE,RAW_ENTITY_M438_MEGASEADRAMON,NDS_2D,PIXIJS_2D,NEEDS_REBUILD,ORIGINAL_REPLACEMENT_REQUIRED,VERIFIED_CROSSCHECK,ROM_COPYRIGHTED_REFERENCE,true,,,,,,,,,REBUILD,,[],"[""NEXUS_IDENTITY_AND_RIGHTS_REPLACEMENT_REQUIRED""]","digimon; 8 gameplay files per entity contract (Main/Sub x NANR, graphics, NCER, NCLR). Rendered sheets are research-only; do not copy identity pixels into shipping art."
art:character:m439-megadramon:db-reference,CHARACTER,CHARACTER_DB_ENTITY_REFERENCE,db_digimon/m439_megadramon,YDIJ ROM art census,docs/art/ROM_ART_CENSUS.json,ROM_BINARY,RAW_DB_ENTITY_M439_MEGADRAMON,NDS_2D,PIXIJS_2D,NEEDS_REBUILD,ORIGINAL_REPLACEMENT_REQUIRED,VERIFIED_BINARY,ROM_COPYRIGHTED_REFERENCE,true,,,,,,,,,REBUILD,,[],"[""NEXUS_IDENTITY_AND_RIGHTS_REPLACEMENT_REQUIRED"",""DATABASE_TIER_NOT_IN_ORIGINAL_752_UNIT_AUDIT""]","Database/encyclopedia art tier for m439_megadramon; regular; 8 files per entity (db Main/Sub x NANR, graphics, NCER, NCLR). A separate tier from the gameplay sprite set: the palette is shared with the gameplay tier, but graphics, cells and animations are distinct and roughly a fifth of the size. Its animation contract is also its own — see art:character-animation:db-main-slot-* and db-sub-slot-*."
art:character:m439-megadramon:rom-reference,CHARACTER,CHARACTER_ENTITY_REFERENCE,m439_megadramon,YDIJ decoded character runtime manifest,R:\NEXUS LINK\原作\CLAUDE_CODE_YDIJ_HANDOFF\02_CHARACTER_ART_STRUCTURE\digimon_runtime_manifest.json,DECODED_REFERENCE,RAW_ENTITY_M439_MEGADRAMON,NDS_2D,PIXIJS_2D,NEEDS_REBUILD,ORIGINAL_REPLACEMENT_REQUIRED,VERIFIED_CROSSCHECK,ROM_COPYRIGHTED_REFERENCE,true,,,,,,,,,REBUILD,,[],"[""NEXUS_IDENTITY_AND_RIGHTS_REPLACEMENT_REQUIRED""]","digimon; 8 gameplay files per entity contract (Main/Sub x NANR, graphics, NCER, NCLR). Rendered sheets are research-only; do not copy identity pixels into shipping art."
art:character:m440-metalgreymon-vi:db-reference,CHARACTER,CHARACTER_DB_ENTITY_REFERENCE,db_digimon/m440_metalgreymon_vi,YDIJ ROM art census,docs/art/ROM_ART_CENSUS.json,ROM_BINARY,RAW_DB_ENTITY_M440_METALGREYMON_VI,NDS_2D,PIXIJS_2D,NEEDS_REBUILD,ORIGINAL_REPLACEMENT_REQUIRED,VERIFIED_BINARY,ROM_COPYRIGHTED_REFERENCE,true,,,,,,,,,REBUILD,,[],"[""NEXUS_IDENTITY_AND_RIGHTS_REPLACEMENT_REQUIRED"",""DATABASE_TIER_NOT_IN_ORIGINAL_752_UNIT_AUDIT""]","Database/encyclopedia art tier for m440_metalgreymon_vi; regular; 8 files per entity (db Main/Sub x NANR, graphics, NCER, NCLR). A separate tier from the gameplay sprite set: the palette is shared with the gameplay tier, but graphics, cells and animations are distinct and roughly a fifth of the size. Its animation contract is also its own — see art:character-animation:db-main-slot-* and db-sub-slot-*."
art:character:m440-metalgreymon-vi:rom-reference,CHARACTER,CHARACTER_ENTITY_REFERENCE,m440_metalgreymon_vi,YDIJ decoded character runtime manifest,R:\NEXUS LINK\原作\CLAUDE_CODE_YDIJ_HANDOFF\02_CHARACTER_ART_STRUCTURE\digimon_runtime_manifest.json,DECODED_REFERENCE,RAW_ENTITY_M440_METALGREYMON_VI,NDS_2D,PIXIJS_2D,NEEDS_REBUILD,ORIGINAL_REPLACEMENT_REQUIRED,VERIFIED_CROSSCHECK,ROM_COPYRIGHTED_REFERENCE,true,,,,,,,,,REBUILD,,[],"[""NEXUS_IDENTITY_AND_RIGHTS_REPLACEMENT_REQUIRED""]","digimon; 8 gameplay files per entity contract (Main/Sub x NANR, graphics, NCER, NCLR). Rendered sheets are research-only; do not copy identity pixels into shipping art."
art:character:m441-metalgreymon-va:db-reference,CHARACTER,CHARACTER_DB_ENTITY_REFERENCE,db_digimon/m441_metalgreymon_va,YDIJ ROM art census,docs/art/ROM_ART_CENSUS.json,ROM_BINARY,RAW_DB_ENTITY_M441_METALGREYMON_VA,NDS_2D,PIXIJS_2D,NEEDS_REBUILD,ORIGINAL_REPLACEMENT_REQUIRED,VERIFIED_BINARY,ROM_COPYRIGHTED_REFERENCE,true,,,,,,,,,REBUILD,,[],"[""NEXUS_IDENTITY_AND_RIGHTS_REPLACEMENT_REQUIRED"",""DATABASE_TIER_NOT_IN_ORIGINAL_752_UNIT_AUDIT""]","Database/encyclopedia art tier for m441_metalgreymon_va; regular; 8 files per entity (db Main/Sub x NANR, graphics, NCER, NCLR). A separate tier from the gameplay sprite set: the palette is shared with the gameplay tier, but graphics, cells and animations are distinct and roughly a fifth of the size. Its animation contract is also its own — see art:character-animation:db-main-slot-* and db-sub-slot-*."
art:character:m441-metalgreymon-va:rom-reference,CHARACTER,CHARACTER_ENTITY_REFERENCE,m441_metalgreymon_va,YDIJ decoded character runtime manifest,R:\NEXUS LINK\原作\CLAUDE_CODE_YDIJ_HANDOFF\02_CHARACTER_ART_STRUCTURE\digimon_runtime_manifest.json,DECODED_REFERENCE,RAW_ENTITY_M441_METALGREYMON_VA,NDS_2D,PIXIJS_2D,NEEDS_REBUILD,ORIGINAL_REPLACEMENT_REQUIRED,VERIFIED_CROSSCHECK,ROM_COPYRIGHTED_REFERENCE,true,,,,,,,,,REBUILD,,[],"[""NEXUS_IDENTITY_AND_RIGHTS_REPLACEMENT_REQUIRED""]","digimon; 8 gameplay files per entity contract (Main/Sub x NANR, graphics, NCER, NCLR). Rendered sheets are research-only; do not copy identity pixels into shipping art."
art:character:m442-metaltyranomon:db-reference,CHARACTER,CHARACTER_DB_ENTITY_REFERENCE,db_digimon/m442_metaltyranomon,YDIJ ROM art census,docs/art/ROM_ART_CENSUS.json,ROM_BINARY,RAW_DB_ENTITY_M442_METALTYRANOMON,NDS_2D,PIXIJS_2D,NEEDS_REBUILD,ORIGINAL_REPLACEMENT_REQUIRED,VERIFIED_BINARY,ROM_COPYRIGHTED_REFERENCE,true,,,,,,,,,REBUILD,,[],"[""NEXUS_IDENTITY_AND_RIGHTS_REPLACEMENT_REQUIRED"",""DATABASE_TIER_NOT_IN_ORIGINAL_752_UNIT_AUDIT""]","Database/encyclopedia art tier for m442_metaltyranomon; regular; 8 files per entity (db Main/Sub x NANR, graphics, NCER, NCLR). A separate tier from the gameplay sprite set: the palette is shared with the gameplay tier, but graphics, cells and animations are distinct and roughly a fifth of the size. Its animation contract is also its own — see art:character-animation:db-main-slot-* and db-sub-slot-*."
art:character:m442-metaltyranomon:rom-reference,CHARACTER,CHARACTER_ENTITY_REFERENCE,m442_metaltyranomon,YDIJ decoded character runtime manifest,R:\NEXUS LINK\原作\CLAUDE_CODE_YDIJ_HANDOFF\02_CHARACTER_ART_STRUCTURE\digimon_runtime_manifest.json,DECODED_REFERENCE,RAW_ENTITY_M442_METALTYRANOMON,NDS_2D,PIXIJS_2D,NEEDS_REBUILD,ORIGINAL_REPLACEMENT_REQUIRED,VERIFIED_CROSSCHECK,ROM_COPYRIGHTED_REFERENCE,true,,,,,,,,,REBUILD,,[],"[""NEXUS_IDENTITY_AND_RIGHTS_REPLACEMENT_REQUIRED""]","digimon; 8 gameplay files per entity contract (Main/Sub x NANR, graphics, NCER, NCLR). Rendered sheets are research-only; do not copy identity pixels into shipping art."
art:character:m444-monzaemon:db-reference,CHARACTER,CHARACTER_DB_ENTITY_REFERENCE,db_digimon/m444_monzaemon,YDIJ ROM art census,docs/art/ROM_ART_CENSUS.json,ROM_BINARY,RAW_DB_ENTITY_M444_MONZAEMON,NDS_2D,PIXIJS_2D,NEEDS_REBUILD,ORIGINAL_REPLACEMENT_REQUIRED,VERIFIED_BINARY,ROM_COPYRIGHTED_REFERENCE,true,,,,,,,,,REBUILD,,[],"[""NEXUS_IDENTITY_AND_RIGHTS_REPLACEMENT_REQUIRED"",""DATABASE_TIER_NOT_IN_ORIGINAL_752_UNIT_AUDIT""]","Database/encyclopedia art tier for m444_monzaemon; regular; 8 files per entity (db Main/Sub x NANR, graphics, NCER, NCLR). A separate tier from the gameplay sprite set: the palette is shared with the gameplay tier, but graphics, cells and animations are distinct and roughly a fifth of the size. Its animation contract is also its own — see art:character-animation:db-main-slot-* and db-sub-slot-*."
art:character:m444-monzaemon:rom-reference,CHARACTER,CHARACTER_ENTITY_REFERENCE,m444_monzaemon,YDIJ decoded character runtime manifest,R:\NEXUS LINK\原作\CLAUDE_CODE_YDIJ_HANDOFF\02_CHARACTER_ART_STRUCTURE\digimon_runtime_manifest.json,DECODED_REFERENCE,RAW_ENTITY_M444_MONZAEMON,NDS_2D,PIXIJS_2D,NEEDS_REBUILD,ORIGINAL_REPLACEMENT_REQUIRED,VERIFIED_CROSSCHECK,ROM_COPYRIGHTED_REFERENCE,true,,,,,,,,,REBUILD,,[],"[""NEXUS_IDENTITY_AND_RIGHTS_REPLACEMENT_REQUIRED""]","digimon; 8 gameplay files per entity contract (Main/Sub x NANR, graphics, NCER, NCLR). Rendered sheets are research-only; do not copy identity pixels into shipping art."
art:character:m445-yatagaramon:db-reference,CHARACTER,CHARACTER_DB_ENTITY_REFERENCE,db_digimon/m445_yatagaramon,YDIJ ROM art census,docs/art/ROM_ART_CENSUS.json,ROM_BINARY,RAW_DB_ENTITY_M445_YATAGARAMON,NDS_2D,PIXIJS_2D,NEEDS_REBUILD,ORIGINAL_REPLACEMENT_REQUIRED,VERIFIED_BINARY,ROM_COPYRIGHTED_REFERENCE,true,,,,,,,,,REBUILD,,[],"[""NEXUS_IDENTITY_AND_RIGHTS_REPLACEMENT_REQUIRED"",""DATABASE_TIER_NOT_IN_ORIGINAL_752_UNIT_AUDIT""]","Database/encyclopedia art tier for m445_yatagaramon; regular; 8 files per entity (db Main/Sub x NANR, graphics, NCER, NCLR). A separate tier from the gameplay sprite set: the palette is shared with the gameplay tier, but graphics, cells and animations are distinct and roughly a fifth of the size. Its animation contract is also its own — see art:character-animation:db-main-slot-* and db-sub-slot-*."
art:character:m445-yatagaramon:rom-reference,CHARACTER,CHARACTER_ENTITY_REFERENCE,m445_yatagaramon,YDIJ decoded character runtime manifest,R:\NEXUS LINK\原作\CLAUDE_CODE_YDIJ_HANDOFF\02_CHARACTER_ART_STRUCTURE\digimon_runtime_manifest.json,DECODED_REFERENCE,RAW_ENTITY_M445_YATAGARAMON,NDS_2D,PIXIJS_2D,NEEDS_REBUILD,ORIGINAL_REPLACEMENT_REQUIRED,VERIFIED_CROSSCHECK,ROM_COPYRIGHTED_REFERENCE,true,,,,,,,,,REBUILD,,[],"[""NEXUS_IDENTITY_AND_RIGHTS_REPLACEMENT_REQUIRED""]","digimon; 8 gameplay files per entity contract (Main/Sub x NANR, graphics, NCER, NCLR). Rendered sheets are research-only; do not copy identity pixels into shipping art."
art:character:m446-rizegreymon:db-reference,CHARACTER,CHARACTER_DB_ENTITY_REFERENCE,db_digimon/m446_rizegreymon,YDIJ ROM art census,docs/art/ROM_ART_CENSUS.json,ROM_BINARY,RAW_DB_ENTITY_M446_RIZEGREYMON,NDS_2D,PIXIJS_2D,NEEDS_REBUILD,ORIGINAL_REPLACEMENT_REQUIRED,VERIFIED_BINARY,ROM_COPYRIGHTED_REFERENCE,true,,,,,,,,,REBUILD,,[],"[""NEXUS_IDENTITY_AND_RIGHTS_REPLACEMENT_REQUIRED"",""DATABASE_TIER_NOT_IN_ORIGINAL_752_UNIT_AUDIT""]","Database/encyclopedia art tier for m446_rizegreymon; regular; 8 files per entity (db Main/Sub x NANR, graphics, NCER, NCLR). A separate tier from the gameplay sprite set: the palette is shared with the gameplay tier, but graphics, cells and animations are distinct and roughly a fifth of the size. Its animation contract is also its own — see art:character-animation:db-main-slot-* and db-sub-slot-*."
art:character:m446-rizegreymon:rom-reference,CHARACTER,CHARACTER_ENTITY_REFERENCE,m446_rizegreymon,YDIJ decoded character runtime manifest,R:\NEXUS LINK\原作\CLAUDE_CODE_YDIJ_HANDOFF\02_CHARACTER_ART_STRUCTURE\digimon_runtime_manifest.json,DECODED_REFERENCE,RAW_ENTITY_M446_RIZEGREYMON,NDS_2D,PIXIJS_2D,NEEDS_REBUILD,ORIGINAL_REPLACEMENT_REQUIRED,VERIFIED_CROSSCHECK,ROM_COPYRIGHTED_REFERENCE,true,,,,,,,,,REBUILD,,[],"[""NEXUS_IDENTITY_AND_RIGHTS_REPLACEMENT_REQUIRED""]","digimon; 8 gameplay files per entity contract (Main/Sub x NANR, graphics, NCER, NCLR). Rendered sheets are research-only; do not copy identity pixels into shipping art."
art:character:m447-rapidmon:db-reference,CHARACTER,CHARACTER_DB_ENTITY_REFERENCE,db_digimon/m447_rapidmon,YDIJ ROM art census,docs/art/ROM_ART_CENSUS.json,ROM_BINARY,RAW_DB_ENTITY_M447_RAPIDMON,NDS_2D,PIXIJS_2D,NEEDS_REBUILD,ORIGINAL_REPLACEMENT_REQUIRED,VERIFIED_BINARY,ROM_COPYRIGHTED_REFERENCE,true,,,,,,,,,REBUILD,,[],"[""NEXUS_IDENTITY_AND_RIGHTS_REPLACEMENT_REQUIRED"",""DATABASE_TIER_NOT_IN_ORIGINAL_752_UNIT_AUDIT""]","Database/encyclopedia art tier for m447_rapidmon; regular; 8 files per entity (db Main/Sub x NANR, graphics, NCER, NCLR). A separate tier from the gameplay sprite set: the palette is shared with the gameplay tier, but graphics, cells and animations are distinct and roughly a fifth of the size. Its animation contract is also its own — see art:character-animation:db-main-slot-* and db-sub-slot-*."
art:character:m447-rapidmon:rom-reference,CHARACTER,CHARACTER_ENTITY_REFERENCE,m447_rapidmon,YDIJ decoded character runtime manifest,R:\NEXUS LINK\原作\CLAUDE_CODE_YDIJ_HANDOFF\02_CHARACTER_ART_STRUCTURE\digimon_runtime_manifest.json,DECODED_REFERENCE,RAW_ENTITY_M447_RAPIDMON,NDS_2D,PIXIJS_2D,NEEDS_REBUILD,ORIGINAL_REPLACEMENT_REQUIRED,VERIFIED_CROSSCHECK,ROM_COPYRIGHTED_REFERENCE,true,,,,,,,,,REBUILD,,[],"[""NEXUS_IDENTITY_AND_RIGHTS_REPLACEMENT_REQUIRED""]","digimon; 8 gameplay files per entity contract (Main/Sub x NANR, graphics, NCER, NCLR). Rendered sheets are research-only; do not copy identity pixels into shipping art."
art:character:m448-lilimon:db-reference,CHARACTER,CHARACTER_DB_ENTITY_REFERENCE,db_digimon/m448_lilimon,YDIJ ROM art census,docs/art/ROM_ART_CENSUS.json,ROM_BINARY,RAW_DB_ENTITY_M448_LILIMON,NDS_2D,PIXIJS_2D,NEEDS_REBUILD,ORIGINAL_REPLACEMENT_REQUIRED,VERIFIED_BINARY,ROM_COPYRIGHTED_REFERENCE,true,,,,,,,,,REBUILD,,[],"[""NEXUS_IDENTITY_AND_RIGHTS_REPLACEMENT_REQUIRED"",""DATABASE_TIER_NOT_IN_ORIGINAL_752_UNIT_AUDIT""]","Database/encyclopedia art tier for m448_lilimon; regular; 8 files per entity (db Main/Sub x NANR, graphics, NCER, NCLR). A separate tier from the gameplay sprite set: the palette is shared with the gameplay tier, but graphics, cells and animations are distinct and roughly a fifth of the size. Its animation contract is also its own — see art:character-animation:db-main-slot-* and db-sub-slot-*."
art:character:m448-lilimon:rom-reference,CHARACTER,CHARACTER_ENTITY_REFERENCE,m448_lilimon,YDIJ decoded character runtime manifest,R:\NEXUS LINK\原作\CLAUDE_CODE_YDIJ_HANDOFF\02_CHARACTER_ART_STRUCTURE\digimon_runtime_manifest.json,DECODED_REFERENCE,RAW_ENTITY_M448_LILIMON,NDS_2D,PIXIJS_2D,NEEDS_REBUILD,ORIGINAL_REPLACEMENT_REQUIRED,VERIFIED_CROSSCHECK,ROM_COPYRIGHTED_REFERENCE,true,,,,,,,,,REBUILD,,[],"[""NEXUS_IDENTITY_AND_RIGHTS_REPLACEMENT_REQUIRED""]","digimon; 8 gameplay files per entity contract (Main/Sub x NANR, graphics, NCER, NCLR). Rendered sheets are research-only; do not copy identity pixels into shipping art."
art:character:m449-ladydevimon:db-reference,CHARACTER,CHARACTER_DB_ENTITY_REFERENCE,db_digimon/m449_ladydevimon,YDIJ ROM art census,docs/art/ROM_ART_CENSUS.json,ROM_BINARY,RAW_DB_ENTITY_M449_LADYDEVIMON,NDS_2D,PIXIJS_2D,NEEDS_REBUILD,ORIGINAL_REPLACEMENT_REQUIRED,VERIFIED_BINARY,ROM_COPYRIGHTED_REFERENCE,true,,,,,,,,,REBUILD,,[],"[""NEXUS_IDENTITY_AND_RIGHTS_REPLACEMENT_REQUIRED"",""DATABASE_TIER_NOT_IN_ORIGINAL_752_UNIT_AUDIT""]","Database/encyclopedia art tier for m449_ladydevimon; regular; 8 files per entity (db Main/Sub x NANR, graphics, NCER, NCLR). A separate tier from the gameplay sprite set: the palette is shared with the gameplay tier, but graphics, cells and animations are distinct and roughly a fifth of the size. Its animation contract is also its own — see art:character-animation:db-main-slot-* and db-sub-slot-*."
art:character:m449-ladydevimon:rom-reference,CHARACTER,CHARACTER_ENTITY_REFERENCE,m449_ladydevimon,YDIJ decoded character runtime manifest,R:\NEXUS LINK\原作\CLAUDE_CODE_YDIJ_HANDOFF\02_CHARACTER_ART_STRUCTURE\digimon_runtime_manifest.json,DECODED_REFERENCE,RAW_ENTITY_M449_LADYDEVIMON,NDS_2D,PIXIJS_2D,NEEDS_REBUILD,ORIGINAL_REPLACEMENT_REQUIRED,VERIFIED_CROSSCHECK,ROM_COPYRIGHTED_REFERENCE,true,,,,,,,,,REBUILD,,[],"[""NEXUS_IDENTITY_AND_RIGHTS_REPLACEMENT_REQUIRED""]","digimon; 8 gameplay files per entity contract (Main/Sub x NANR, graphics, NCER, NCLR). Rendered sheets are research-only; do not copy identity pixels into shipping art."
art:character:m450-warumonzaemon:db-reference,CHARACTER,CHARACTER_DB_ENTITY_REFERENCE,db_digimon/m450_warumonzaemon,YDIJ ROM art census,docs/art/ROM_ART_CENSUS.json,ROM_BINARY,RAW_DB_ENTITY_M450_WARUMONZAEMON,NDS_2D,PIXIJS_2D,NEEDS_REBUILD,ORIGINAL_REPLACEMENT_REQUIRED,VERIFIED_BINARY,ROM_COPYRIGHTED_REFERENCE,true,,,,,,,,,REBUILD,,[],"[""NEXUS_IDENTITY_AND_RIGHTS_REPLACEMENT_REQUIRED"",""DATABASE_TIER_NOT_IN_ORIGINAL_752_UNIT_AUDIT""]","Database/encyclopedia art tier for m450_warumonzaemon; regular; 8 files per entity (db Main/Sub x NANR, graphics, NCER, NCLR). A separate tier from the gameplay sprite set: the palette is shared with the gameplay tier, but graphics, cells and animations are distinct and roughly a fifth of the size. Its animation contract is also its own — see art:character-animation:db-main-slot-* and db-sub-slot-*."
art:character:m450-warumonzaemon:rom-reference,CHARACTER,CHARACTER_ENTITY_REFERENCE,m450_warumonzaemon,YDIJ decoded character runtime manifest,R:\NEXUS LINK\原作\CLAUDE_CODE_YDIJ_HANDOFF\02_CHARACTER_ART_STRUCTURE\digimon_runtime_manifest.json,DECODED_REFERENCE,RAW_ENTITY_M450_WARUMONZAEMON,NDS_2D,PIXIJS_2D,NEEDS_REBUILD,ORIGINAL_REPLACEMENT_REQUIRED,VERIFIED_CROSSCHECK,ROM_COPYRIGHTED_REFERENCE,true,,,,,,,,,REBUILD,,[],"[""NEXUS_IDENTITY_AND_RIGHTS_REPLACEMENT_REQUIRED""]","digimon; 8 gameplay files per entity contract (Main/Sub x NANR, graphics, NCER, NCLR). Rendered sheets are research-only; do not copy identity pixels into shipping art."
art:character:m451-weregarurumon-va:db-reference,CHARACTER,CHARACTER_DB_ENTITY_REFERENCE,db_digimon/m451_weregarurumon_va,YDIJ ROM art census,docs/art/ROM_ART_CENSUS.json,ROM_BINARY,RAW_DB_ENTITY_M451_WEREGARURUMON_VA,NDS_2D,PIXIJS_2D,NEEDS_REBUILD,ORIGINAL_REPLACEMENT_REQUIRED,VERIFIED_BINARY,ROM_COPYRIGHTED_REFERENCE,true,,,,,,,,,REBUILD,,[],"[""NEXUS_IDENTITY_AND_RIGHTS_REPLACEMENT_REQUIRED"",""DATABASE_TIER_NOT_IN_ORIGINAL_752_UNIT_AUDIT""]","Database/encyclopedia art tier for m451_weregarurumon_va; regular; 8 files per entity (db Main/Sub x NANR, graphics, NCER, NCLR). A separate tier from the gameplay sprite set: the palette is shared with the gameplay tier, but graphics, cells and animations are distinct and roughly a fifth of the size. Its animation contract is also its own — see art:character-animation:db-main-slot-* and db-sub-slot-*."
art:character:m451-weregarurumon-va:rom-reference,CHARACTER,CHARACTER_ENTITY_REFERENCE,m451_weregarurumon_va,YDIJ decoded character runtime manifest,R:\NEXUS LINK\原作\CLAUDE_CODE_YDIJ_HANDOFF\02_CHARACTER_ART_STRUCTURE\digimon_runtime_manifest.json,DECODED_REFERENCE,RAW_ENTITY_M451_WEREGARURUMON_VA,NDS_2D,PIXIJS_2D,NEEDS_REBUILD,ORIGINAL_REPLACEMENT_REQUIRED,VERIFIED_CROSSCHECK,ROM_COPYRIGHTED_REFERENCE,true,,,,,,,,,REBUILD,,[],"[""NEXUS_IDENTITY_AND_RIGHTS_REPLACEMENT_REQUIRED""]","digimon; 8 gameplay files per entity contract (Main/Sub x NANR, graphics, NCER, NCLR). Rendered sheets are research-only; do not copy identity pixels into shipping art."
art:character:m452-weregarurumon-vi:db-reference,CHARACTER,CHARACTER_DB_ENTITY_REFERENCE,db_digimon/m452_weregarurumon_vi,YDIJ ROM art census,docs/art/ROM_ART_CENSUS.json,ROM_BINARY,RAW_DB_ENTITY_M452_WEREGARURUMON_VI,NDS_2D,PIXIJS_2D,NEEDS_REBUILD,ORIGINAL_REPLACEMENT_REQUIRED,VERIFIED_BINARY,ROM_COPYRIGHTED_REFERENCE,true,,,,,,,,,REBUILD,,[],"[""NEXUS_IDENTITY_AND_RIGHTS_REPLACEMENT_REQUIRED"",""DATABASE_TIER_NOT_IN_ORIGINAL_752_UNIT_AUDIT""]","Database/encyclopedia art tier for m452_weregarurumon_vi; regular; 8 files per entity (db Main/Sub x NANR, graphics, NCER, NCLR). A separate tier from the gameplay sprite set: the palette is shared with the gameplay tier, but graphics, cells and animations are distinct and roughly a fifth of the size. Its animation contract is also its own — see art:character-animation:db-main-slot-* and db-sub-slot-*."
art:character:m452-weregarurumon-vi:rom-reference,CHARACTER,CHARACTER_ENTITY_REFERENCE,m452_weregarurumon_vi,YDIJ decoded character runtime manifest,R:\NEXUS LINK\原作\CLAUDE_CODE_YDIJ_HANDOFF\02_CHARACTER_ART_STRUCTURE\digimon_runtime_manifest.json,DECODED_REFERENCE,RAW_ENTITY_M452_WEREGARURUMON_VI,NDS_2D,PIXIJS_2D,NEEDS_REBUILD,ORIGINAL_REPLACEMENT_REQUIRED,VERIFIED_CROSSCHECK,ROM_COPYRIGHTED_REFERENCE,true,,,,,,,,,REBUILD,,[],"[""NEXUS_IDENTITY_AND_RIGHTS_REPLACEMENT_REQUIRED""]","digimon; 8 gameplay files per entity contract (Main/Sub x NANR, graphics, NCER, NCLR). Rendered sheets are research-only; do not copy identity pixels into shipping art."
art:character:m453-wingdramon:db-reference,CHARACTER,CHARACTER_DB_ENTITY_REFERENCE,db_digimon/m453_wingdramon,YDIJ ROM art census,docs/art/ROM_ART_CENSUS.json,ROM_BINARY,RAW_DB_ENTITY_M453_WINGDRAMON,NDS_2D,PIXIJS_2D,NEEDS_REBUILD,ORIGINAL_REPLACEMENT_REQUIRED,VERIFIED_BINARY,ROM_COPYRIGHTED_REFERENCE,true,,,,,,,,,REBUILD,,[],"[""NEXUS_IDENTITY_AND_RIGHTS_REPLACEMENT_REQUIRED"",""DATABASE_TIER_NOT_IN_ORIGINAL_752_UNIT_AUDIT""]","Database/encyclopedia art tier for m453_wingdramon; regular; 8 files per entity (db Main/Sub x NANR, graphics, NCER, NCLR). A separate tier from the gameplay sprite set: the palette is shared with the gameplay tier, but graphics, cells and animations are distinct and roughly a fifth of the size. Its animation contract is also its own — see art:character-animation:db-main-slot-* and db-sub-slot-*."
art:character:m453-wingdramon:rom-reference,CHARACTER,CHARACTER_ENTITY_REFERENCE,m453_wingdramon,YDIJ decoded character runtime manifest,R:\NEXUS LINK\原作\CLAUDE_CODE_YDIJ_HANDOFF\02_CHARACTER_ART_STRUCTURE\digimon_runtime_manifest.json,DECODED_REFERENCE,RAW_ENTITY_M453_WINGDRAMON,NDS_2D,PIXIJS_2D,NEEDS_REBUILD,ORIGINAL_REPLACEMENT_REQUIRED,VERIFIED_CROSSCHECK,ROM_COPYRIGHTED_REFERENCE,true,,,,,,,,,REBUILD,,[],"[""NEXUS_IDENTITY_AND_RIGHTS_REPLACEMENT_REQUIRED""]","digimon; 8 gameplay files per entity contract (Main/Sub x NANR, graphics, NCER, NCLR). Rendered sheets are research-only; do not copy identity pixels into shipping art."
art:character:m454-grondramon:db-reference,CHARACTER,CHARACTER_DB_ENTITY_REFERENCE,db_digimon/m454_grondramon,YDIJ ROM art census,docs/art/ROM_ART_CENSUS.json,ROM_BINARY,RAW_DB_ENTITY_M454_GRONDRAMON,NDS_2D,PIXIJS_2D,NEEDS_REBUILD,ORIGINAL_REPLACEMENT_REQUIRED,VERIFIED_BINARY,ROM_COPYRIGHTED_REFERENCE,true,,,,,,,,,REBUILD,,[],"[""NEXUS_IDENTITY_AND_RIGHTS_REPLACEMENT_REQUIRED"",""DATABASE_TIER_NOT_IN_ORIGINAL_752_UNIT_AUDIT""]","Database/encyclopedia art tier for m454_grondramon; regular; 8 files per entity (db Main/Sub x NANR, graphics, NCER, NCLR). A separate tier from the gameplay sprite set: the palette is shared with the gameplay tier, but graphics, cells and animations are distinct and roughly a fifth of the size. Its animation contract is also its own — see art:character-animation:db-main-slot-* and db-sub-slot-*."
art:character:m454-grondramon:rom-reference,CHARACTER,CHARACTER_ENTITY_REFERENCE,m454_grondramon,YDIJ decoded character runtime manifest,R:\NEXUS LINK\原作\CLAUDE_CODE_YDIJ_HANDOFF\02_CHARACTER_ART_STRUCTURE\digimon_runtime_manifest.json,DECODED_REFERENCE,RAW_ENTITY_M454_GRONDRAMON,NDS_2D,PIXIJS_2D,NEEDS_REBUILD,ORIGINAL_REPLACEMENT_REQUIRED,VERIFIED_CROSSCHECK,ROM_COPYRIGHTED_REFERENCE,true,,,,,,,,,REBUILD,,[],"[""NEXUS_IDENTITY_AND_RIGHTS_REPLACEMENT_REQUIRED""]","digimon; 8 gameplay files per entity contract (Main/Sub x NANR, graphics, NCER, NCLR). Rendered sheets are research-only; do not copy identity pixels into shipping art."
art:character:m455-flaremon:db-reference,CHARACTER,CHARACTER_DB_ENTITY_REFERENCE,db_digimon/m455_flaremon,YDIJ ROM art census,docs/art/ROM_ART_CENSUS.json,ROM_BINARY,RAW_DB_ENTITY_M455_FLAREMON,NDS_2D,PIXIJS_2D,NEEDS_REBUILD,ORIGINAL_REPLACEMENT_REQUIRED,VERIFIED_BINARY,ROM_COPYRIGHTED_REFERENCE,true,,,,,,,,,REBUILD,,[],"[""NEXUS_IDENTITY_AND_RIGHTS_REPLACEMENT_REQUIRED"",""DATABASE_TIER_NOT_IN_ORIGINAL_752_UNIT_AUDIT""]","Database/encyclopedia art tier for m455_flaremon; regular; 8 files per entity (db Main/Sub x NANR, graphics, NCER, NCLR). A separate tier from the gameplay sprite set: the palette is shared with the gameplay tier, but graphics, cells and animations are distinct and roughly a fifth of the size. Its animation contract is also its own — see art:character-animation:db-main-slot-* and db-sub-slot-*."
art:character:m455-flaremon:rom-reference,CHARACTER,CHARACTER_ENTITY_REFERENCE,m455_flaremon,YDIJ decoded character runtime manifest,R:\NEXUS LINK\原作\CLAUDE_CODE_YDIJ_HANDOFF\02_CHARACTER_ART_STRUCTURE\digimon_runtime_manifest.json,DECODED_REFERENCE,RAW_ENTITY_M455_FLAREMON,NDS_2D,PIXIJS_2D,NEEDS_REBUILD,ORIGINAL_REPLACEMENT_REQUIRED,VERIFIED_CROSSCHECK,ROM_COPYRIGHTED_REFERENCE,true,,,,,,,,,REBUILD,,[],"[""NEXUS_IDENTITY_AND_RIGHTS_REPLACEMENT_REQUIRED""]","digimon; 8 gameplay files per entity contract (Main/Sub x NANR, graphics, NCER, NCLR). Rendered sheets are research-only; do not copy identity pixels into shipping art."
art:character:m456-crescemon:db-reference,CHARACTER,CHARACTER_DB_ENTITY_REFERENCE,db_digimon/m456_crescemon,YDIJ ROM art census,docs/art/ROM_ART_CENSUS.json,ROM_BINARY,RAW_DB_ENTITY_M456_CRESCEMON,NDS_2D,PIXIJS_2D,NEEDS_REBUILD,ORIGINAL_REPLACEMENT_REQUIRED,VERIFIED_BINARY,ROM_COPYRIGHTED_REFERENCE,true,,,,,,,,,REBUILD,,[],"[""NEXUS_IDENTITY_AND_RIGHTS_REPLACEMENT_REQUIRED"",""DATABASE_TIER_NOT_IN_ORIGINAL_752_UNIT_AUDIT""]","Database/encyclopedia art tier for m456_crescemon; regular; 8 files per entity (db Main/Sub x NANR, graphics, NCER, NCLR). A separate tier from the gameplay sprite set: the palette is shared with the gameplay tier, but graphics, cells and animations are distinct and roughly a fifth of the size. Its animation contract is also its own — see art:character-animation:db-main-slot-* and db-sub-slot-*."
art:character:m456-crescemon:rom-reference,CHARACTER,CHARACTER_ENTITY_REFERENCE,m456_crescemon,YDIJ decoded character runtime manifest,R:\NEXUS LINK\原作\CLAUDE_CODE_YDIJ_HANDOFF\02_CHARACTER_ART_STRUCTURE\digimon_runtime_manifest.json,DECODED_REFERENCE,RAW_ENTITY_M456_CRESCEMON,NDS_2D,PIXIJS_2D,NEEDS_REBUILD,ORIGINAL_REPLACEMENT_REQUIRED,VERIFIED_CROSSCHECK,ROM_COPYRIGHTED_REFERENCE,true,,,,,,,,,REBUILD,,[],"[""NEXUS_IDENTITY_AND_RIGHTS_REPLACEMENT_REQUIRED""]","digimon; 8 gameplay files per entity contract (Main/Sub x NANR, graphics, NCER, NCLR). Rendered sheets are research-only; do not copy identity pixels into shipping art."
art:character:m457-superstarmon:db-reference,CHARACTER,CHARACTER_DB_ENTITY_REFERENCE,db_digimon/m457_superstarmon,YDIJ ROM art census,docs/art/ROM_ART_CENSUS.json,ROM_BINARY,RAW_DB_ENTITY_M457_SUPERSTARMON,NDS_2D,PIXIJS_2D,NEEDS_REBUILD,ORIGINAL_REPLACEMENT_REQUIRED,VERIFIED_BINARY,ROM_COPYRIGHTED_REFERENCE,true,,,,,,,,,REBUILD,,[],"[""NEXUS_IDENTITY_AND_RIGHTS_REPLACEMENT_REQUIRED"",""DATABASE_TIER_NOT_IN_ORIGINAL_752_UNIT_AUDIT""]","Database/encyclopedia art tier for m457_superstarmon; regular; 8 files per entity (db Main/Sub x NANR, graphics, NCER, NCLR). A separate tier from the gameplay sprite set: the palette is shared with the gameplay tier, but graphics, cells and animations are distinct and roughly a fifth of the size. Its animation contract is also its own — see art:character-animation:db-main-slot-* and db-sub-slot-*."
art:character:m457-superstarmon:rom-reference,CHARACTER,CHARACTER_ENTITY_REFERENCE,m457_superstarmon,YDIJ decoded character runtime manifest,R:\NEXUS LINK\原作\CLAUDE_CODE_YDIJ_HANDOFF\02_CHARACTER_ART_STRUCTURE\digimon_runtime_manifest.json,DECODED_REFERENCE,RAW_ENTITY_M457_SUPERSTARMON,NDS_2D,PIXIJS_2D,NEEDS_REBUILD,ORIGINAL_REPLACEMENT_REQUIRED,VERIFIED_CROSSCHECK,ROM_COPYRIGHTED_REFERENCE,true,,,,,,,,,REBUILD,,[],"[""NEXUS_IDENTITY_AND_RIGHTS_REPLACEMENT_REQUIRED""]","digimon; 8 gameplay files per entity contract (Main/Sub x NANR, graphics, NCER, NCLR). Rendered sheets are research-only; do not copy identity pixels into shipping art."
art:character:m458-blackrapidmon:db-reference,CHARACTER,CHARACTER_DB_ENTITY_REFERENCE,db_digimon/m458_blackrapidmon,YDIJ ROM art census,docs/art/ROM_ART_CENSUS.json,ROM_BINARY,RAW_DB_ENTITY_M458_BLACKRAPIDMON,NDS_2D,PIXIJS_2D,NEEDS_REBUILD,ORIGINAL_REPLACEMENT_REQUIRED,VERIFIED_BINARY,ROM_COPYRIGHTED_REFERENCE,true,,,,,,,,,REBUILD,,[],"[""NEXUS_IDENTITY_AND_RIGHTS_REPLACEMENT_REQUIRED"",""DATABASE_TIER_NOT_IN_ORIGINAL_752_UNIT_AUDIT""]","Database/encyclopedia art tier for m458_blackrapidmon; regular; 8 files per entity (db Main/Sub x NANR, graphics, NCER, NCLR). A separate tier from the gameplay sprite set: the palette is shared with the gameplay tier, but graphics, cells and animations are distinct and roughly a fifth of the size. Its animation contract is also its own — see art:character-animation:db-main-slot-* and db-sub-slot-*."
art:character:m458-blackrapidmon:rom-reference,CHARACTER,CHARACTER_ENTITY_REFERENCE,m458_blackrapidmon,YDIJ decoded character runtime manifest,R:\NEXUS LINK\原作\CLAUDE_CODE_YDIJ_HANDOFF\02_CHARACTER_ART_STRUCTURE\digimon_runtime_manifest.json,DECODED_REFERENCE,RAW_ENTITY_M458_BLACKRAPIDMON,NDS_2D,PIXIJS_2D,NEEDS_REBUILD,ORIGINAL_REPLACEMENT_REQUIRED,VERIFIED_CROSSCHECK,ROM_COPYRIGHTED_REFERENCE,true,,,,,,,,,REBUILD,,[],"[""NEXUS_IDENTITY_AND_RIGHTS_REPLACEMENT_REQUIRED""]","digimon; 8 gameplay files per entity contract (Main/Sub x NANR, graphics, NCER, NCLR). Rendered sheets are research-only; do not copy identity pixels into shipping art."
art:character:m501-vikemon:db-reference,CHARACTER,CHARACTER_DB_ENTITY_REFERENCE,db_digimon/m501_vikemon,YDIJ ROM art census,docs/art/ROM_ART_CENSUS.json,ROM_BINARY,RAW_DB_ENTITY_M501_VIKEMON,NDS_2D,PIXIJS_2D,NEEDS_REBUILD,ORIGINAL_REPLACEMENT_REQUIRED,VERIFIED_BINARY,ROM_COPYRIGHTED_REFERENCE,true,,,,,,,,,REBUILD,,[],"[""NEXUS_IDENTITY_AND_RIGHTS_REPLACEMENT_REQUIRED"",""DATABASE_TIER_NOT_IN_ORIGINAL_752_UNIT_AUDIT""]","Database/encyclopedia art tier for m501_vikemon; regular; 8 files per entity (db Main/Sub x NANR, graphics, NCER, NCLR). A separate tier from the gameplay sprite set: the palette is shared with the gameplay tier, but graphics, cells and animations are distinct and roughly a fifth of the size. Its animation contract is also its own — see art:character-animation:db-main-slot-* and db-sub-slot-*."
art:character:m501-vikemon:rom-reference,CHARACTER,CHARACTER_ENTITY_REFERENCE,m501_vikemon,YDIJ decoded character runtime manifest,R:\NEXUS LINK\原作\CLAUDE_CODE_YDIJ_HANDOFF\02_CHARACTER_ART_STRUCTURE\digimon_runtime_manifest.json,DECODED_REFERENCE,RAW_ENTITY_M501_VIKEMON,NDS_2D,PIXIJS_2D,NEEDS_REBUILD,ORIGINAL_REPLACEMENT_REQUIRED,VERIFIED_CROSSCHECK,ROM_COPYRIGHTED_REFERENCE,true,,,,,,,,,REBUILD,,[],"[""NEXUS_IDENTITY_AND_RIGHTS_REPLACEMENT_REQUIRED""]","digimon; 8 gameplay files per entity contract (Main/Sub x NANR, graphics, NCER, NCLR). Rendered sheets are research-only; do not copy identity pixels into shipping art."
art:character:m502-valkyrimon:db-reference,CHARACTER,CHARACTER_DB_ENTITY_REFERENCE,db_digimon/m502_valkyrimon,YDIJ ROM art census,docs/art/ROM_ART_CENSUS.json,ROM_BINARY,RAW_DB_ENTITY_M502_VALKYRIMON,NDS_2D,PIXIJS_2D,NEEDS_REBUILD,ORIGINAL_REPLACEMENT_REQUIRED,VERIFIED_BINARY,ROM_COPYRIGHTED_REFERENCE,true,,,,,,,,,REBUILD,,[],"[""NEXUS_IDENTITY_AND_RIGHTS_REPLACEMENT_REQUIRED"",""DATABASE_TIER_NOT_IN_ORIGINAL_752_UNIT_AUDIT""]","Database/encyclopedia art tier for m502_valkyrimon; regular; 8 files per entity (db Main/Sub x NANR, graphics, NCER, NCLR). A separate tier from the gameplay sprite set: the palette is shared with the gameplay tier, but graphics, cells and animations are distinct and roughly a fifth of the size. Its animation contract is also its own — see art:character-animation:db-main-slot-* and db-sub-slot-*."
art:character:m502-valkyrimon:rom-reference,CHARACTER,CHARACTER_ENTITY_REFERENCE,m502_valkyrimon,YDIJ decoded character runtime manifest,R:\NEXUS LINK\原作\CLAUDE_CODE_YDIJ_HANDOFF\02_CHARACTER_ART_STRUCTURE\digimon_runtime_manifest.json,DECODED_REFERENCE,RAW_ENTITY_M502_VALKYRIMON,NDS_2D,PIXIJS_2D,NEEDS_REBUILD,ORIGINAL_REPLACEMENT_REQUIRED,VERIFIED_CROSSCHECK,ROM_COPYRIGHTED_REFERENCE,true,,,,,,,,,REBUILD,,[],"[""NEXUS_IDENTITY_AND_RIGHTS_REPLACEMENT_REQUIRED""]","digimon; 8 gameplay files per entity contract (Main/Sub x NANR, graphics, NCER, NCLR). Rendered sheets are research-only; do not copy identity pixels into shipping art."
art:character:m503-warglaymon:db-reference,CHARACTER,CHARACTER_DB_ENTITY_REFERENCE,db_digimon/m503_warglaymon,YDIJ ROM art census,docs/art/ROM_ART_CENSUS.json,ROM_BINARY,RAW_DB_ENTITY_M503_WARGLAYMON,NDS_2D,PIXIJS_2D,NEEDS_REBUILD,ORIGINAL_REPLACEMENT_REQUIRED,VERIFIED_BINARY,ROM_COPYRIGHTED_REFERENCE,true,,,,,,,,,REBUILD,,[],"[""NEXUS_IDENTITY_AND_RIGHTS_REPLACEMENT_REQUIRED"",""DATABASE_TIER_NOT_IN_ORIGINAL_752_UNIT_AUDIT""]","Database/encyclopedia art tier for m503_warglaymon; regular; 8 files per entity (db Main/Sub x NANR, graphics, NCER, NCLR). A separate tier from the gameplay sprite set: the palette is shared with the gameplay tier, but graphics, cells and animations are distinct and roughly a fifth of the size. Its animation contract is also its own — see art:character-animation:db-main-slot-* and db-sub-slot-*."
art:character:m503-warglaymon:rom-reference,CHARACTER,CHARACTER_ENTITY_REFERENCE,m503_warglaymon,YDIJ decoded character runtime manifest,R:\NEXUS LINK\原作\CLAUDE_CODE_YDIJ_HANDOFF\02_CHARACTER_ART_STRUCTURE\digimon_runtime_manifest.json,DECODED_REFERENCE,RAW_ENTITY_M503_WARGLAYMON,NDS_2D,PIXIJS_2D,NEEDS_REBUILD,ORIGINAL_REPLACEMENT_REQUIRED,VERIFIED_CROSSCHECK,ROM_COPYRIGHTED_REFERENCE,true,,,,,,,,,REBUILD,,[],"[""NEXUS_IDENTITY_AND_RIGHTS_REPLACEMENT_REQUIRED""]","digimon; 8 gameplay files per entity contract (Main/Sub x NANR, graphics, NCER, NCLR). Rendered sheets are research-only; do not copy identity pixels into shipping art."
art:character:m504-gigaseadramon:db-reference,CHARACTER,CHARACTER_DB_ENTITY_REFERENCE,db_digimon/m504_gigaseadramon,YDIJ ROM art census,docs/art/ROM_ART_CENSUS.json,ROM_BINARY,RAW_DB_ENTITY_M504_GIGASEADRAMON,NDS_2D,PIXIJS_2D,NEEDS_REBUILD,ORIGINAL_REPLACEMENT_REQUIRED,VERIFIED_BINARY,ROM_COPYRIGHTED_REFERENCE,true,,,,,,,,,REBUILD,,[],"[""NEXUS_IDENTITY_AND_RIGHTS_REPLACEMENT_REQUIRED"",""DATABASE_TIER_NOT_IN_ORIGINAL_752_UNIT_AUDIT""]","Database/encyclopedia art tier for m504_gigaseadramon; regular; 8 files per entity (db Main/Sub x NANR, graphics, NCER, NCLR). A separate tier from the gameplay sprite set: the palette is shared with the gameplay tier, but graphics, cells and animations are distinct and roughly a fifth of the size. Its animation contract is also its own — see art:character-animation:db-main-slot-* and db-sub-slot-*."
art:character:m504-gigaseadramon:rom-reference,CHARACTER,CHARACTER_ENTITY_REFERENCE,m504_gigaseadramon,YDIJ decoded character runtime manifest,R:\NEXUS LINK\原作\CLAUDE_CODE_YDIJ_HANDOFF\02_CHARACTER_ART_STRUCTURE\digimon_runtime_manifest.json,DECODED_REFERENCE,RAW_ENTITY_M504_GIGASEADRAMON,NDS_2D,PIXIJS_2D,NEEDS_REBUILD,ORIGINAL_REPLACEMENT_REQUIRED,VERIFIED_CROSSCHECK,ROM_COPYRIGHTED_REFERENCE,true,,,,,,,,,REBUILD,,[],"[""NEXUS_IDENTITY_AND_RIGHTS_REPLACEMENT_REQUIRED""]","digimon; 8 gameplay files per entity contract (Main/Sub x NANR, graphics, NCER, NCLR). Rendered sheets are research-only; do not copy identity pixels into shipping art."
art:character:m505-grankuwagamon:db-reference,CHARACTER,CHARACTER_DB_ENTITY_REFERENCE,db_digimon/m505_grankuwagamon,YDIJ ROM art census,docs/art/ROM_ART_CENSUS.json,ROM_BINARY,RAW_DB_ENTITY_M505_GRANKUWAGAMON,NDS_2D,PIXIJS_2D,NEEDS_REBUILD,ORIGINAL_REPLACEMENT_REQUIRED,VERIFIED_BINARY,ROM_COPYRIGHTED_REFERENCE,true,,,,,,,,,REBUILD,,[],"[""NEXUS_IDENTITY_AND_RIGHTS_REPLACEMENT_REQUIRED"",""DATABASE_TIER_NOT_IN_ORIGINAL_752_UNIT_AUDIT""]","Database/encyclopedia art tier for m505_grankuwagamon; regular; 8 files per entity (db Main/Sub x NANR, graphics, NCER, NCLR). A separate tier from the gameplay sprite set: the palette is shared with the gameplay tier, but graphics, cells and animations are distinct and roughly a fifth of the size. Its animation contract is also its own — see art:character-animation:db-main-slot-* and db-sub-slot-*."
art:character:m505-grankuwagamon:rom-reference,CHARACTER,CHARACTER_ENTITY_REFERENCE,m505_grankuwagamon,YDIJ decoded character runtime manifest,R:\NEXUS LINK\原作\CLAUDE_CODE_YDIJ_HANDOFF\02_CHARACTER_ART_STRUCTURE\digimon_runtime_manifest.json,DECODED_REFERENCE,RAW_ENTITY_M505_GRANKUWAGAMON,NDS_2D,PIXIJS_2D,NEEDS_REBUILD,ORIGINAL_REPLACEMENT_REQUIRED,VERIFIED_CROSSCHECK,ROM_COPYRIGHTED_REFERENCE,true,,,,,,,,,REBUILD,,[],"[""NEXUS_IDENTITY_AND_RIGHTS_REPLACEMENT_REQUIRED""]","digimon; 8 gameplay files per entity contract (Main/Sub x NANR, graphics, NCER, NCLR). Rendered sheets are research-only; do not copy identity pixels into shipping art."
art:character:m506-griffomon:db-reference,CHARACTER,CHARACTER_DB_ENTITY_REFERENCE,db_digimon/m506_griffomon,YDIJ ROM art census,docs/art/ROM_ART_CENSUS.json,ROM_BINARY,RAW_DB_ENTITY_M506_GRIFFOMON,NDS_2D,PIXIJS_2D,NEEDS_REBUILD,ORIGINAL_REPLACEMENT_REQUIRED,VERIFIED_BINARY,ROM_COPYRIGHTED_REFERENCE,true,,,,,,,,,REBUILD,,[],"[""NEXUS_IDENTITY_AND_RIGHTS_REPLACEMENT_REQUIRED"",""DATABASE_TIER_NOT_IN_ORIGINAL_752_UNIT_AUDIT""]","Database/encyclopedia art tier for m506_griffomon; regular; 8 files per entity (db Main/Sub x NANR, graphics, NCER, NCLR). A separate tier from the gameplay sprite set: the palette is shared with the gameplay tier, but graphics, cells and animations are distinct and roughly a fifth of the size. Its animation contract is also its own — see art:character-animation:db-main-slot-* and db-sub-slot-*."
art:character:m506-griffomon:rom-reference,CHARACTER,CHARACTER_ENTITY_REFERENCE,m506_griffomon,YDIJ decoded character runtime manifest,R:\NEXUS LINK\原作\CLAUDE_CODE_YDIJ_HANDOFF\02_CHARACTER_ART_STRUCTURE\digimon_runtime_manifest.json,DECODED_REFERENCE,RAW_ENTITY_M506_GRIFFOMON,NDS_2D,PIXIJS_2D,NEEDS_REBUILD,ORIGINAL_REPLACEMENT_REQUIRED,VERIFIED_CROSSCHECK,ROM_COPYRIGHTED_REFERENCE,true,,,,,,,,,REBUILD,,[],"[""NEXUS_IDENTITY_AND_RIGHTS_REPLACEMENT_REQUIRED""]","digimon; 8 gameplay files per entity contract (Main/Sub x NANR, graphics, NCER, NCLR). Rendered sheets are research-only; do not copy identity pixels into shipping art."
art:character:m507-crossmon:db-reference,CHARACTER,CHARACTER_DB_ENTITY_REFERENCE,db_digimon/m507_crossmon,YDIJ ROM art census,docs/art/ROM_ART_CENSUS.json,ROM_BINARY,RAW_DB_ENTITY_M507_CROSSMON,NDS_2D,PIXIJS_2D,NEEDS_REBUILD,ORIGINAL_REPLACEMENT_REQUIRED,VERIFIED_BINARY,ROM_COPYRIGHTED_REFERENCE,true,,,,,,,,,REBUILD,,[],"[""NEXUS_IDENTITY_AND_RIGHTS_REPLACEMENT_REQUIRED"",""DATABASE_TIER_NOT_IN_ORIGINAL_752_UNIT_AUDIT""]","Database/encyclopedia art tier for m507_crossmon; regular; 8 files per entity (db Main/Sub x NANR, graphics, NCER, NCLR). A separate tier from the gameplay sprite set: the palette is shared with the gameplay tier, but graphics, cells and animations are distinct and roughly a fifth of the size. Its animation contract is also its own — see art:character-animation:db-main-slot-* and db-sub-slot-*."
art:character:m507-crossmon:rom-reference,CHARACTER,CHARACTER_ENTITY_REFERENCE,m507_crossmon,YDIJ decoded character runtime manifest,R:\NEXUS LINK\原作\CLAUDE_CODE_YDIJ_HANDOFF\02_CHARACTER_ART_STRUCTURE\digimon_runtime_manifest.json,DECODED_REFERENCE,RAW_ENTITY_M507_CROSSMON,NDS_2D,PIXIJS_2D,NEEDS_REBUILD,ORIGINAL_REPLACEMENT_REQUIRED,VERIFIED_CROSSCHECK,ROM_COPYRIGHTED_REFERENCE,true,,,,,,,,,REBUILD,,[],"[""NEXUS_IDENTITY_AND_RIGHTS_REPLACEMENT_REQUIRED""]","digimon; 8 gameplay files per entity contract (Main/Sub x NANR, graphics, NCER, NCLR). Rendered sheets are research-only; do not copy identity pixels into shipping art."
art:character:m508-saberleomon:db-reference,CHARACTER,CHARACTER_DB_ENTITY_REFERENCE,db_digimon/m508_saberleomon,YDIJ ROM art census,docs/art/ROM_ART_CENSUS.json,ROM_BINARY,RAW_DB_ENTITY_M508_SABERLEOMON,NDS_2D,PIXIJS_2D,NEEDS_REBUILD,ORIGINAL_REPLACEMENT_REQUIRED,VERIFIED_BINARY,ROM_COPYRIGHTED_REFERENCE,true,,,,,,,,,REBUILD,,[],"[""NEXUS_IDENTITY_AND_RIGHTS_REPLACEMENT_REQUIRED"",""DATABASE_TIER_NOT_IN_ORIGINAL_752_UNIT_AUDIT""]","Database/encyclopedia art tier for m508_saberleomon; regular; 8 files per entity (db Main/Sub x NANR, graphics, NCER, NCLR). A separate tier from the gameplay sprite set: the palette is shared with the gameplay tier, but graphics, cells and animations are distinct and roughly a fifth of the size. Its animation contract is also its own — see art:character-animation:db-main-slot-* and db-sub-slot-*."
art:character:m508-saberleomon:rom-reference,CHARACTER,CHARACTER_ENTITY_REFERENCE,m508_saberleomon,YDIJ decoded character runtime manifest,R:\NEXUS LINK\原作\CLAUDE_CODE_YDIJ_HANDOFF\02_CHARACTER_ART_STRUCTURE\digimon_runtime_manifest.json,DECODED_REFERENCE,RAW_ENTITY_M508_SABERLEOMON,NDS_2D,PIXIJS_2D,NEEDS_REBUILD,ORIGINAL_REPLACEMENT_REQUIRED,VERIFIED_CROSSCHECK,ROM_COPYRIGHTED_REFERENCE,true,,,,,,,,,REBUILD,,[],"[""NEXUS_IDENTITY_AND_RIGHTS_REPLACEMENT_REQUIRED""]","digimon; 8 gameplay files per entity contract (Main/Sub x NANR, graphics, NCER, NCLR). Rendered sheets are research-only; do not copy identity pixels into shipping art."
art:character:m509-shinegraymon:db-reference,CHARACTER,CHARACTER_DB_ENTITY_REFERENCE,db_digimon/m509_shinegraymon,YDIJ ROM art census,docs/art/ROM_ART_CENSUS.json,ROM_BINARY,RAW_DB_ENTITY_M509_SHINEGRAYMON,NDS_2D,PIXIJS_2D,NEEDS_REBUILD,ORIGINAL_REPLACEMENT_REQUIRED,VERIFIED_BINARY,ROM_COPYRIGHTED_REFERENCE,true,,,,,,,,,REBUILD,,[],"[""NEXUS_IDENTITY_AND_RIGHTS_REPLACEMENT_REQUIRED"",""DATABASE_TIER_NOT_IN_ORIGINAL_752_UNIT_AUDIT""]","Database/encyclopedia art tier for m509_shinegraymon; regular; 8 files per entity (db Main/Sub x NANR, graphics, NCER, NCLR). A separate tier from the gameplay sprite set: the palette is shared with the gameplay tier, but graphics, cells and animations are distinct and roughly a fifth of the size. Its animation contract is also its own — see art:character-animation:db-main-slot-* and db-sub-slot-*."
art:character:m509-shinegraymon:rom-reference,CHARACTER,CHARACTER_ENTITY_REFERENCE,m509_shinegraymon,YDIJ decoded character runtime manifest,R:\NEXUS LINK\原作\CLAUDE_CODE_YDIJ_HANDOFF\02_CHARACTER_ART_STRUCTURE\digimon_runtime_manifest.json,DECODED_REFERENCE,RAW_ENTITY_M509_SHINEGRAYMON,NDS_2D,PIXIJS_2D,NEEDS_REBUILD,ORIGINAL_REPLACEMENT_REQUIRED,VERIFIED_CROSSCHECK,ROM_COPYRIGHTED_REFERENCE,true,,,,,,,,,REBUILD,,[],"[""NEXUS_IDENTITY_AND_RIGHTS_REPLACEMENT_REQUIRED""]","digimon; 8 gameplay files per entity contract (Main/Sub x NANR, graphics, NCER, NCLR). Rendered sheets are research-only; do not copy identity pixels into shipping art."
art:character:m510-skullmammon:db-reference,CHARACTER,CHARACTER_DB_ENTITY_REFERENCE,db_digimon/m510_skullmammon,YDIJ ROM art census,docs/art/ROM_ART_CENSUS.json,ROM_BINARY,RAW_DB_ENTITY_M510_SKULLMAMMON,NDS_2D,PIXIJS_2D,NEEDS_REBUILD,ORIGINAL_REPLACEMENT_REQUIRED,VERIFIED_BINARY,ROM_COPYRIGHTED_REFERENCE,true,,,,,,,,,REBUILD,,[],"[""NEXUS_IDENTITY_AND_RIGHTS_REPLACEMENT_REQUIRED"",""DATABASE_TIER_NOT_IN_ORIGINAL_752_UNIT_AUDIT""]","Database/encyclopedia art tier for m510_skullmammon; regular; 8 files per entity (db Main/Sub x NANR, graphics, NCER, NCLR). A separate tier from the gameplay sprite set: the palette is shared with the gameplay tier, but graphics, cells and animations are distinct and roughly a fifth of the size. Its animation contract is also its own — see art:character-animation:db-main-slot-* and db-sub-slot-*."
art:character:m510-skullmammon:rom-reference,CHARACTER,CHARACTER_ENTITY_REFERENCE,m510_skullmammon,YDIJ decoded character runtime manifest,R:\NEXUS LINK\原作\CLAUDE_CODE_YDIJ_HANDOFF\02_CHARACTER_ART_STRUCTURE\digimon_runtime_manifest.json,DECODED_REFERENCE,RAW_ENTITY_M510_SKULLMAMMON,NDS_2D,PIXIJS_2D,NEEDS_REBUILD,ORIGINAL_REPLACEMENT_REQUIRED,VERIFIED_CROSSCHECK,ROM_COPYRIGHTED_REFERENCE,true,,,,,,,,,REBUILD,,[],"[""NEXUS_IDENTITY_AND_RIGHTS_REPLACEMENT_REQUIRED""]","digimon; 8 gameplay files per entity contract (Main/Sub x NANR, graphics, NCER, NCLR). Rendered sheets are research-only; do not copy identity pixels into shipping art."
art:character:m511-saintgargomon:db-reference,CHARACTER,CHARACTER_DB_ENTITY_REFERENCE,db_digimon/m511_saintgargomon,YDIJ ROM art census,docs/art/ROM_ART_CENSUS.json,ROM_BINARY,RAW_DB_ENTITY_M511_SAINTGARGOMON,NDS_2D,PIXIJS_2D,NEEDS_REBUILD,ORIGINAL_REPLACEMENT_REQUIRED,VERIFIED_BINARY,ROM_COPYRIGHTED_REFERENCE,true,,,,,,,,,REBUILD,,[],"[""NEXUS_IDENTITY_AND_RIGHTS_REPLACEMENT_REQUIRED"",""DATABASE_TIER_NOT_IN_ORIGINAL_752_UNIT_AUDIT""]","Database/encyclopedia art tier for m511_saintgargomon; regular; 8 files per entity (db Main/Sub x NANR, graphics, NCER, NCLR). A separate tier from the gameplay sprite set: the palette is shared with the gameplay tier, but graphics, cells and animations are distinct and roughly a fifth of the size. Its animation contract is also its own — see art:character-animation:db-main-slot-* and db-sub-slot-*."
art:character:m511-saintgargomon:rom-reference,CHARACTER,CHARACTER_ENTITY_REFERENCE,m511_saintgargomon,YDIJ decoded character runtime manifest,R:\NEXUS LINK\原作\CLAUDE_CODE_YDIJ_HANDOFF\02_CHARACTER_ART_STRUCTURE\digimon_runtime_manifest.json,DECODED_REFERENCE,RAW_ENTITY_M511_SAINTGARGOMON,NDS_2D,PIXIJS_2D,NEEDS_REBUILD,ORIGINAL_REPLACEMENT_REQUIRED,VERIFIED_CROSSCHECK,ROM_COPYRIGHTED_REFERENCE,true,,,,,,,,,REBUILD,,[],"[""NEXUS_IDENTITY_AND_RIGHTS_REPLACEMENT_REQUIRED""]","digimon; 8 gameplay files per entity contract (Main/Sub x NANR, graphics, NCER, NCLR). Rendered sheets are research-only; do not copy identity pixels into shipping art."
art:character:m512-hiandromon:db-reference,CHARACTER,CHARACTER_DB_ENTITY_REFERENCE,db_digimon/m512_hiandromon,YDIJ ROM art census,docs/art/ROM_ART_CENSUS.json,ROM_BINARY,RAW_DB_ENTITY_M512_HIANDROMON,NDS_2D,PIXIJS_2D,NEEDS_REBUILD,ORIGINAL_REPLACEMENT_REQUIRED,VERIFIED_BINARY,ROM_COPYRIGHTED_REFERENCE,true,,,,,,,,,REBUILD,,[],"[""NEXUS_IDENTITY_AND_RIGHTS_REPLACEMENT_REQUIRED"",""DATABASE_TIER_NOT_IN_ORIGINAL_752_UNIT_AUDIT""]","Database/encyclopedia art tier for m512_hiandromon; regular; 8 files per entity (db Main/Sub x NANR, graphics, NCER, NCLR). A separate tier from the gameplay sprite set: the palette is shared with the gameplay tier, but graphics, cells and animations are distinct and roughly a fifth of the size. Its animation contract is also its own — see art:character-animation:db-main-slot-* and db-sub-slot-*."
art:character:m512-hiandromon:rom-reference,CHARACTER,CHARACTER_ENTITY_REFERENCE,m512_hiandromon,YDIJ decoded character runtime manifest,R:\NEXUS LINK\原作\CLAUDE_CODE_YDIJ_HANDOFF\02_CHARACTER_ART_STRUCTURE\digimon_runtime_manifest.json,DECODED_REFERENCE,RAW_ENTITY_M512_HIANDROMON,NDS_2D,PIXIJS_2D,NEEDS_REBUILD,ORIGINAL_REPLACEMENT_REQUIRED,VERIFIED_CROSSCHECK,ROM_COPYRIGHTED_REFERENCE,true,,,,,,,,,REBUILD,,[],"[""NEXUS_IDENTITY_AND_RIGHTS_REPLACEMENT_REQUIRED""]","digimon; 8 gameplay files per entity contract (Main/Sub x NANR, graphics, NCER, NCLR). Rendered sheets are research-only; do not copy identity pixels into shipping art."
art:character:m513-bantyoliomon:db-reference,CHARACTER,CHARACTER_DB_ENTITY_REFERENCE,db_digimon/m513_bantyoliomon,YDIJ ROM art census,docs/art/ROM_ART_CENSUS.json,ROM_BINARY,RAW_DB_ENTITY_M513_BANTYOLIOMON,NDS_2D,PIXIJS_2D,NEEDS_REBUILD,ORIGINAL_REPLACEMENT_REQUIRED,VERIFIED_BINARY,ROM_COPYRIGHTED_REFERENCE,true,,,,,,,,,REBUILD,,[],"[""NEXUS_IDENTITY_AND_RIGHTS_REPLACEMENT_REQUIRED"",""DATABASE_TIER_NOT_IN_ORIGINAL_752_UNIT_AUDIT""]","Database/encyclopedia art tier for m513_bantyoliomon; regular; 8 files per entity (db Main/Sub x NANR, graphics, NCER, NCLR). A separate tier from the gameplay sprite set: the palette is shared with the gameplay tier, but graphics, cells and animations are distinct and roughly a fifth of the size. Its animation contract is also its own — see art:character-animation:db-main-slot-* and db-sub-slot-*."
art:character:m513-bantyoliomon:rom-reference,CHARACTER,CHARACTER_ENTITY_REFERENCE,m513_bantyoliomon,YDIJ decoded character runtime manifest,R:\NEXUS LINK\原作\CLAUDE_CODE_YDIJ_HANDOFF\02_CHARACTER_ART_STRUCTURE\digimon_runtime_manifest.json,DECODED_REFERENCE,RAW_ENTITY_M513_BANTYOLIOMON,NDS_2D,PIXIJS_2D,NEEDS_REBUILD,ORIGINAL_REPLACEMENT_REQUIRED,VERIFIED_CROSSCHECK,ROM_COPYRIGHTED_REFERENCE,true,,,,,,,,,REBUILD,,[],"[""NEXUS_IDENTITY_AND_RIGHTS_REPLACEMENT_REQUIRED""]","digimon; 8 gameplay files per entity contract (Main/Sub x NANR, graphics, NCER, NCLR). Rendered sheets are research-only; do not copy identity pixels into shipping art."
art:character:m514-piemon:db-reference,CHARACTER,CHARACTER_DB_ENTITY_REFERENCE,db_digimon/m514_piemon,YDIJ ROM art census,docs/art/ROM_ART_CENSUS.json,ROM_BINARY,RAW_DB_ENTITY_M514_PIEMON,NDS_2D,PIXIJS_2D,NEEDS_REBUILD,ORIGINAL_REPLACEMENT_REQUIRED,VERIFIED_BINARY,ROM_COPYRIGHTED_REFERENCE,true,,,,,,,,,REBUILD,,[],"[""NEXUS_IDENTITY_AND_RIGHTS_REPLACEMENT_REQUIRED"",""DATABASE_TIER_NOT_IN_ORIGINAL_752_UNIT_AUDIT""]","Database/encyclopedia art tier for m514_piemon; regular; 8 files per entity (db Main/Sub x NANR, graphics, NCER, NCLR). A separate tier from the gameplay sprite set: the palette is shared with the gameplay tier, but graphics, cells and animations are distinct and roughly a fifth of the size. Its animation contract is also its own — see art:character-animation:db-main-slot-* and db-sub-slot-*."
art:character:m514-piemon:rom-reference,CHARACTER,CHARACTER_ENTITY_REFERENCE,m514_piemon,YDIJ decoded character runtime manifest,R:\NEXUS LINK\原作\CLAUDE_CODE_YDIJ_HANDOFF\02_CHARACTER_ART_STRUCTURE\digimon_runtime_manifest.json,DECODED_REFERENCE,RAW_ENTITY_M514_PIEMON,NDS_2D,PIXIJS_2D,NEEDS_REBUILD,ORIGINAL_REPLACEMENT_REQUIRED,VERIFIED_CROSSCHECK,ROM_COPYRIGHTED_REFERENCE,true,,,,,,,,,REBUILD,,[],"[""NEXUS_IDENTITY_AND_RIGHTS_REPLACEMENT_REQUIRED""]","digimon; 8 gameplay files per entity contract (Main/Sub x NANR, graphics, NCER, NCLR). Rendered sheets are research-only; do not copy identity pixels into shipping art."
art:character:m515-pinochimon:db-reference,CHARACTER,CHARACTER_DB_ENTITY_REFERENCE,db_digimon/m515_pinochimon,YDIJ ROM art census,docs/art/ROM_ART_CENSUS.json,ROM_BINARY,RAW_DB_ENTITY_M515_PINOCHIMON,NDS_2D,PIXIJS_2D,NEEDS_REBUILD,ORIGINAL_REPLACEMENT_REQUIRED,VERIFIED_BINARY,ROM_COPYRIGHTED_REFERENCE,true,,,,,,,,,REBUILD,,[],"[""NEXUS_IDENTITY_AND_RIGHTS_REPLACEMENT_REQUIRED"",""DATABASE_TIER_NOT_IN_ORIGINAL_752_UNIT_AUDIT""]","Database/encyclopedia art tier for m515_pinochimon; regular; 8 files per entity (db Main/Sub x NANR, graphics, NCER, NCLR). A separate tier from the gameplay sprite set: the palette is shared with the gameplay tier, but graphics, cells and animations are distinct and roughly a fifth of the size. Its animation contract is also its own — see art:character-animation:db-main-slot-* and db-sub-slot-*."
art:character:m515-pinochimon:rom-reference,CHARACTER,CHARACTER_ENTITY_REFERENCE,m515_pinochimon,YDIJ decoded character runtime manifest,R:\NEXUS LINK\原作\CLAUDE_CODE_YDIJ_HANDOFF\02_CHARACTER_ART_STRUCTURE\digimon_runtime_manifest.json,DECODED_REFERENCE,RAW_ENTITY_M515_PINOCHIMON,NDS_2D,PIXIJS_2D,NEEDS_REBUILD,ORIGINAL_REPLACEMENT_REQUIRED,VERIFIED_CROSSCHECK,ROM_COPYRIGHTED_REFERENCE,true,,,,,,,,,REBUILD,,[],"[""NEXUS_IDENTITY_AND_RIGHTS_REPLACEMENT_REQUIRED""]","digimon; 8 gameplay files per entity contract (Main/Sub x NANR, graphics, NCER, NCLR). Rendered sheets are research-only; do not copy identity pixels into shipping art."
art:character:m516-pharaohmon:db-reference,CHARACTER,CHARACTER_DB_ENTITY_REFERENCE,db_digimon/m516_pharaohmon,YDIJ ROM art census,docs/art/ROM_ART_CENSUS.json,ROM_BINARY,RAW_DB_ENTITY_M516_PHARAOHMON,NDS_2D,PIXIJS_2D,NEEDS_REBUILD,ORIGINAL_REPLACEMENT_REQUIRED,VERIFIED_BINARY,ROM_COPYRIGHTED_REFERENCE,true,,,,,,,,,REBUILD,,[],"[""NEXUS_IDENTITY_AND_RIGHTS_REPLACEMENT_REQUIRED"",""DATABASE_TIER_NOT_IN_ORIGINAL_752_UNIT_AUDIT""]","Database/encyclopedia art tier for m516_pharaohmon; regular; 8 files per entity (db Main/Sub x NANR, graphics, NCER, NCLR). A separate tier from the gameplay sprite set: the palette is shared with the gameplay tier, but graphics, cells and animations are distinct and roughly a fifth of the size. Its animation contract is also its own — see art:character-animation:db-main-slot-* and db-sub-slot-*."
art:character:m516-pharaohmon:rom-reference,CHARACTER,CHARACTER_ENTITY_REFERENCE,m516_pharaohmon,YDIJ decoded character runtime manifest,R:\NEXUS LINK\原作\CLAUDE_CODE_YDIJ_HANDOFF\02_CHARACTER_ART_STRUCTURE\digimon_runtime_manifest.json,DECODED_REFERENCE,RAW_ENTITY_M516_PHARAOHMON,NDS_2D,PIXIJS_2D,NEEDS_REBUILD,ORIGINAL_REPLACEMENT_REQUIRED,VERIFIED_CROSSCHECK,ROM_COPYRIGHTED_REFERENCE,true,,,,,,,,,REBUILD,,[],"[""NEXUS_IDENTITY_AND_RIGHTS_REPLACEMENT_REQUIRED""]","digimon; 8 gameplay files per entity contract (Main/Sub x NANR, graphics, NCER, NCLR). Rendered sheets are research-only; do not copy identity pixels into shipping art."
art:character:m517-pukumon:db-reference,CHARACTER,CHARACTER_DB_ENTITY_REFERENCE,db_digimon/m517_pukumon,YDIJ ROM art census,docs/art/ROM_ART_CENSUS.json,ROM_BINARY,RAW_DB_ENTITY_M517_PUKUMON,NDS_2D,PIXIJS_2D,NEEDS_REBUILD,ORIGINAL_REPLACEMENT_REQUIRED,VERIFIED_BINARY,ROM_COPYRIGHTED_REFERENCE,true,,,,,,,,,REBUILD,,[],"[""NEXUS_IDENTITY_AND_RIGHTS_REPLACEMENT_REQUIRED"",""DATABASE_TIER_NOT_IN_ORIGINAL_752_UNIT_AUDIT""]","Database/encyclopedia art tier for m517_pukumon; regular; 8 files per entity (db Main/Sub x NANR, graphics, NCER, NCLR). A separate tier from the gameplay sprite set: the palette is shared with the gameplay tier, but graphics, cells and animations are distinct and roughly a fifth of the size. Its animation contract is also its own — see art:character-animation:db-main-slot-* and db-sub-slot-*."
art:character:m517-pukumon:rom-reference,CHARACTER,CHARACTER_ENTITY_REFERENCE,m517_pukumon,YDIJ decoded character runtime manifest,R:\NEXUS LINK\原作\CLAUDE_CODE_YDIJ_HANDOFF\02_CHARACTER_ART_STRUCTURE\digimon_runtime_manifest.json,DECODED_REFERENCE,RAW_ENTITY_M517_PUKUMON,NDS_2D,PIXIJS_2D,NEEDS_REBUILD,ORIGINAL_REPLACEMENT_REQUIRED,VERIFIED_CROSSCHECK,ROM_COPYRIGHTED_REFERENCE,true,,,,,,,,,REBUILD,,[],"[""NEXUS_IDENTITY_AND_RIGHTS_REPLACEMENT_REQUIRED""]","digimon; 8 gameplay files per entity contract (Main/Sub x NANR, graphics, NCER, NCLR). Rendered sheets are research-only; do not copy identity pixels into shipping art."
art:character:m518-blackwargreymon:db-reference,CHARACTER,CHARACTER_DB_ENTITY_REFERENCE,db_digimon/m518_blackwargreymon,YDIJ ROM art census,docs/art/ROM_ART_CENSUS.json,ROM_BINARY,RAW_DB_ENTITY_M518_BLACKWARGREYMON,NDS_2D,PIXIJS_2D,NEEDS_REBUILD,ORIGINAL_REPLACEMENT_REQUIRED,VERIFIED_BINARY,ROM_COPYRIGHTED_REFERENCE,true,,,,,,,,,REBUILD,,[],"[""NEXUS_IDENTITY_AND_RIGHTS_REPLACEMENT_REQUIRED"",""DATABASE_TIER_NOT_IN_ORIGINAL_752_UNIT_AUDIT""]","Database/encyclopedia art tier for m518_blackwargreymon; regular; 8 files per entity (db Main/Sub x NANR, graphics, NCER, NCLR). A separate tier from the gameplay sprite set: the palette is shared with the gameplay tier, but graphics, cells and animations are distinct and roughly a fifth of the size. Its animation contract is also its own — see art:character-animation:db-main-slot-* and db-sub-slot-*."
art:character:m518-blackwargreymon:rom-reference,CHARACTER,CHARACTER_ENTITY_REFERENCE,m518_blackwargreymon,YDIJ decoded character runtime manifest,R:\NEXUS LINK\原作\CLAUDE_CODE_YDIJ_HANDOFF\02_CHARACTER_ART_STRUCTURE\digimon_runtime_manifest.json,DECODED_REFERENCE,RAW_ENTITY_M518_BLACKWARGREYMON,NDS_2D,PIXIJS_2D,NEEDS_REBUILD,ORIGINAL_REPLACEMENT_REQUIRED,VERIFIED_CROSSCHECK,ROM_COPYRIGHTED_REFERENCE,true,,,,,,,,,REBUILD,,[],"[""NEXUS_IDENTITY_AND_RIGHTS_REPLACEMENT_REQUIRED""]","digimon; 8 gameplay files per entity contract (Main/Sub x NANR, graphics, NCER, NCLR). Rendered sheets are research-only; do not copy identity pixels into shipping art."
art:character:m519-princemamemon:db-reference,CHARACTER,CHARACTER_DB_ENTITY_REFERENCE,db_digimon/m519_princemamemon,YDIJ ROM art census,docs/art/ROM_ART_CENSUS.json,ROM_BINARY,RAW_DB_ENTITY_M519_PRINCEMAMEMON,NDS_2D,PIXIJS_2D,NEEDS_REBUILD,ORIGINAL_REPLACEMENT_REQUIRED,VERIFIED_BINARY,ROM_COPYRIGHTED_REFERENCE,true,,,,,,,,,REBUILD,,[],"[""NEXUS_IDENTITY_AND_RIGHTS_REPLACEMENT_REQUIRED"",""DATABASE_TIER_NOT_IN_ORIGINAL_752_UNIT_AUDIT""]","Database/encyclopedia art tier for m519_princemamemon; regular; 8 files per entity (db Main/Sub x NANR, graphics, NCER, NCLR). A separate tier from the gameplay sprite set: the palette is shared with the gameplay tier, but graphics, cells and animations are distinct and roughly a fifth of the size. Its animation contract is also its own — see art:character-animation:db-main-slot-* and db-sub-slot-*."
art:character:m519-princemamemon:rom-reference,CHARACTER,CHARACTER_ENTITY_REFERENCE,m519_princemamemon,YDIJ decoded character runtime manifest,R:\NEXUS LINK\原作\CLAUDE_CODE_YDIJ_HANDOFF\02_CHARACTER_ART_STRUCTURE\digimon_runtime_manifest.json,DECODED_REFERENCE,RAW_ENTITY_M519_PRINCEMAMEMON,NDS_2D,PIXIJS_2D,NEEDS_REBUILD,ORIGINAL_REPLACEMENT_REQUIRED,VERIFIED_CROSSCHECK,ROM_COPYRIGHTED_REFERENCE,true,,,,,,,,,REBUILD,,[],"[""NEXUS_IDENTITY_AND_RIGHTS_REPLACEMENT_REQUIRED""]","digimon; 8 gameplay files per entity contract (Main/Sub x NANR, graphics, NCER, NCLR). Rendered sheets are research-only; do not copy identity pixels into shipping art."
art:character:m520-pilesiomon:db-reference,CHARACTER,CHARACTER_DB_ENTITY_REFERENCE,db_digimon/m520_pilesiomon,YDIJ ROM art census,docs/art/ROM_ART_CENSUS.json,ROM_BINARY,RAW_DB_ENTITY_M520_PILESIOMON,NDS_2D,PIXIJS_2D,NEEDS_REBUILD,ORIGINAL_REPLACEMENT_REQUIRED,VERIFIED_BINARY,ROM_COPYRIGHTED_REFERENCE,true,,,,,,,,,REBUILD,,[],"[""NEXUS_IDENTITY_AND_RIGHTS_REPLACEMENT_REQUIRED"",""DATABASE_TIER_NOT_IN_ORIGINAL_752_UNIT_AUDIT""]","Database/encyclopedia art tier for m520_pilesiomon; regular; 8 files per entity (db Main/Sub x NANR, graphics, NCER, NCLR). A separate tier from the gameplay sprite set: the palette is shared with the gameplay tier, but graphics, cells and animations are distinct and roughly a fifth of the size. Its animation contract is also its own — see art:character-animation:db-main-slot-* and db-sub-slot-*."
art:character:m520-pilesiomon:rom-reference,CHARACTER,CHARACTER_ENTITY_REFERENCE,m520_pilesiomon,YDIJ decoded character runtime manifest,R:\NEXUS LINK\原作\CLAUDE_CODE_YDIJ_HANDOFF\02_CHARACTER_ART_STRUCTURE\digimon_runtime_manifest.json,DECODED_REFERENCE,RAW_ENTITY_M520_PILESIOMON,NDS_2D,PIXIJS_2D,NEEDS_REBUILD,ORIGINAL_REPLACEMENT_REQUIRED,VERIFIED_CROSSCHECK,ROM_COPYRIGHTED_REFERENCE,true,,,,,,,,,REBUILD,,[],"[""NEXUS_IDENTITY_AND_RIGHTS_REPLACEMENT_REQUIRED""]","digimon; 8 gameplay files per entity contract (Main/Sub x NANR, graphics, NCER, NCLR). Rendered sheets are research-only; do not copy identity pixels into shipping art."
art:character:m521-heraklekabuterimon:db-reference,CHARACTER,CHARACTER_DB_ENTITY_REFERENCE,db_digimon/m521_heraklekabuterimon,YDIJ ROM art census,docs/art/ROM_ART_CENSUS.json,ROM_BINARY,RAW_DB_ENTITY_M521_HERAKLEKABUTERIMON,NDS_2D,PIXIJS_2D,NEEDS_REBUILD,ORIGINAL_REPLACEMENT_REQUIRED,VERIFIED_BINARY,ROM_COPYRIGHTED_REFERENCE,true,,,,,,,,,REBUILD,,[],"[""NEXUS_IDENTITY_AND_RIGHTS_REPLACEMENT_REQUIRED"",""DATABASE_TIER_NOT_IN_ORIGINAL_752_UNIT_AUDIT""]","Database/encyclopedia art tier for m521_heraklekabuterimon; regular; 8 files per entity (db Main/Sub x NANR, graphics, NCER, NCLR). A separate tier from the gameplay sprite set: the palette is shared with the gameplay tier, but graphics, cells and animations are distinct and roughly a fifth of the size. Its animation contract is also its own — see art:character-animation:db-main-slot-* and db-sub-slot-*."
art:character:m521-heraklekabuterimon:rom-reference,CHARACTER,CHARACTER_ENTITY_REFERENCE,m521_heraklekabuterimon,YDIJ decoded character runtime manifest,R:\NEXUS LINK\原作\CLAUDE_CODE_YDIJ_HANDOFF\02_CHARACTER_ART_STRUCTURE\digimon_runtime_manifest.json,DECODED_REFERENCE,RAW_ENTITY_M521_HERAKLEKABUTERIMON,NDS_2D,PIXIJS_2D,NEEDS_REBUILD,ORIGINAL_REPLACEMENT_REQUIRED,VERIFIED_CROSSCHECK,ROM_COPYRIGHTED_REFERENCE,true,,,,,,,,,REBUILD,,[],"[""NEXUS_IDENTITY_AND_RIGHTS_REPLACEMENT_REQUIRED""]","digimon; 8 gameplay files per entity contract (Main/Sub x NANR, graphics, NCER, NCLR). Rendered sheets are research-only; do not copy identity pixels into shipping art."
art:character:m522-hououmon:db-reference,CHARACTER,CHARACTER_DB_ENTITY_REFERENCE,db_digimon/m522_hououmon,YDIJ ROM art census,docs/art/ROM_ART_CENSUS.json,ROM_BINARY,RAW_DB_ENTITY_M522_HOUOUMON,NDS_2D,PIXIJS_2D,NEEDS_REBUILD,ORIGINAL_REPLACEMENT_REQUIRED,VERIFIED_BINARY,ROM_COPYRIGHTED_REFERENCE,true,,,,,,,,,REBUILD,,[],"[""NEXUS_IDENTITY_AND_RIGHTS_REPLACEMENT_REQUIRED"",""DATABASE_TIER_NOT_IN_ORIGINAL_752_UNIT_AUDIT""]","Database/encyclopedia art tier for m522_hououmon; regular; 8 files per entity (db Main/Sub x NANR, graphics, NCER, NCLR). A separate tier from the gameplay sprite set: the palette is shared with the gameplay tier, but graphics, cells and animations are distinct and roughly a fifth of the size. Its animation contract is also its own — see art:character-animation:db-main-slot-* and db-sub-slot-*."
art:character:m522-hououmon:rom-reference,CHARACTER,CHARACTER_ENTITY_REFERENCE,m522_hououmon,YDIJ decoded character runtime manifest,R:\NEXUS LINK\原作\CLAUDE_CODE_YDIJ_HANDOFF\02_CHARACTER_ART_STRUCTURE\digimon_runtime_manifest.json,DECODED_REFERENCE,RAW_ENTITY_M522_HOUOUMON,NDS_2D,PIXIJS_2D,NEEDS_REBUILD,ORIGINAL_REPLACEMENT_REQUIRED,VERIFIED_CROSSCHECK,ROM_COPYRIGHTED_REFERENCE,true,,,,,,,,,REBUILD,,[],"[""NEXUS_IDENTITY_AND_RIGHTS_REPLACEMENT_REQUIRED""]","digimon; 8 gameplay files per entity contract (Main/Sub x NANR, graphics, NCER, NCLR). Rendered sheets are research-only; do not copy identity pixels into shipping art."
art:character:m526-miragegaogamon:db-reference,CHARACTER,CHARACTER_DB_ENTITY_REFERENCE,db_digimon/m526_miragegaogamon,YDIJ ROM art census,docs/art/ROM_ART_CENSUS.json,ROM_BINARY,RAW_DB_ENTITY_M526_MIRAGEGAOGAMON,NDS_2D,PIXIJS_2D,NEEDS_REBUILD,ORIGINAL_REPLACEMENT_REQUIRED,VERIFIED_BINARY,ROM_COPYRIGHTED_REFERENCE,true,,,,,,,,,REBUILD,,[],"[""NEXUS_IDENTITY_AND_RIGHTS_REPLACEMENT_REQUIRED"",""DATABASE_TIER_NOT_IN_ORIGINAL_752_UNIT_AUDIT""]","Database/encyclopedia art tier for m526_miragegaogamon; regular; 8 files per entity (db Main/Sub x NANR, graphics, NCER, NCLR). A separate tier from the gameplay sprite set: the palette is shared with the gameplay tier, but graphics, cells and animations are distinct and roughly a fifth of the size. Its animation contract is also its own — see art:character-animation:db-main-slot-* and db-sub-slot-*."
art:character:m526-miragegaogamon:rom-reference,CHARACTER,CHARACTER_ENTITY_REFERENCE,m526_miragegaogamon,YDIJ decoded character runtime manifest,R:\NEXUS LINK\原作\CLAUDE_CODE_YDIJ_HANDOFF\02_CHARACTER_ART_STRUCTURE\digimon_runtime_manifest.json,DECODED_REFERENCE,RAW_ENTITY_M526_MIRAGEGAOGAMON,NDS_2D,PIXIJS_2D,NEEDS_REBUILD,ORIGINAL_REPLACEMENT_REQUIRED,VERIFIED_CROSSCHECK,ROM_COPYRIGHTED_REFERENCE,true,,,,,,,,,REBUILD,,[],"[""NEXUS_IDENTITY_AND_RIGHTS_REPLACEMENT_REQUIRED""]","digimon; 8 gameplay files per entity contract (Main/Sub x NANR, graphics, NCER, NCLR). Rendered sheets are research-only; do not copy identity pixels into shipping art."
art:character:m527-mugendramon:db-reference,CHARACTER,CHARACTER_DB_ENTITY_REFERENCE,db_digimon/m527_mugendramon,YDIJ ROM art census,docs/art/ROM_ART_CENSUS.json,ROM_BINARY,RAW_DB_ENTITY_M527_MUGENDRAMON,NDS_2D,PIXIJS_2D,NEEDS_REBUILD,ORIGINAL_REPLACEMENT_REQUIRED,VERIFIED_BINARY,ROM_COPYRIGHTED_REFERENCE,true,,,,,,,,,REBUILD,,[],"[""NEXUS_IDENTITY_AND_RIGHTS_REPLACEMENT_REQUIRED"",""DATABASE_TIER_NOT_IN_ORIGINAL_752_UNIT_AUDIT""]","Database/encyclopedia art tier for m527_mugendramon; regular; 8 files per entity (db Main/Sub x NANR, graphics, NCER, NCLR). A separate tier from the gameplay sprite set: the palette is shared with the gameplay tier, but graphics, cells and animations are distinct and roughly a fifth of the size. Its animation contract is also its own — see art:character-animation:db-main-slot-* and db-sub-slot-*."
art:character:m527-mugendramon:rom-reference,CHARACTER,CHARACTER_ENTITY_REFERENCE,m527_mugendramon,YDIJ decoded character runtime manifest,R:\NEXUS LINK\原作\CLAUDE_CODE_YDIJ_HANDOFF\02_CHARACTER_ART_STRUCTURE\digimon_runtime_manifest.json,DECODED_REFERENCE,RAW_ENTITY_M527_MUGENDRAMON,NDS_2D,PIXIJS_2D,NEEDS_REBUILD,ORIGINAL_REPLACEMENT_REQUIRED,VERIFIED_CROSSCHECK,ROM_COPYRIGHTED_REFERENCE,true,,,,,,,,,REBUILD,,[],"[""NEXUS_IDENTITY_AND_RIGHTS_REPLACEMENT_REQUIRED""]","digimon; 8 gameplay files per entity contract (Main/Sub x NANR, graphics, NCER, NCLR). Rendered sheets are research-only; do not copy identity pixels into shipping art."
art:character:m528-metaletemon:db-reference,CHARACTER,CHARACTER_DB_ENTITY_REFERENCE,db_digimon/m528_metaletemon,YDIJ ROM art census,docs/art/ROM_ART_CENSUS.json,ROM_BINARY,RAW_DB_ENTITY_M528_METALETEMON,NDS_2D,PIXIJS_2D,NEEDS_REBUILD,ORIGINAL_REPLACEMENT_REQUIRED,VERIFIED_BINARY,ROM_COPYRIGHTED_REFERENCE,true,,,,,,,,,REBUILD,,[],"[""NEXUS_IDENTITY_AND_RIGHTS_REPLACEMENT_REQUIRED"",""DATABASE_TIER_NOT_IN_ORIGINAL_752_UNIT_AUDIT""]","Database/encyclopedia art tier for m528_metaletemon; regular; 8 files per entity (db Main/Sub x NANR, graphics, NCER, NCLR). A separate tier from the gameplay sprite set: the palette is shared with the gameplay tier, but graphics, cells and animations are distinct and roughly a fifth of the size. Its animation contract is also its own — see art:character-animation:db-main-slot-* and db-sub-slot-*."
art:character:m528-metaletemon:rom-reference,CHARACTER,CHARACTER_ENTITY_REFERENCE,m528_metaletemon,YDIJ decoded character runtime manifest,R:\NEXUS LINK\原作\CLAUDE_CODE_YDIJ_HANDOFF\02_CHARACTER_ART_STRUCTURE\digimon_runtime_manifest.json,DECODED_REFERENCE,RAW_ENTITY_M528_METALETEMON,NDS_2D,PIXIJS_2D,NEEDS_REBUILD,ORIGINAL_REPLACEMENT_REQUIRED,VERIFIED_CROSSCHECK,ROM_COPYRIGHTED_REFERENCE,true,,,,,,,,,REBUILD,,[],"[""NEXUS_IDENTITY_AND_RIGHTS_REPLACEMENT_REQUIRED""]","digimon; 8 gameplay files per entity contract (Main/Sub x NANR, graphics, NCER, NCLR). Rendered sheets are research-only; do not copy identity pixels into shipping art."
art:character:m529-metalgarurumon-va:db-reference,CHARACTER,CHARACTER_DB_ENTITY_REFERENCE,db_digimon/m529_metalgarurumon_va,YDIJ ROM art census,docs/art/ROM_ART_CENSUS.json,ROM_BINARY,RAW_DB_ENTITY_M529_METALGARURUMON_VA,NDS_2D,PIXIJS_2D,NEEDS_REBUILD,ORIGINAL_REPLACEMENT_REQUIRED,VERIFIED_BINARY,ROM_COPYRIGHTED_REFERENCE,true,,,,,,,,,REBUILD,,[],"[""NEXUS_IDENTITY_AND_RIGHTS_REPLACEMENT_REQUIRED"",""DATABASE_TIER_NOT_IN_ORIGINAL_752_UNIT_AUDIT""]","Database/encyclopedia art tier for m529_metalgarurumon_va; regular; 8 files per entity (db Main/Sub x NANR, graphics, NCER, NCLR). A separate tier from the gameplay sprite set: the palette is shared with the gameplay tier, but graphics, cells and animations are distinct and roughly a fifth of the size. Its animation contract is also its own — see art:character-animation:db-main-slot-* and db-sub-slot-*."
art:character:m529-metalgarurumon-va:rom-reference,CHARACTER,CHARACTER_ENTITY_REFERENCE,m529_metalgarurumon_va,YDIJ decoded character runtime manifest,R:\NEXUS LINK\原作\CLAUDE_CODE_YDIJ_HANDOFF\02_CHARACTER_ART_STRUCTURE\digimon_runtime_manifest.json,DECODED_REFERENCE,RAW_ENTITY_M529_METALGARURUMON_VA,NDS_2D,PIXIJS_2D,NEEDS_REBUILD,ORIGINAL_REPLACEMENT_REQUIRED,VERIFIED_CROSSCHECK,ROM_COPYRIGHTED_REFERENCE,true,,,,,,,,,REBUILD,,[],"[""NEXUS_IDENTITY_AND_RIGHTS_REPLACEMENT_REQUIRED""]","digimon; 8 gameplay files per entity contract (Main/Sub x NANR, graphics, NCER, NCLR). Rendered sheets are research-only; do not copy identity pixels into shipping art."
art:character:m530-metalgarurumon-vi:db-reference,CHARACTER,CHARACTER_DB_ENTITY_REFERENCE,db_digimon/m530_metalgarurumon_vi,YDIJ ROM art census,docs/art/ROM_ART_CENSUS.json,ROM_BINARY,RAW_DB_ENTITY_M530_METALGARURUMON_VI,NDS_2D,PIXIJS_2D,NEEDS_REBUILD,ORIGINAL_REPLACEMENT_REQUIRED,VERIFIED_BINARY,ROM_COPYRIGHTED_REFERENCE,true,,,,,,,,,REBUILD,,[],"[""NEXUS_IDENTITY_AND_RIGHTS_REPLACEMENT_REQUIRED"",""DATABASE_TIER_NOT_IN_ORIGINAL_752_UNIT_AUDIT""]","Database/encyclopedia art tier for m530_metalgarurumon_vi; regular; 8 files per entity (db Main/Sub x NANR, graphics, NCER, NCLR). A separate tier from the gameplay sprite set: the palette is shared with the gameplay tier, but graphics, cells and animations are distinct and roughly a fifth of the size. Its animation contract is also its own — see art:character-animation:db-main-slot-* and db-sub-slot-*."
art:character:m530-metalgarurumon-vi:rom-reference,CHARACTER,CHARACTER_ENTITY_REFERENCE,m530_metalgarurumon_vi,YDIJ decoded character runtime manifest,R:\NEXUS LINK\原作\CLAUDE_CODE_YDIJ_HANDOFF\02_CHARACTER_ART_STRUCTURE\digimon_runtime_manifest.json,DECODED_REFERENCE,RAW_ENTITY_M530_METALGARURUMON_VI,NDS_2D,PIXIJS_2D,NEEDS_REBUILD,ORIGINAL_REPLACEMENT_REQUIRED,VERIFIED_CROSSCHECK,ROM_COPYRIGHTED_REFERENCE,true,,,,,,,,,REBUILD,,[],"[""NEXUS_IDENTITY_AND_RIGHTS_REPLACEMENT_REQUIRED""]","digimon; 8 gameplay files per entity contract (Main/Sub x NANR, graphics, NCER, NCLR). Rendered sheets are research-only; do not copy identity pixels into shipping art."
art:character:m531-metalseadramon:db-reference,CHARACTER,CHARACTER_DB_ENTITY_REFERENCE,db_digimon/m531_metalseadramon,YDIJ ROM art census,docs/art/ROM_ART_CENSUS.json,ROM_BINARY,RAW_DB_ENTITY_M531_METALSEADRAMON,NDS_2D,PIXIJS_2D,NEEDS_REBUILD,ORIGINAL_REPLACEMENT_REQUIRED,VERIFIED_BINARY,ROM_COPYRIGHTED_REFERENCE,true,,,,,,,,,REBUILD,,[],"[""NEXUS_IDENTITY_AND_RIGHTS_REPLACEMENT_REQUIRED"",""DATABASE_TIER_NOT_IN_ORIGINAL_752_UNIT_AUDIT""]","Database/encyclopedia art tier for m531_metalseadramon; regular; 8 files per entity (db Main/Sub x NANR, graphics, NCER, NCLR). A separate tier from the gameplay sprite set: the palette is shared with the gameplay tier, but graphics, cells and animations are distinct and roughly a fifth of the size. Its animation contract is also its own — see art:character-animation:db-main-slot-* and db-sub-slot-*."
art:character:m531-metalseadramon:rom-reference,CHARACTER,CHARACTER_ENTITY_REFERENCE,m531_metalseadramon,YDIJ decoded character runtime manifest,R:\NEXUS LINK\原作\CLAUDE_CODE_YDIJ_HANDOFF\02_CHARACTER_ART_STRUCTURE\digimon_runtime_manifest.json,DECODED_REFERENCE,RAW_ENTITY_M531_METALSEADRAMON,NDS_2D,PIXIJS_2D,NEEDS_REBUILD,ORIGINAL_REPLACEMENT_REQUIRED,VERIFIED_CROSSCHECK,ROM_COPYRIGHTED_REFERENCE,true,,,,,,,,,REBUILD,,[],"[""NEXUS_IDENTITY_AND_RIGHTS_REPLACEMENT_REQUIRED""]","digimon; 8 gameplay files per entity contract (Main/Sub x NANR, graphics, NCER, NCLR). Rendered sheets are research-only; do not copy identity pixels into shipping art."
art:character:m532-rosemon:db-reference,CHARACTER,CHARACTER_DB_ENTITY_REFERENCE,db_digimon/m532_rosemon,YDIJ ROM art census,docs/art/ROM_ART_CENSUS.json,ROM_BINARY,RAW_DB_ENTITY_M532_ROSEMON,NDS_2D,PIXIJS_2D,NEEDS_REBUILD,ORIGINAL_REPLACEMENT_REQUIRED,VERIFIED_BINARY,ROM_COPYRIGHTED_REFERENCE,true,,,,,,,,,REBUILD,,[],"[""NEXUS_IDENTITY_AND_RIGHTS_REPLACEMENT_REQUIRED"",""DATABASE_TIER_NOT_IN_ORIGINAL_752_UNIT_AUDIT""]","Database/encyclopedia art tier for m532_rosemon; regular; 8 files per entity (db Main/Sub x NANR, graphics, NCER, NCLR). A separate tier from the gameplay sprite set: the palette is shared with the gameplay tier, but graphics, cells and animations are distinct and roughly a fifth of the size. Its animation contract is also its own — see art:character-animation:db-main-slot-* and db-sub-slot-*."
art:character:m532-rosemon:rom-reference,CHARACTER,CHARACTER_ENTITY_REFERENCE,m532_rosemon,YDIJ decoded character runtime manifest,R:\NEXUS LINK\原作\CLAUDE_CODE_YDIJ_HANDOFF\02_CHARACTER_ART_STRUCTURE\digimon_runtime_manifest.json,DECODED_REFERENCE,RAW_ENTITY_M532_ROSEMON,NDS_2D,PIXIJS_2D,NEEDS_REBUILD,ORIGINAL_REPLACEMENT_REQUIRED,VERIFIED_CROSSCHECK,ROM_COPYRIGHTED_REFERENCE,true,,,,,,,,,REBUILD,,[],"[""NEXUS_IDENTITY_AND_RIGHTS_REPLACEMENT_REQUIRED""]","digimon; 8 gameplay files per entity contract (Main/Sub x NANR, graphics, NCER, NCLR). Rendered sheets are research-only; do not copy identity pixels into shipping art."
art:character:m533-zeedgarurumon:db-reference,CHARACTER,CHARACTER_DB_ENTITY_REFERENCE,db_digimon/m533_zeedgarurumon,YDIJ ROM art census,docs/art/ROM_ART_CENSUS.json,ROM_BINARY,RAW_DB_ENTITY_M533_ZEEDGARURUMON,NDS_2D,PIXIJS_2D,NEEDS_REBUILD,ORIGINAL_REPLACEMENT_REQUIRED,VERIFIED_BINARY,ROM_COPYRIGHTED_REFERENCE,true,,,,,,,,,REBUILD,,[],"[""NEXUS_IDENTITY_AND_RIGHTS_REPLACEMENT_REQUIRED"",""DATABASE_TIER_NOT_IN_ORIGINAL_752_UNIT_AUDIT""]","Database/encyclopedia art tier for m533_zeedgarurumon; regular; 8 files per entity (db Main/Sub x NANR, graphics, NCER, NCLR). A separate tier from the gameplay sprite set: the palette is shared with the gameplay tier, but graphics, cells and animations are distinct and roughly a fifth of the size. Its animation contract is also its own — see art:character-animation:db-main-slot-* and db-sub-slot-*."
art:character:m533-zeedgarurumon:rom-reference,CHARACTER,CHARACTER_ENTITY_REFERENCE,m533_zeedgarurumon,YDIJ decoded character runtime manifest,R:\NEXUS LINK\原作\CLAUDE_CODE_YDIJ_HANDOFF\02_CHARACTER_ART_STRUCTURE\digimon_runtime_manifest.json,DECODED_REFERENCE,RAW_ENTITY_M533_ZEEDGARURUMON,NDS_2D,PIXIJS_2D,NEEDS_REBUILD,ORIGINAL_REPLACEMENT_REQUIRED,VERIFIED_CROSSCHECK,ROM_COPYRIGHTED_REFERENCE,true,,,,,,,,,REBUILD,,[],"[""NEXUS_IDENTITY_AND_RIGHTS_REPLACEMENT_REQUIRED""]","digimon; 8 gameplay files per entity contract (Main/Sub x NANR, graphics, NCER, NCLR). Rendered sheets are research-only; do not copy identity pixels into shipping art."
art:character:m534-victorygreymon:db-reference,CHARACTER,CHARACTER_DB_ENTITY_REFERENCE,db_digimon/m534_victorygreymon,YDIJ ROM art census,docs/art/ROM_ART_CENSUS.json,ROM_BINARY,RAW_DB_ENTITY_M534_VICTORYGREYMON,NDS_2D,PIXIJS_2D,NEEDS_REBUILD,ORIGINAL_REPLACEMENT_REQUIRED,VERIFIED_BINARY,ROM_COPYRIGHTED_REFERENCE,true,,,,,,,,,REBUILD,,[],"[""NEXUS_IDENTITY_AND_RIGHTS_REPLACEMENT_REQUIRED"",""DATABASE_TIER_NOT_IN_ORIGINAL_752_UNIT_AUDIT""]","Database/encyclopedia art tier for m534_victorygreymon; regular; 8 files per entity (db Main/Sub x NANR, graphics, NCER, NCLR). A separate tier from the gameplay sprite set: the palette is shared with the gameplay tier, but graphics, cells and animations are distinct and roughly a fifth of the size. Its animation contract is also its own — see art:character-animation:db-main-slot-* and db-sub-slot-*."
art:character:m534-victorygreymon:rom-reference,CHARACTER,CHARACTER_ENTITY_REFERENCE,m534_victorygreymon,YDIJ decoded character runtime manifest,R:\NEXUS LINK\原作\CLAUDE_CODE_YDIJ_HANDOFF\02_CHARACTER_ART_STRUCTURE\digimon_runtime_manifest.json,DECODED_REFERENCE,RAW_ENTITY_M534_VICTORYGREYMON,NDS_2D,PIXIJS_2D,NEEDS_REBUILD,ORIGINAL_REPLACEMENT_REQUIRED,VERIFIED_CROSSCHECK,ROM_COPYRIGHTED_REFERENCE,true,,,,,,,,,REBUILD,,[],"[""NEXUS_IDENTITY_AND_RIGHTS_REPLACEMENT_REQUIRED""]","digimon; 8 gameplay files per entity contract (Main/Sub x NANR, graphics, NCER, NCLR). Rendered sheets are research-only; do not copy identity pixels into shipping art."
art:character:m535-slayerdramon:db-reference,CHARACTER,CHARACTER_DB_ENTITY_REFERENCE,db_digimon/m535_slayerdramon,YDIJ ROM art census,docs/art/ROM_ART_CENSUS.json,ROM_BINARY,RAW_DB_ENTITY_M535_SLAYERDRAMON,NDS_2D,PIXIJS_2D,NEEDS_REBUILD,ORIGINAL_REPLACEMENT_REQUIRED,VERIFIED_BINARY,ROM_COPYRIGHTED_REFERENCE,true,,,,,,,,,REBUILD,,[],"[""NEXUS_IDENTITY_AND_RIGHTS_REPLACEMENT_REQUIRED"",""DATABASE_TIER_NOT_IN_ORIGINAL_752_UNIT_AUDIT""]","Database/encyclopedia art tier for m535_slayerdramon; regular; 8 files per entity (db Main/Sub x NANR, graphics, NCER, NCLR). A separate tier from the gameplay sprite set: the palette is shared with the gameplay tier, but graphics, cells and animations are distinct and roughly a fifth of the size. Its animation contract is also its own — see art:character-animation:db-main-slot-* and db-sub-slot-*."
art:character:m535-slayerdramon:rom-reference,CHARACTER,CHARACTER_ENTITY_REFERENCE,m535_slayerdramon,YDIJ decoded character runtime manifest,R:\NEXUS LINK\原作\CLAUDE_CODE_YDIJ_HANDOFF\02_CHARACTER_ART_STRUCTURE\digimon_runtime_manifest.json,DECODED_REFERENCE,RAW_ENTITY_M535_SLAYERDRAMON,NDS_2D,PIXIJS_2D,NEEDS_REBUILD,ORIGINAL_REPLACEMENT_REQUIRED,VERIFIED_CROSSCHECK,ROM_COPYRIGHTED_REFERENCE,true,,,,,,,,,REBUILD,,[],"[""NEXUS_IDENTITY_AND_RIGHTS_REPLACEMENT_REQUIRED""]","digimon; 8 gameplay files per entity contract (Main/Sub x NANR, graphics, NCER, NCLR). Rendered sheets are research-only; do not copy identity pixels into shipping art."
art:character:m536-brakedramon:db-reference,CHARACTER,CHARACTER_DB_ENTITY_REFERENCE,db_digimon/m536_brakedramon,YDIJ ROM art census,docs/art/ROM_ART_CENSUS.json,ROM_BINARY,RAW_DB_ENTITY_M536_BRAKEDRAMON,NDS_2D,PIXIJS_2D,NEEDS_REBUILD,ORIGINAL_REPLACEMENT_REQUIRED,VERIFIED_BINARY,ROM_COPYRIGHTED_REFERENCE,true,,,,,,,,,REBUILD,,[],"[""NEXUS_IDENTITY_AND_RIGHTS_REPLACEMENT_REQUIRED"",""DATABASE_TIER_NOT_IN_ORIGINAL_752_UNIT_AUDIT""]","Database/encyclopedia art tier for m536_brakedramon; regular; 8 files per entity (db Main/Sub x NANR, graphics, NCER, NCLR). A separate tier from the gameplay sprite set: the palette is shared with the gameplay tier, but graphics, cells and animations are distinct and roughly a fifth of the size. Its animation contract is also its own — see art:character-animation:db-main-slot-* and db-sub-slot-*."
art:character:m536-brakedramon:rom-reference,CHARACTER,CHARACTER_ENTITY_REFERENCE,m536_brakedramon,YDIJ decoded character runtime manifest,R:\NEXUS LINK\原作\CLAUDE_CODE_YDIJ_HANDOFF\02_CHARACTER_ART_STRUCTURE\digimon_runtime_manifest.json,DECODED_REFERENCE,RAW_ENTITY_M536_BRAKEDRAMON,NDS_2D,PIXIJS_2D,NEEDS_REBUILD,ORIGINAL_REPLACEMENT_REQUIRED,VERIFIED_CROSSCHECK,ROM_COPYRIGHTED_REFERENCE,true,,,,,,,,,REBUILD,,[],"[""NEXUS_IDENTITY_AND_RIGHTS_REPLACEMENT_REQUIRED""]","digimon; 8 gameplay files per entity contract (Main/Sub x NANR, graphics, NCER, NCLR). Rendered sheets are research-only; do not copy identity pixels into shipping art."
art:character:m538-apollomon:db-reference,CHARACTER,CHARACTER_DB_ENTITY_REFERENCE,db_digimon/m538_apollomon,YDIJ ROM art census,docs/art/ROM_ART_CENSUS.json,ROM_BINARY,RAW_DB_ENTITY_M538_APOLLOMON,NDS_2D,PIXIJS_2D,NEEDS_REBUILD,ORIGINAL_REPLACEMENT_REQUIRED,VERIFIED_BINARY,ROM_COPYRIGHTED_REFERENCE,true,,,,,,,,,REBUILD,,[],"[""NEXUS_IDENTITY_AND_RIGHTS_REPLACEMENT_REQUIRED"",""DATABASE_TIER_NOT_IN_ORIGINAL_752_UNIT_AUDIT""]","Database/encyclopedia art tier for m538_apollomon; regular; 8 files per entity (db Main/Sub x NANR, graphics, NCER, NCLR). A separate tier from the gameplay sprite set: the palette is shared with the gameplay tier, but graphics, cells and animations are distinct and roughly a fifth of the size. Its animation contract is also its own — see art:character-animation:db-main-slot-* and db-sub-slot-*."
art:character:m538-apollomon:rom-reference,CHARACTER,CHARACTER_ENTITY_REFERENCE,m538_apollomon,YDIJ decoded character runtime manifest,R:\NEXUS LINK\原作\CLAUDE_CODE_YDIJ_HANDOFF\02_CHARACTER_ART_STRUCTURE\digimon_runtime_manifest.json,DECODED_REFERENCE,RAW_ENTITY_M538_APOLLOMON,NDS_2D,PIXIJS_2D,NEEDS_REBUILD,ORIGINAL_REPLACEMENT_REQUIRED,VERIFIED_CROSSCHECK,ROM_COPYRIGHTED_REFERENCE,true,,,,,,,,,REBUILD,,[],"[""NEXUS_IDENTITY_AND_RIGHTS_REPLACEMENT_REQUIRED""]","digimon; 8 gameplay files per entity contract (Main/Sub x NANR, graphics, NCER, NCLR). Rendered sheets are research-only; do not copy identity pixels into shipping art."
art:character:m539-dianamon:db-reference,CHARACTER,CHARACTER_DB_ENTITY_REFERENCE,db_digimon/m539_dianamon,YDIJ ROM art census,docs/art/ROM_ART_CENSUS.json,ROM_BINARY,RAW_DB_ENTITY_M539_DIANAMON,NDS_2D,PIXIJS_2D,NEEDS_REBUILD,ORIGINAL_REPLACEMENT_REQUIRED,VERIFIED_BINARY,ROM_COPYRIGHTED_REFERENCE,true,,,,,,,,,REBUILD,,[],"[""NEXUS_IDENTITY_AND_RIGHTS_REPLACEMENT_REQUIRED"",""DATABASE_TIER_NOT_IN_ORIGINAL_752_UNIT_AUDIT""]","Database/encyclopedia art tier for m539_dianamon; regular; 8 files per entity (db Main/Sub x NANR, graphics, NCER, NCLR). A separate tier from the gameplay sprite set: the palette is shared with the gameplay tier, but graphics, cells and animations are distinct and roughly a fifth of the size. Its animation contract is also its own — see art:character-animation:db-main-slot-* and db-sub-slot-*."
art:character:m539-dianamon:rom-reference,CHARACTER,CHARACTER_ENTITY_REFERENCE,m539_dianamon,YDIJ decoded character runtime manifest,R:\NEXUS LINK\原作\CLAUDE_CODE_YDIJ_HANDOFF\02_CHARACTER_ART_STRUCTURE\digimon_runtime_manifest.json,DECODED_REFERENCE,RAW_ENTITY_M539_DIANAMON,NDS_2D,PIXIJS_2D,NEEDS_REBUILD,ORIGINAL_REPLACEMENT_REQUIRED,VERIFIED_CROSSCHECK,ROM_COPYRIGHTED_REFERENCE,true,,,,,,,,,REBUILD,,[],"[""NEXUS_IDENTITY_AND_RIGHTS_REPLACEMENT_REQUIRED""]","digimon; 8 gameplay files per entity contract (Main/Sub x NANR, graphics, NCER, NCLR). Rendered sheets are research-only; do not copy identity pixels into shipping art."
art:character:m540-imperialdramon-fm:db-reference,CHARACTER,CHARACTER_DB_ENTITY_REFERENCE,db_digimon/m540_imperialdramon_fm,YDIJ ROM art census,docs/art/ROM_ART_CENSUS.json,ROM_BINARY,RAW_DB_ENTITY_M540_IMPERIALDRAMON_FM,NDS_2D,PIXIJS_2D,NEEDS_REBUILD,ORIGINAL_REPLACEMENT_REQUIRED,VERIFIED_BINARY,ROM_COPYRIGHTED_REFERENCE,true,,,,,,,,,REBUILD,,[],"[""NEXUS_IDENTITY_AND_RIGHTS_REPLACEMENT_REQUIRED"",""DATABASE_TIER_NOT_IN_ORIGINAL_752_UNIT_AUDIT""]","Database/encyclopedia art tier for m540_imperialdramon_fm; regular; 8 files per entity (db Main/Sub x NANR, graphics, NCER, NCLR). A separate tier from the gameplay sprite set: the palette is shared with the gameplay tier, but graphics, cells and animations are distinct and roughly a fifth of the size. Its animation contract is also its own — see art:character-animation:db-main-slot-* and db-sub-slot-*."
art:character:m540-imperialdramon-fm:rom-reference,CHARACTER,CHARACTER_ENTITY_REFERENCE,m540_imperialdramon_fm,YDIJ decoded character runtime manifest,R:\NEXUS LINK\原作\CLAUDE_CODE_YDIJ_HANDOFF\02_CHARACTER_ART_STRUCTURE\digimon_runtime_manifest.json,DECODED_REFERENCE,RAW_ENTITY_M540_IMPERIALDRAMON_FM,NDS_2D,PIXIJS_2D,NEEDS_REBUILD,ORIGINAL_REPLACEMENT_REQUIRED,VERIFIED_CROSSCHECK,ROM_COPYRIGHTED_REFERENCE,true,,,,,,,,,REBUILD,,[],"[""NEXUS_IDENTITY_AND_RIGHTS_REPLACEMENT_REQUIRED""]","digimon; 8 gameplay files per entity contract (Main/Sub x NANR, graphics, NCER, NCLR). Rendered sheets are research-only; do not copy identity pixels into shipping art."
art:character:m541-dukemon:db-reference,CHARACTER,CHARACTER_DB_ENTITY_REFERENCE,db_digimon/m541_dukemon,YDIJ ROM art census,docs/art/ROM_ART_CENSUS.json,ROM_BINARY,RAW_DB_ENTITY_M541_DUKEMON,NDS_2D,PIXIJS_2D,NEEDS_REBUILD,ORIGINAL_REPLACEMENT_REQUIRED,VERIFIED_BINARY,ROM_COPYRIGHTED_REFERENCE,true,,,,,,,,,REBUILD,,[],"[""NEXUS_IDENTITY_AND_RIGHTS_REPLACEMENT_REQUIRED"",""DATABASE_TIER_NOT_IN_ORIGINAL_752_UNIT_AUDIT""]","Database/encyclopedia art tier for m541_dukemon; regular; 8 files per entity (db Main/Sub x NANR, graphics, NCER, NCLR). A separate tier from the gameplay sprite set: the palette is shared with the gameplay tier, but graphics, cells and animations are distinct and roughly a fifth of the size. Its animation contract is also its own — see art:character-animation:db-main-slot-* and db-sub-slot-*."
art:character:m541-dukemon:rom-reference,CHARACTER,CHARACTER_ENTITY_REFERENCE,m541_dukemon,YDIJ decoded character runtime manifest,R:\NEXUS LINK\原作\CLAUDE_CODE_YDIJ_HANDOFF\02_CHARACTER_ART_STRUCTURE\digimon_runtime_manifest.json,DECODED_REFERENCE,RAW_ENTITY_M541_DUKEMON,NDS_2D,PIXIJS_2D,NEEDS_REBUILD,ORIGINAL_REPLACEMENT_REQUIRED,VERIFIED_CROSSCHECK,ROM_COPYRIGHTED_REFERENCE,true,,,,,,,,,REBUILD,,[],"[""NEXUS_IDENTITY_AND_RIGHTS_REPLACEMENT_REQUIRED""]","digimon; 8 gameplay files per entity contract (Main/Sub x NANR, graphics, NCER, NCLR). Rendered sheets are research-only; do not copy identity pixels into shipping art."
