assetId,domain,assetKind,logicalGroup,source,sourcePath,sourceType,originalFunction,originalRenderer,modernRenderer,productionStatus,shippingStatus,evidenceStatus,rightsStatus,replacementRequired,replacementComplete,humanApproved,runtimeQaPassed,dimensions,format,runtimeConsumer,visualQaStatus,generation,disposition,replacementAssetId,dependencies,blockers,notes
art:battle-field:battle-colosseum:arena-reference,BATTLE_FIELD,BATTLE_FIELD_REFERENCE,field_bm09_01,YDIJ Battle Field catalog,R:\NEXUS LINK\原作\CLAUDE_CODE_YDIJ_HANDOFF\03_MAP_ART_STRUCTURE\original_reference\BATTLE_FIELD_CATALOG_11.csv,RESEARCH_DOCUMENT,BATTLE_COLOSSEUM,NDS_2D,LAYERED_2D,REUSABLE_STRUCTURE,ORIGINAL_REPLACEMENT_REQUIRED,VERIFIED_CROSSCHECK,ROM_COPYRIGHTED_REFERENCE,true,,,,,,,,,REBUILD,,[],"[""ORIGINAL_ARENA_REPLACEMENT_REQUIRED""]",field=field_bm09_01; optional animated layer=none. A 3D effect never promotes this 2D arena to full 3D.
art:battle-field:battle-cyberspace:arena-reference,BATTLE_FIELD,BATTLE_FIELD_REFERENCE,field_bm07_01,YDIJ Battle Field catalog,R:\NEXUS LINK\原作\CLAUDE_CODE_YDIJ_HANDOFF\03_MAP_ART_STRUCTURE\original_reference\BATTLE_FIELD_CATALOG_11.csv,RESEARCH_DOCUMENT,BATTLE_CYBERSPACE,NDS_2D,LAYERED_2D,REUSABLE_STRUCTURE,ORIGINAL_REPLACEMENT_REQUIRED,VERIFIED_CROSSCHECK,ROM_COPYRIGHTED_REFERENCE,true,,,,,,,,,REBUILD,,[],"[""ORIGINAL_ARENA_REPLACEMENT_REQUIRED""]",field=field_bm07_01; optional animated layer=none. A 3D effect never promotes this 2D arena to full 3D.
art:battle-field:battle-desert:arena-reference,BATTLE_FIELD,BATTLE_FIELD_REFERENCE,field_bm06_01,YDIJ Battle Field catalog,R:\NEXUS LINK\原作\CLAUDE_CODE_YDIJ_HANDOFF\03_MAP_ART_STRUCTURE\original_reference\BATTLE_FIELD_CATALOG_11.csv,RESEARCH_DOCUMENT,BATTLE_DESERT,NDS_2D,LAYERED_2D,REUSABLE_STRUCTURE,ORIGINAL_REPLACEMENT_REQUIRED,VERIFIED_CROSSCHECK,ROM_COPYRIGHTED_REFERENCE,true,,,,,,,,,REBUILD,,[],"[""ORIGINAL_ARENA_REPLACEMENT_REQUIRED""]",field=field_bm06_01; optional animated layer=none. A 3D effect never promotes this 2D arena to full 3D.
art:battle-field:battle-domestadium:arena-reference,BATTLE_FIELD,BATTLE_FIELD_REFERENCE,field_bm11_01,YDIJ Battle Field catalog,R:\NEXUS LINK\原作\CLAUDE_CODE_YDIJ_HANDOFF\03_MAP_ART_STRUCTURE\original_reference\BATTLE_FIELD_CATALOG_11.csv,RESEARCH_DOCUMENT,BATTLE_DOMESTADIUM,NDS_2D,LAYERED_2D,REUSABLE_STRUCTURE,ORIGINAL_REPLACEMENT_REQUIRED,VERIFIED_CROSSCHECK,ROM_COPYRIGHTED_REFERENCE,true,,,,,,,,,REBUILD,,[],"[""ORIGINAL_ARENA_REPLACEMENT_REQUIRED""]",field=field_bm11_01; optional animated layer=none. A 3D effect never promotes this 2D arena to full 3D.
art:battle-field:battle-grass:arena-reference,BATTLE_FIELD,BATTLE_FIELD_REFERENCE,field_bm02_01,YDIJ Battle Field catalog,R:\NEXUS LINK\原作\CLAUDE_CODE_YDIJ_HANDOFF\03_MAP_ART_STRUCTURE\original_reference\BATTLE_FIELD_CATALOG_11.csv,RESEARCH_DOCUMENT,BATTLE_GRASS,NDS_2D,LAYERED_2D,REUSABLE_STRUCTURE,ORIGINAL_REPLACEMENT_REQUIRED,VERIFIED_CROSSCHECK,ROM_COPYRIGHTED_REFERENCE,true,,,,,,,,,REBUILD,,[],"[""ORIGINAL_ARENA_REPLACEMENT_REQUIRED""]",field=field_bm02_01; optional animated layer=none. A 3D effect never promotes this 2D arena to full 3D.
art:battle-field:battle-hell:arena-reference,BATTLE_FIELD,BATTLE_FIELD_REFERENCE,field_bm08_01,YDIJ Battle Field catalog,R:\NEXUS LINK\原作\CLAUDE_CODE_YDIJ_HANDOFF\03_MAP_ART_STRUCTURE\original_reference\BATTLE_FIELD_CATALOG_11.csv,RESEARCH_DOCUMENT,BATTLE_HELL,NDS_2D,LAYERED_2D,REUSABLE_STRUCTURE,ORIGINAL_REPLACEMENT_REQUIRED,VERIFIED_CROSSCHECK,ROM_COPYRIGHTED_REFERENCE,true,,,,,,,,,REBUILD,,[],"[""ORIGINAL_ARENA_REPLACEMENT_REQUIRED""]",field=field_bm08_01; optional animated layer=none. A 3D effect never promotes this 2D arena to full 3D.
art:battle-field:battle-island:arena-reference,BATTLE_FIELD,BATTLE_FIELD_REFERENCE,field_bm04_01,YDIJ Battle Field catalog,R:\NEXUS LINK\原作\CLAUDE_CODE_YDIJ_HANDOFF\03_MAP_ART_STRUCTURE\original_reference\BATTLE_FIELD_CATALOG_11.csv,RESEARCH_DOCUMENT,BATTLE_ISLAND,NDS_2D,LAYERED_2D,REUSABLE_STRUCTURE,ORIGINAL_REPLACEMENT_REQUIRED,VERIFIED_CROSSCHECK,ROM_COPYRIGHTED_REFERENCE,true,,,,,,,,,REBUILD,,[],"[""ORIGINAL_ARENA_REPLACEMENT_REQUIRED""]",field=field_bm04_01; optional animated layer=field_bm04_01_anim. A 3D effect never promotes this 2D arena to full 3D.
art:battle-field:battle-normal:arena-reference,BATTLE_FIELD,BATTLE_FIELD_REFERENCE,field_bm01_01,YDIJ Battle Field catalog,R:\NEXUS LINK\原作\CLAUDE_CODE_YDIJ_HANDOFF\03_MAP_ART_STRUCTURE\original_reference\BATTLE_FIELD_CATALOG_11.csv,RESEARCH_DOCUMENT,BATTLE_NORMAL,NDS_2D,LAYERED_2D,REUSABLE_STRUCTURE,ORIGINAL_REPLACEMENT_REQUIRED,VERIFIED_CROSSCHECK,ROM_COPYRIGHTED_REFERENCE,true,,,,,,,,,REBUILD,,[],"[""ORIGINAL_ARENA_REPLACEMENT_REQUIRED""]",field=field_bm01_01; optional animated layer=none. A 3D effect never promotes this 2D arena to full 3D.
art:battle-field:battle-southpole:arena-reference,BATTLE_FIELD,BATTLE_FIELD_REFERENCE,field_bm05_01,YDIJ Battle Field catalog,R:\NEXUS LINK\原作\CLAUDE_CODE_YDIJ_HANDOFF\03_MAP_ART_STRUCTURE\original_reference\BATTLE_FIELD_CATALOG_11.csv,RESEARCH_DOCUMENT,BATTLE_SOUTHPOLE,NDS_2D,LAYERED_2D,REUSABLE_STRUCTURE,ORIGINAL_REPLACEMENT_REQUIRED,VERIFIED_CROSSCHECK,ROM_COPYRIGHTED_REFERENCE,true,,,,,,,,,REBUILD,,[],"[""ORIGINAL_ARENA_REPLACEMENT_REQUIRED""]",field=field_bm05_01; optional animated layer=none. A 3D effect never promotes this 2D arena to full 3D.
art:battle-field:battle-stadium:arena-reference,BATTLE_FIELD,BATTLE_FIELD_REFERENCE,field_bm10_01,YDIJ Battle Field catalog,R:\NEXUS LINK\原作\CLAUDE_CODE_YDIJ_HANDOFF\03_MAP_ART_STRUCTURE\original_reference\BATTLE_FIELD_CATALOG_11.csv,RESEARCH_DOCUMENT,BATTLE_STADIUM,NDS_2D,LAYERED_2D,REUSABLE_STRUCTURE,ORIGINAL_REPLACEMENT_REQUIRED,VERIFIED_CROSSCHECK,ROM_COPYRIGHTED_REFERENCE,true,,,,,,,,,REBUILD,,[],"[""ORIGINAL_ARENA_REPLACEMENT_REQUIRED""]",field=field_bm10_01; optional animated layer=none. A 3D effect never promotes this 2D arena to full 3D.
art:battle-field:battle-volcano:arena-reference,BATTLE_FIELD,BATTLE_FIELD_REFERENCE,field_bm03_01,YDIJ Battle Field catalog,R:\NEXUS LINK\原作\CLAUDE_CODE_YDIJ_HANDOFF\03_MAP_ART_STRUCTURE\original_reference\BATTLE_FIELD_CATALOG_11.csv,RESEARCH_DOCUMENT,BATTLE_VOLCANO,NDS_2D,LAYERED_2D,REUSABLE_STRUCTURE,ORIGINAL_REPLACEMENT_REQUIRED,VERIFIED_CROSSCHECK,ROM_COPYRIGHTED_REFERENCE,true,,,,,,,,,REBUILD,,[],"[""ORIGINAL_ARENA_REPLACEMENT_REQUIRED""]",field=field_bm03_01; optional animated layer=field_bm03_01_anim. A 3D effect never promotes this 2D arena to full 3D.
art:character-animation:main-slot-00:rom-contract,CHARACTER_ANIMATION,ANIMATION_SLOT_CONTRACT,main-animation-contract,YDIJ NANR decoded runtime manifest,R:\NEXUS LINK\原作\CLAUDE_CODE_YDIJ_HANDOFF\02_CHARACTER_ART_STRUCTURE\digimon_runtime_manifest.json,DECODED_REFERENCE,RAW_SLOT_00,NDS_2D,PIXIJS_2D,NEEDS_REANIMATION,ORIGINAL_REPLACEMENT_REQUIRED,UNKNOWN_SEMANTIC,ROM_COPYRIGHTED_REFERENCE,true,,,,,,,,,REBUILD,,[],"[""ORIGINAL_ANIMATION_REPLACEMENT_REQUIRED"",""SEMANTIC_CALL_TRACE_REQUIRED""]",Preserve RAW_SLOT_00 as the authoritative semantic label until runtime call-site evidence exists. Egg entities expose only slots 00-01; Digimon contract reaches the full side count.
art:character-animation:main-slot-01:rom-contract,CHARACTER_ANIMATION,ANIMATION_SLOT_CONTRACT,main-animation-contract,YDIJ NANR decoded runtime manifest,R:\NEXUS LINK\原作\CLAUDE_CODE_YDIJ_HANDOFF\02_CHARACTER_ART_STRUCTURE\digimon_runtime_manifest.json,DECODED_REFERENCE,RAW_SLOT_01,NDS_2D,PIXIJS_2D,NEEDS_REANIMATION,ORIGINAL_REPLACEMENT_REQUIRED,UNKNOWN_SEMANTIC,ROM_COPYRIGHTED_REFERENCE,true,,,,,,,,,REBUILD,,[],"[""ORIGINAL_ANIMATION_REPLACEMENT_REQUIRED"",""SEMANTIC_CALL_TRACE_REQUIRED""]",Preserve RAW_SLOT_01 as the authoritative semantic label until runtime call-site evidence exists. Egg entities expose only slots 00-01; Digimon contract reaches the full side count.
art:character-animation:main-slot-02:rom-contract,CHARACTER_ANIMATION,ANIMATION_SLOT_CONTRACT,main-animation-contract,YDIJ NANR decoded runtime manifest,R:\NEXUS LINK\原作\CLAUDE_CODE_YDIJ_HANDOFF\02_CHARACTER_ART_STRUCTURE\digimon_runtime_manifest.json,DECODED_REFERENCE,RAW_SLOT_02,NDS_2D,PIXIJS_2D,NEEDS_REANIMATION,ORIGINAL_REPLACEMENT_REQUIRED,UNKNOWN_SEMANTIC,ROM_COPYRIGHTED_REFERENCE,true,,,,,,,,,REBUILD,,[],"[""ORIGINAL_ANIMATION_REPLACEMENT_REQUIRED"",""SEMANTIC_CALL_TRACE_REQUIRED""]",Preserve RAW_SLOT_02 as the authoritative semantic label until runtime call-site evidence exists. Egg entities expose only slots 00-01; Digimon contract reaches the full side count.
art:character-animation:main-slot-03:rom-contract,CHARACTER_ANIMATION,ANIMATION_SLOT_CONTRACT,main-animation-contract,YDIJ NANR decoded runtime manifest,R:\NEXUS LINK\原作\CLAUDE_CODE_YDIJ_HANDOFF\02_CHARACTER_ART_STRUCTURE\digimon_runtime_manifest.json,DECODED_REFERENCE,RAW_SLOT_03,NDS_2D,PIXIJS_2D,NEEDS_REANIMATION,ORIGINAL_REPLACEMENT_REQUIRED,UNKNOWN_SEMANTIC,ROM_COPYRIGHTED_REFERENCE,true,,,,,,,,,REBUILD,,[],"[""ORIGINAL_ANIMATION_REPLACEMENT_REQUIRED"",""SEMANTIC_CALL_TRACE_REQUIRED""]",Preserve RAW_SLOT_03 as the authoritative semantic label until runtime call-site evidence exists. Egg entities expose only slots 00-01; Digimon contract reaches the full side count.
art:character-animation:main-slot-04:rom-contract,CHARACTER_ANIMATION,ANIMATION_SLOT_CONTRACT,main-animation-contract,YDIJ NANR decoded runtime manifest,R:\NEXUS LINK\原作\CLAUDE_CODE_YDIJ_HANDOFF\02_CHARACTER_ART_STRUCTURE\digimon_runtime_manifest.json,DECODED_REFERENCE,RAW_SLOT_04,NDS_2D,PIXIJS_2D,NEEDS_REANIMATION,ORIGINAL_REPLACEMENT_REQUIRED,UNKNOWN_SEMANTIC,ROM_COPYRIGHTED_REFERENCE,true,,,,,,,,,REBUILD,,[],"[""ORIGINAL_ANIMATION_REPLACEMENT_REQUIRED"",""SEMANTIC_CALL_TRACE_REQUIRED""]",Preserve RAW_SLOT_04 as the authoritative semantic label until runtime call-site evidence exists. Egg entities expose only slots 00-01; Digimon contract reaches the full side count.
art:character-animation:main-slot-05:rom-contract,CHARACTER_ANIMATION,ANIMATION_SLOT_CONTRACT,main-animation-contract,YDIJ NANR decoded runtime manifest,R:\NEXUS LINK\原作\CLAUDE_CODE_YDIJ_HANDOFF\02_CHARACTER_ART_STRUCTURE\digimon_runtime_manifest.json,DECODED_REFERENCE,RAW_SLOT_05,NDS_2D,PIXIJS_2D,NEEDS_REANIMATION,ORIGINAL_REPLACEMENT_REQUIRED,UNKNOWN_SEMANTIC,ROM_COPYRIGHTED_REFERENCE,true,,,,,,,,,REBUILD,,[],"[""ORIGINAL_ANIMATION_REPLACEMENT_REQUIRED"",""SEMANTIC_CALL_TRACE_REQUIRED""]",Preserve RAW_SLOT_05 as the authoritative semantic label until runtime call-site evidence exists. Egg entities expose only slots 00-01; Digimon contract reaches the full side count.
art:character-animation:main-slot-06:rom-contract,CHARACTER_ANIMATION,ANIMATION_SLOT_CONTRACT,main-animation-contract,YDIJ NANR decoded runtime manifest,R:\NEXUS LINK\原作\CLAUDE_CODE_YDIJ_HANDOFF\02_CHARACTER_ART_STRUCTURE\digimon_runtime_manifest.json,DECODED_REFERENCE,RAW_SLOT_06,NDS_2D,PIXIJS_2D,NEEDS_REANIMATION,ORIGINAL_REPLACEMENT_REQUIRED,UNKNOWN_SEMANTIC,ROM_COPYRIGHTED_REFERENCE,true,,,,,,,,,REBUILD,,[],"[""ORIGINAL_ANIMATION_REPLACEMENT_REQUIRED"",""SEMANTIC_CALL_TRACE_REQUIRED""]",Preserve RAW_SLOT_06 as the authoritative semantic label until runtime call-site evidence exists. Egg entities expose only slots 00-01; Digimon contract reaches the full side count.
art:character-animation:main-slot-07:rom-contract,CHARACTER_ANIMATION,ANIMATION_SLOT_CONTRACT,main-animation-contract,YDIJ NANR decoded runtime manifest,R:\NEXUS LINK\原作\CLAUDE_CODE_YDIJ_HANDOFF\02_CHARACTER_ART_STRUCTURE\digimon_runtime_manifest.json,DECODED_REFERENCE,RAW_SLOT_07,NDS_2D,PIXIJS_2D,NEEDS_REANIMATION,ORIGINAL_REPLACEMENT_REQUIRED,UNKNOWN_SEMANTIC,ROM_COPYRIGHTED_REFERENCE,true,,,,,,,,,REBUILD,,[],"[""ORIGINAL_ANIMATION_REPLACEMENT_REQUIRED"",""SEMANTIC_CALL_TRACE_REQUIRED""]",Preserve RAW_SLOT_07 as the authoritative semantic label until runtime call-site evidence exists. Egg entities expose only slots 00-01; Digimon contract reaches the full side count.
art:character-animation:main-slot-08:rom-contract,CHARACTER_ANIMATION,ANIMATION_SLOT_CONTRACT,main-animation-contract,YDIJ NANR decoded runtime manifest,R:\NEXUS LINK\原作\CLAUDE_CODE_YDIJ_HANDOFF\02_CHARACTER_ART_STRUCTURE\digimon_runtime_manifest.json,DECODED_REFERENCE,RAW_SLOT_08,NDS_2D,PIXIJS_2D,NEEDS_REANIMATION,ORIGINAL_REPLACEMENT_REQUIRED,UNKNOWN_SEMANTIC,ROM_COPYRIGHTED_REFERENCE,true,,,,,,,,,REBUILD,,[],"[""ORIGINAL_ANIMATION_REPLACEMENT_REQUIRED"",""SEMANTIC_CALL_TRACE_REQUIRED""]",Preserve RAW_SLOT_08 as the authoritative semantic label until runtime call-site evidence exists. Egg entities expose only slots 00-01; Digimon contract reaches the full side count.
art:character-animation:main-slot-09:rom-contract,CHARACTER_ANIMATION,ANIMATION_SLOT_CONTRACT,main-animation-contract,YDIJ NANR decoded runtime manifest,R:\NEXUS LINK\原作\CLAUDE_CODE_YDIJ_HANDOFF\02_CHARACTER_ART_STRUCTURE\digimon_runtime_manifest.json,DECODED_REFERENCE,RAW_SLOT_09,NDS_2D,PIXIJS_2D,NEEDS_REANIMATION,ORIGINAL_REPLACEMENT_REQUIRED,UNKNOWN_SEMANTIC,ROM_COPYRIGHTED_REFERENCE,true,,,,,,,,,REBUILD,,[],"[""ORIGINAL_ANIMATION_REPLACEMENT_REQUIRED"",""SEMANTIC_CALL_TRACE_REQUIRED""]",Preserve RAW_SLOT_09 as the authoritative semantic label until runtime call-site evidence exists. Egg entities expose only slots 00-01; Digimon contract reaches the full side count.
art:character-animation:main-slot-10:rom-contract,CHARACTER_ANIMATION,ANIMATION_SLOT_CONTRACT,main-animation-contract,YDIJ NANR decoded runtime manifest,R:\NEXUS LINK\原作\CLAUDE_CODE_YDIJ_HANDOFF\02_CHARACTER_ART_STRUCTURE\digimon_runtime_manifest.json,DECODED_REFERENCE,RAW_SLOT_10,NDS_2D,PIXIJS_2D,NEEDS_REANIMATION,ORIGINAL_REPLACEMENT_REQUIRED,UNKNOWN_SEMANTIC,ROM_COPYRIGHTED_REFERENCE,true,,,,,,,,,REBUILD,,[],"[""ORIGINAL_ANIMATION_REPLACEMENT_REQUIRED"",""SEMANTIC_CALL_TRACE_REQUIRED""]",Preserve RAW_SLOT_10 as the authoritative semantic label until runtime call-site evidence exists. Egg entities expose only slots 00-01; Digimon contract reaches the full side count.
art:character-animation:main-slot-11:rom-contract,CHARACTER_ANIMATION,ANIMATION_SLOT_CONTRACT,main-animation-contract,YDIJ NANR decoded runtime manifest,R:\NEXUS LINK\原作\CLAUDE_CODE_YDIJ_HANDOFF\02_CHARACTER_ART_STRUCTURE\digimon_runtime_manifest.json,DECODED_REFERENCE,RAW_SLOT_11,NDS_2D,PIXIJS_2D,NEEDS_REANIMATION,ORIGINAL_REPLACEMENT_REQUIRED,UNKNOWN_SEMANTIC,ROM_COPYRIGHTED_REFERENCE,true,,,,,,,,,REBUILD,,[],"[""ORIGINAL_ANIMATION_REPLACEMENT_REQUIRED"",""SEMANTIC_CALL_TRACE_REQUIRED""]",Preserve RAW_SLOT_11 as the authoritative semantic label until runtime call-site evidence exists. Egg entities expose only slots 00-01; Digimon contract reaches the full side count.
art:character-animation:main-slot-12:rom-contract,CHARACTER_ANIMATION,ANIMATION_SLOT_CONTRACT,main-animation-contract,YDIJ NANR decoded runtime manifest,R:\NEXUS LINK\原作\CLAUDE_CODE_YDIJ_HANDOFF\02_CHARACTER_ART_STRUCTURE\digimon_runtime_manifest.json,DECODED_REFERENCE,RAW_SLOT_12,NDS_2D,PIXIJS_2D,NEEDS_REANIMATION,ORIGINAL_REPLACEMENT_REQUIRED,UNKNOWN_SEMANTIC,ROM_COPYRIGHTED_REFERENCE,true,,,,,,,,,REBUILD,,[],"[""ORIGINAL_ANIMATION_REPLACEMENT_REQUIRED"",""SEMANTIC_CALL_TRACE_REQUIRED""]",Preserve RAW_SLOT_12 as the authoritative semantic label until runtime call-site evidence exists. Egg entities expose only slots 00-01; Digimon contract reaches the full side count.
art:character-animation:main-slot-13:rom-contract,CHARACTER_ANIMATION,ANIMATION_SLOT_CONTRACT,main-animation-contract,YDIJ NANR decoded runtime manifest,R:\NEXUS LINK\原作\CLAUDE_CODE_YDIJ_HANDOFF\02_CHARACTER_ART_STRUCTURE\digimon_runtime_manifest.json,DECODED_REFERENCE,RAW_SLOT_13,NDS_2D,PIXIJS_2D,NEEDS_REANIMATION,ORIGINAL_REPLACEMENT_REQUIRED,UNKNOWN_SEMANTIC,ROM_COPYRIGHTED_REFERENCE,true,,,,,,,,,REBUILD,,[],"[""ORIGINAL_ANIMATION_REPLACEMENT_REQUIRED"",""SEMANTIC_CALL_TRACE_REQUIRED""]",Preserve RAW_SLOT_13 as the authoritative semantic label until runtime call-site evidence exists. Egg entities expose only slots 00-01; Digimon contract reaches the full side count.
art:character-animation:main-slot-14:rom-contract,CHARACTER_ANIMATION,ANIMATION_SLOT_CONTRACT,main-animation-contract,YDIJ NANR decoded runtime manifest,R:\NEXUS LINK\原作\CLAUDE_CODE_YDIJ_HANDOFF\02_CHARACTER_ART_STRUCTURE\digimon_runtime_manifest.json,DECODED_REFERENCE,RAW_SLOT_14,NDS_2D,PIXIJS_2D,NEEDS_REANIMATION,ORIGINAL_REPLACEMENT_REQUIRED,UNKNOWN_SEMANTIC,ROM_COPYRIGHTED_REFERENCE,true,,,,,,,,,REBUILD,,[],"[""ORIGINAL_ANIMATION_REPLACEMENT_REQUIRED"",""SEMANTIC_CALL_TRACE_REQUIRED""]",Preserve RAW_SLOT_14 as the authoritative semantic label until runtime call-site evidence exists. Egg entities expose only slots 00-01; Digimon contract reaches the full side count.
art:character-animation:main-slot-15:rom-contract,CHARACTER_ANIMATION,ANIMATION_SLOT_CONTRACT,main-animation-contract,YDIJ NANR decoded runtime manifest,R:\NEXUS LINK\原作\CLAUDE_CODE_YDIJ_HANDOFF\02_CHARACTER_ART_STRUCTURE\digimon_runtime_manifest.json,DECODED_REFERENCE,RAW_SLOT_15,NDS_2D,PIXIJS_2D,NEEDS_REANIMATION,ORIGINAL_REPLACEMENT_REQUIRED,UNKNOWN_SEMANTIC,ROM_COPYRIGHTED_REFERENCE,true,,,,,,,,,REBUILD,,[],"[""ORIGINAL_ANIMATION_REPLACEMENT_REQUIRED"",""SEMANTIC_CALL_TRACE_REQUIRED""]",Preserve RAW_SLOT_15 as the authoritative semantic label until runtime call-site evidence exists. Egg entities expose only slots 00-01; Digimon contract reaches the full side count.
art:character-animation:main-slot-16:rom-contract,CHARACTER_ANIMATION,ANIMATION_SLOT_CONTRACT,main-animation-contract,YDIJ NANR decoded runtime manifest,R:\NEXUS LINK\原作\CLAUDE_CODE_YDIJ_HANDOFF\02_CHARACTER_ART_STRUCTURE\digimon_runtime_manifest.json,DECODED_REFERENCE,RAW_SLOT_16,NDS_2D,PIXIJS_2D,NEEDS_REANIMATION,ORIGINAL_REPLACEMENT_REQUIRED,UNKNOWN_SEMANTIC,ROM_COPYRIGHTED_REFERENCE,true,,,,,,,,,REBUILD,,[],"[""ORIGINAL_ANIMATION_REPLACEMENT_REQUIRED"",""SEMANTIC_CALL_TRACE_REQUIRED""]",Preserve RAW_SLOT_16 as the authoritative semantic label until runtime call-site evidence exists. Egg entities expose only slots 00-01; Digimon contract reaches the full side count.
art:character-animation:main-slot-17:rom-contract,CHARACTER_ANIMATION,ANIMATION_SLOT_CONTRACT,main-animation-contract,YDIJ NANR decoded runtime manifest,R:\NEXUS LINK\原作\CLAUDE_CODE_YDIJ_HANDOFF\02_CHARACTER_ART_STRUCTURE\digimon_runtime_manifest.json,DECODED_REFERENCE,RAW_SLOT_17,NDS_2D,PIXIJS_2D,NEEDS_REANIMATION,ORIGINAL_REPLACEMENT_REQUIRED,UNKNOWN_SEMANTIC,ROM_COPYRIGHTED_REFERENCE,true,,,,,,,,,REBUILD,,[],"[""ORIGINAL_ANIMATION_REPLACEMENT_REQUIRED"",""SEMANTIC_CALL_TRACE_REQUIRED""]",Preserve RAW_SLOT_17 as the authoritative semantic label until runtime call-site evidence exists. Egg entities expose only slots 00-01; Digimon contract reaches the full side count.
art:character-animation:main-slot-18:rom-contract,CHARACTER_ANIMATION,ANIMATION_SLOT_CONTRACT,main-animation-contract,YDIJ NANR decoded runtime manifest,R:\NEXUS LINK\原作\CLAUDE_CODE_YDIJ_HANDOFF\02_CHARACTER_ART_STRUCTURE\digimon_runtime_manifest.json,DECODED_REFERENCE,RAW_SLOT_18,NDS_2D,PIXIJS_2D,NEEDS_REANIMATION,ORIGINAL_REPLACEMENT_REQUIRED,UNKNOWN_SEMANTIC,ROM_COPYRIGHTED_REFERENCE,true,,,,,,,,,REBUILD,,[],"[""ORIGINAL_ANIMATION_REPLACEMENT_REQUIRED"",""SEMANTIC_CALL_TRACE_REQUIRED""]",Preserve RAW_SLOT_18 as the authoritative semantic label until runtime call-site evidence exists. Egg entities expose only slots 00-01; Digimon contract reaches the full side count.
art:character-animation:main-slot-19:rom-contract,CHARACTER_ANIMATION,ANIMATION_SLOT_CONTRACT,main-animation-contract,YDIJ NANR decoded runtime manifest,R:\NEXUS LINK\原作\CLAUDE_CODE_YDIJ_HANDOFF\02_CHARACTER_ART_STRUCTURE\digimon_runtime_manifest.json,DECODED_REFERENCE,RAW_SLOT_19,NDS_2D,PIXIJS_2D,NEEDS_REANIMATION,ORIGINAL_REPLACEMENT_REQUIRED,UNKNOWN_SEMANTIC,ROM_COPYRIGHTED_REFERENCE,true,,,,,,,,,REBUILD,,[],"[""ORIGINAL_ANIMATION_REPLACEMENT_REQUIRED"",""SEMANTIC_CALL_TRACE_REQUIRED""]",Preserve RAW_SLOT_19 as the authoritative semantic label until runtime call-site evidence exists. Egg entities expose only slots 00-01; Digimon contract reaches the full side count.
art:character-animation:main-slot-20:rom-contract,CHARACTER_ANIMATION,ANIMATION_SLOT_CONTRACT,main-animation-contract,YDIJ NANR decoded runtime manifest,R:\NEXUS LINK\原作\CLAUDE_CODE_YDIJ_HANDOFF\02_CHARACTER_ART_STRUCTURE\digimon_runtime_manifest.json,DECODED_REFERENCE,RAW_SLOT_20,NDS_2D,PIXIJS_2D,NEEDS_REANIMATION,ORIGINAL_REPLACEMENT_REQUIRED,UNKNOWN_SEMANTIC,ROM_COPYRIGHTED_REFERENCE,true,,,,,,,,,REBUILD,,[],"[""ORIGINAL_ANIMATION_REPLACEMENT_REQUIRED"",""SEMANTIC_CALL_TRACE_REQUIRED""]",Preserve RAW_SLOT_20 as the authoritative semantic label until runtime call-site evidence exists. Egg entities expose only slots 00-01; Digimon contract reaches the full side count.
art:character-animation:main-slot-21:rom-contract,CHARACTER_ANIMATION,ANIMATION_SLOT_CONTRACT,main-animation-contract,YDIJ NANR decoded runtime manifest,R:\NEXUS LINK\原作\CLAUDE_CODE_YDIJ_HANDOFF\02_CHARACTER_ART_STRUCTURE\digimon_runtime_manifest.json,DECODED_REFERENCE,RAW_SLOT_21,NDS_2D,PIXIJS_2D,NEEDS_REANIMATION,ORIGINAL_REPLACEMENT_REQUIRED,UNKNOWN_SEMANTIC,ROM_COPYRIGHTED_REFERENCE,true,,,,,,,,,REBUILD,,[],"[""ORIGINAL_ANIMATION_REPLACEMENT_REQUIRED"",""SEMANTIC_CALL_TRACE_REQUIRED""]",Preserve RAW_SLOT_21 as the authoritative semantic label until runtime call-site evidence exists. Egg entities expose only slots 00-01; Digimon contract reaches the full side count.
art:character-animation:main-slot-22:rom-contract,CHARACTER_ANIMATION,ANIMATION_SLOT_CONTRACT,main-animation-contract,YDIJ NANR decoded runtime manifest,R:\NEXUS LINK\原作\CLAUDE_CODE_YDIJ_HANDOFF\02_CHARACTER_ART_STRUCTURE\digimon_runtime_manifest.json,DECODED_REFERENCE,RAW_SLOT_22,NDS_2D,PIXIJS_2D,NEEDS_REANIMATION,ORIGINAL_REPLACEMENT_REQUIRED,UNKNOWN_SEMANTIC,ROM_COPYRIGHTED_REFERENCE,true,,,,,,,,,REBUILD,,[],"[""ORIGINAL_ANIMATION_REPLACEMENT_REQUIRED"",""SEMANTIC_CALL_TRACE_REQUIRED""]",Preserve RAW_SLOT_22 as the authoritative semantic label until runtime call-site evidence exists. Egg entities expose only slots 00-01; Digimon contract reaches the full side count.
art:character-animation:main-slot-23:rom-contract,CHARACTER_ANIMATION,ANIMATION_SLOT_CONTRACT,main-animation-contract,YDIJ NANR decoded runtime manifest,R:\NEXUS LINK\原作\CLAUDE_CODE_YDIJ_HANDOFF\02_CHARACTER_ART_STRUCTURE\digimon_runtime_manifest.json,DECODED_REFERENCE,RAW_SLOT_23,NDS_2D,PIXIJS_2D,NEEDS_REANIMATION,ORIGINAL_REPLACEMENT_REQUIRED,UNKNOWN_SEMANTIC,ROM_COPYRIGHTED_REFERENCE,true,,,,,,,,,REBUILD,,[],"[""ORIGINAL_ANIMATION_REPLACEMENT_REQUIRED"",""SEMANTIC_CALL_TRACE_REQUIRED""]",Preserve RAW_SLOT_23 as the authoritative semantic label until runtime call-site evidence exists. Egg entities expose only slots 00-01; Digimon contract reaches the full side count.
art:character-animation:main-slot-24:rom-contract,CHARACTER_ANIMATION,ANIMATION_SLOT_CONTRACT,main-animation-contract,YDIJ NANR decoded runtime manifest,R:\NEXUS LINK\原作\CLAUDE_CODE_YDIJ_HANDOFF\02_CHARACTER_ART_STRUCTURE\digimon_runtime_manifest.json,DECODED_REFERENCE,RAW_SLOT_24,NDS_2D,PIXIJS_2D,NEEDS_REANIMATION,ORIGINAL_REPLACEMENT_REQUIRED,UNKNOWN_SEMANTIC,ROM_COPYRIGHTED_REFERENCE,true,,,,,,,,,REBUILD,,[],"[""ORIGINAL_ANIMATION_REPLACEMENT_REQUIRED"",""SEMANTIC_CALL_TRACE_REQUIRED""]",Preserve RAW_SLOT_24 as the authoritative semantic label until runtime call-site evidence exists. Egg entities expose only slots 00-01; Digimon contract reaches the full side count.
art:character-animation:main-slot-25:rom-contract,CHARACTER_ANIMATION,ANIMATION_SLOT_CONTRACT,main-animation-contract,YDIJ NANR decoded runtime manifest,R:\NEXUS LINK\原作\CLAUDE_CODE_YDIJ_HANDOFF\02_CHARACTER_ART_STRUCTURE\digimon_runtime_manifest.json,DECODED_REFERENCE,RAW_SLOT_25,NDS_2D,PIXIJS_2D,NEEDS_REANIMATION,ORIGINAL_REPLACEMENT_REQUIRED,UNKNOWN_SEMANTIC,ROM_COPYRIGHTED_REFERENCE,true,,,,,,,,,REBUILD,,[],"[""ORIGINAL_ANIMATION_REPLACEMENT_REQUIRED"",""SEMANTIC_CALL_TRACE_REQUIRED""]",Preserve RAW_SLOT_25 as the authoritative semantic label until runtime call-site evidence exists. Egg entities expose only slots 00-01; Digimon contract reaches the full side count.
art:character-animation:main-slot-26:rom-contract,CHARACTER_ANIMATION,ANIMATION_SLOT_CONTRACT,main-animation-contract,YDIJ NANR decoded runtime manifest,R:\NEXUS LINK\原作\CLAUDE_CODE_YDIJ_HANDOFF\02_CHARACTER_ART_STRUCTURE\digimon_runtime_manifest.json,DECODED_REFERENCE,RAW_SLOT_26,NDS_2D,PIXIJS_2D,NEEDS_REANIMATION,ORIGINAL_REPLACEMENT_REQUIRED,UNKNOWN_SEMANTIC,ROM_COPYRIGHTED_REFERENCE,true,,,,,,,,,REBUILD,,[],"[""ORIGINAL_ANIMATION_REPLACEMENT_REQUIRED"",""SEMANTIC_CALL_TRACE_REQUIRED""]",Preserve RAW_SLOT_26 as the authoritative semantic label until runtime call-site evidence exists. Egg entities expose only slots 00-01; Digimon contract reaches the full side count.
art:character-animation:main-slot-27:rom-contract,CHARACTER_ANIMATION,ANIMATION_SLOT_CONTRACT,main-animation-contract,YDIJ NANR decoded runtime manifest,R:\NEXUS LINK\原作\CLAUDE_CODE_YDIJ_HANDOFF\02_CHARACTER_ART_STRUCTURE\digimon_runtime_manifest.json,DECODED_REFERENCE,RAW_SLOT_27,NDS_2D,PIXIJS_2D,NEEDS_REANIMATION,ORIGINAL_REPLACEMENT_REQUIRED,UNKNOWN_SEMANTIC,ROM_COPYRIGHTED_REFERENCE,true,,,,,,,,,REBUILD,,[],"[""ORIGINAL_ANIMATION_REPLACEMENT_REQUIRED"",""SEMANTIC_CALL_TRACE_REQUIRED""]",Preserve RAW_SLOT_27 as the authoritative semantic label until runtime call-site evidence exists. Egg entities expose only slots 00-01; Digimon contract reaches the full side count.
art:character-animation:main-slot-28:rom-contract,CHARACTER_ANIMATION,ANIMATION_SLOT_CONTRACT,main-animation-contract,YDIJ NANR decoded runtime manifest,R:\NEXUS LINK\原作\CLAUDE_CODE_YDIJ_HANDOFF\02_CHARACTER_ART_STRUCTURE\digimon_runtime_manifest.json,DECODED_REFERENCE,RAW_SLOT_28,NDS_2D,PIXIJS_2D,NEEDS_REANIMATION,ORIGINAL_REPLACEMENT_REQUIRED,UNKNOWN_SEMANTIC,ROM_COPYRIGHTED_REFERENCE,true,,,,,,,,,REBUILD,,[],"[""ORIGINAL_ANIMATION_REPLACEMENT_REQUIRED"",""SEMANTIC_CALL_TRACE_REQUIRED""]",Preserve RAW_SLOT_28 as the authoritative semantic label until runtime call-site evidence exists. Egg entities expose only slots 00-01; Digimon contract reaches the full side count.
art:character-animation:main-slot-29:rom-contract,CHARACTER_ANIMATION,ANIMATION_SLOT_CONTRACT,main-animation-contract,YDIJ NANR decoded runtime manifest,R:\NEXUS LINK\原作\CLAUDE_CODE_YDIJ_HANDOFF\02_CHARACTER_ART_STRUCTURE\digimon_runtime_manifest.json,DECODED_REFERENCE,RAW_SLOT_29,NDS_2D,PIXIJS_2D,NEEDS_REANIMATION,ORIGINAL_REPLACEMENT_REQUIRED,UNKNOWN_SEMANTIC,ROM_COPYRIGHTED_REFERENCE,true,,,,,,,,,REBUILD,,[],"[""ORIGINAL_ANIMATION_REPLACEMENT_REQUIRED"",""SEMANTIC_CALL_TRACE_REQUIRED""]",Preserve RAW_SLOT_29 as the authoritative semantic label until runtime call-site evidence exists. Egg entities expose only slots 00-01; Digimon contract reaches the full side count.
art:character-animation:main-slot-30:rom-contract,CHARACTER_ANIMATION,ANIMATION_SLOT_CONTRACT,main-animation-contract,YDIJ NANR decoded runtime manifest,R:\NEXUS LINK\原作\CLAUDE_CODE_YDIJ_HANDOFF\02_CHARACTER_ART_STRUCTURE\digimon_runtime_manifest.json,DECODED_REFERENCE,RAW_SLOT_30,NDS_2D,PIXIJS_2D,NEEDS_REANIMATION,ORIGINAL_REPLACEMENT_REQUIRED,UNKNOWN_SEMANTIC,ROM_COPYRIGHTED_REFERENCE,true,,,,,,,,,REBUILD,,[],"[""ORIGINAL_ANIMATION_REPLACEMENT_REQUIRED"",""SEMANTIC_CALL_TRACE_REQUIRED""]",Preserve RAW_SLOT_30 as the authoritative semantic label until runtime call-site evidence exists. Egg entities expose only slots 00-01; Digimon contract reaches the full side count.
art:character-animation:main-slot-31:rom-contract,CHARACTER_ANIMATION,ANIMATION_SLOT_CONTRACT,main-animation-contract,YDIJ NANR decoded runtime manifest,R:\NEXUS LINK\原作\CLAUDE_CODE_YDIJ_HANDOFF\02_CHARACTER_ART_STRUCTURE\digimon_runtime_manifest.json,DECODED_REFERENCE,RAW_SLOT_31,NDS_2D,PIXIJS_2D,NEEDS_REANIMATION,ORIGINAL_REPLACEMENT_REQUIRED,UNKNOWN_SEMANTIC,ROM_COPYRIGHTED_REFERENCE,true,,,,,,,,,REBUILD,,[],"[""ORIGINAL_ANIMATION_REPLACEMENT_REQUIRED"",""SEMANTIC_CALL_TRACE_REQUIRED""]",Preserve RAW_SLOT_31 as the authoritative semantic label until runtime call-site evidence exists. Egg entities expose only slots 00-01; Digimon contract reaches the full side count.
art:character-animation:main-slot-32:rom-contract,CHARACTER_ANIMATION,ANIMATION_SLOT_CONTRACT,main-animation-contract,YDIJ NANR decoded runtime manifest,R:\NEXUS LINK\原作\CLAUDE_CODE_YDIJ_HANDOFF\02_CHARACTER_ART_STRUCTURE\digimon_runtime_manifest.json,DECODED_REFERENCE,RAW_SLOT_32,NDS_2D,PIXIJS_2D,NEEDS_REANIMATION,ORIGINAL_REPLACEMENT_REQUIRED,UNKNOWN_SEMANTIC,ROM_COPYRIGHTED_REFERENCE,true,,,,,,,,,REBUILD,,[],"[""ORIGINAL_ANIMATION_REPLACEMENT_REQUIRED"",""SEMANTIC_CALL_TRACE_REQUIRED""]",Preserve RAW_SLOT_32 as the authoritative semantic label until runtime call-site evidence exists. Egg entities expose only slots 00-01; Digimon contract reaches the full side count.
art:character-animation:main-slot-33:rom-contract,CHARACTER_ANIMATION,ANIMATION_SLOT_CONTRACT,main-animation-contract,YDIJ NANR decoded runtime manifest,R:\NEXUS LINK\原作\CLAUDE_CODE_YDIJ_HANDOFF\02_CHARACTER_ART_STRUCTURE\digimon_runtime_manifest.json,DECODED_REFERENCE,RAW_SLOT_33,NDS_2D,PIXIJS_2D,NEEDS_REANIMATION,ORIGINAL_REPLACEMENT_REQUIRED,UNKNOWN_SEMANTIC,ROM_COPYRIGHTED_REFERENCE,true,,,,,,,,,REBUILD,,[],"[""ORIGINAL_ANIMATION_REPLACEMENT_REQUIRED"",""SEMANTIC_CALL_TRACE_REQUIRED""]",Preserve RAW_SLOT_33 as the authoritative semantic label until runtime call-site evidence exists. Egg entities expose only slots 00-01; Digimon contract reaches the full side count.
art:character-animation:main-slot-34:rom-contract,CHARACTER_ANIMATION,ANIMATION_SLOT_CONTRACT,main-animation-contract,YDIJ NANR decoded runtime manifest,R:\NEXUS LINK\原作\CLAUDE_CODE_YDIJ_HANDOFF\02_CHARACTER_ART_STRUCTURE\digimon_runtime_manifest.json,DECODED_REFERENCE,RAW_SLOT_34,NDS_2D,PIXIJS_2D,NEEDS_REANIMATION,ORIGINAL_REPLACEMENT_REQUIRED,UNKNOWN_SEMANTIC,ROM_COPYRIGHTED_REFERENCE,true,,,,,,,,,REBUILD,,[],"[""ORIGINAL_ANIMATION_REPLACEMENT_REQUIRED"",""SEMANTIC_CALL_TRACE_REQUIRED""]",Preserve RAW_SLOT_34 as the authoritative semantic label until runtime call-site evidence exists. Egg entities expose only slots 00-01; Digimon contract reaches the full side count.
art:character-animation:main-slot-35:rom-contract,CHARACTER_ANIMATION,ANIMATION_SLOT_CONTRACT,main-animation-contract,YDIJ NANR decoded runtime manifest,R:\NEXUS LINK\原作\CLAUDE_CODE_YDIJ_HANDOFF\02_CHARACTER_ART_STRUCTURE\digimon_runtime_manifest.json,DECODED_REFERENCE,RAW_SLOT_35,NDS_2D,PIXIJS_2D,NEEDS_REANIMATION,ORIGINAL_REPLACEMENT_REQUIRED,UNKNOWN_SEMANTIC,ROM_COPYRIGHTED_REFERENCE,true,,,,,,,,,REBUILD,,[],"[""ORIGINAL_ANIMATION_REPLACEMENT_REQUIRED"",""SEMANTIC_CALL_TRACE_REQUIRED""]",Preserve RAW_SLOT_35 as the authoritative semantic label until runtime call-site evidence exists. Egg entities expose only slots 00-01; Digimon contract reaches the full side count.
art:character-animation:main-slot-36:rom-contract,CHARACTER_ANIMATION,ANIMATION_SLOT_CONTRACT,main-animation-contract,YDIJ NANR decoded runtime manifest,R:\NEXUS LINK\原作\CLAUDE_CODE_YDIJ_HANDOFF\02_CHARACTER_ART_STRUCTURE\digimon_runtime_manifest.json,DECODED_REFERENCE,RAW_SLOT_36,NDS_2D,PIXIJS_2D,NEEDS_REANIMATION,ORIGINAL_REPLACEMENT_REQUIRED,UNKNOWN_SEMANTIC,ROM_COPYRIGHTED_REFERENCE,true,,,,,,,,,REBUILD,,[],"[""ORIGINAL_ANIMATION_REPLACEMENT_REQUIRED"",""SEMANTIC_CALL_TRACE_REQUIRED""]",Preserve RAW_SLOT_36 as the authoritative semantic label until runtime call-site evidence exists. Egg entities expose only slots 00-01; Digimon contract reaches the full side count.
art:character-animation:main-slot-37:rom-contract,CHARACTER_ANIMATION,ANIMATION_SLOT_CONTRACT,main-animation-contract,YDIJ NANR decoded runtime manifest,R:\NEXUS LINK\原作\CLAUDE_CODE_YDIJ_HANDOFF\02_CHARACTER_ART_STRUCTURE\digimon_runtime_manifest.json,DECODED_REFERENCE,RAW_SLOT_37,NDS_2D,PIXIJS_2D,NEEDS_REANIMATION,ORIGINAL_REPLACEMENT_REQUIRED,UNKNOWN_SEMANTIC,ROM_COPYRIGHTED_REFERENCE,true,,,,,,,,,REBUILD,,[],"[""ORIGINAL_ANIMATION_REPLACEMENT_REQUIRED"",""SEMANTIC_CALL_TRACE_REQUIRED""]",Preserve RAW_SLOT_37 as the authoritative semantic label until runtime call-site evidence exists. Egg entities expose only slots 00-01; Digimon contract reaches the full side count.
art:character-animation:main-slot-38:rom-contract,CHARACTER_ANIMATION,ANIMATION_SLOT_CONTRACT,main-animation-contract,YDIJ NANR decoded runtime manifest,R:\NEXUS LINK\原作\CLAUDE_CODE_YDIJ_HANDOFF\02_CHARACTER_ART_STRUCTURE\digimon_runtime_manifest.json,DECODED_REFERENCE,RAW_SLOT_38,NDS_2D,PIXIJS_2D,NEEDS_REANIMATION,ORIGINAL_REPLACEMENT_REQUIRED,UNKNOWN_SEMANTIC,ROM_COPYRIGHTED_REFERENCE,true,,,,,,,,,REBUILD,,[],"[""ORIGINAL_ANIMATION_REPLACEMENT_REQUIRED"",""SEMANTIC_CALL_TRACE_REQUIRED""]",Preserve RAW_SLOT_38 as the authoritative semantic label until runtime call-site evidence exists. Egg entities expose only slots 00-01; Digimon contract reaches the full side count.
art:character-animation:main-slot-39:rom-contract,CHARACTER_ANIMATION,ANIMATION_SLOT_CONTRACT,main-animation-contract,YDIJ NANR decoded runtime manifest,R:\NEXUS LINK\原作\CLAUDE_CODE_YDIJ_HANDOFF\02_CHARACTER_ART_STRUCTURE\digimon_runtime_manifest.json,DECODED_REFERENCE,RAW_SLOT_39,NDS_2D,PIXIJS_2D,NEEDS_REANIMATION,ORIGINAL_REPLACEMENT_REQUIRED,UNKNOWN_SEMANTIC,ROM_COPYRIGHTED_REFERENCE,true,,,,,,,,,REBUILD,,[],"[""ORIGINAL_ANIMATION_REPLACEMENT_REQUIRED"",""SEMANTIC_CALL_TRACE_REQUIRED""]",Preserve RAW_SLOT_39 as the authoritative semantic label until runtime call-site evidence exists. Egg entities expose only slots 00-01; Digimon contract reaches the full side count.
art:character-animation:sub-slot-00:rom-contract,CHARACTER_ANIMATION,ANIMATION_SLOT_CONTRACT,sub-animation-contract,YDIJ NANR decoded runtime manifest,R:\NEXUS LINK\原作\CLAUDE_CODE_YDIJ_HANDOFF\02_CHARACTER_ART_STRUCTURE\digimon_runtime_manifest.json,DECODED_REFERENCE,RAW_SLOT_00,NDS_2D,PIXIJS_2D,NEEDS_REANIMATION,ORIGINAL_REPLACEMENT_REQUIRED,UNKNOWN_SEMANTIC,ROM_COPYRIGHTED_REFERENCE,true,,,,,,,,,REBUILD,,[],"[""ORIGINAL_ANIMATION_REPLACEMENT_REQUIRED"",""SEMANTIC_CALL_TRACE_REQUIRED""]",Preserve RAW_SLOT_00 as the authoritative semantic label until runtime call-site evidence exists. Egg entities expose only slots 00-01; Digimon contract reaches the full side count.
art:character-animation:sub-slot-01:rom-contract,CHARACTER_ANIMATION,ANIMATION_SLOT_CONTRACT,sub-animation-contract,YDIJ NANR decoded runtime manifest,R:\NEXUS LINK\原作\CLAUDE_CODE_YDIJ_HANDOFF\02_CHARACTER_ART_STRUCTURE\digimon_runtime_manifest.json,DECODED_REFERENCE,RAW_SLOT_01,NDS_2D,PIXIJS_2D,NEEDS_REANIMATION,ORIGINAL_REPLACEMENT_REQUIRED,UNKNOWN_SEMANTIC,ROM_COPYRIGHTED_REFERENCE,true,,,,,,,,,REBUILD,,[],"[""ORIGINAL_ANIMATION_REPLACEMENT_REQUIRED"",""SEMANTIC_CALL_TRACE_REQUIRED""]",Preserve RAW_SLOT_01 as the authoritative semantic label until runtime call-site evidence exists. Egg entities expose only slots 00-01; Digimon contract reaches the full side count.
art:character-animation:sub-slot-02:rom-contract,CHARACTER_ANIMATION,ANIMATION_SLOT_CONTRACT,sub-animation-contract,YDIJ NANR decoded runtime manifest,R:\NEXUS LINK\原作\CLAUDE_CODE_YDIJ_HANDOFF\02_CHARACTER_ART_STRUCTURE\digimon_runtime_manifest.json,DECODED_REFERENCE,RAW_SLOT_02,NDS_2D,PIXIJS_2D,NEEDS_REANIMATION,ORIGINAL_REPLACEMENT_REQUIRED,UNKNOWN_SEMANTIC,ROM_COPYRIGHTED_REFERENCE,true,,,,,,,,,REBUILD,,[],"[""ORIGINAL_ANIMATION_REPLACEMENT_REQUIRED"",""SEMANTIC_CALL_TRACE_REQUIRED""]",Preserve RAW_SLOT_02 as the authoritative semantic label until runtime call-site evidence exists. Egg entities expose only slots 00-01; Digimon contract reaches the full side count.
art:character-animation:sub-slot-03:rom-contract,CHARACTER_ANIMATION,ANIMATION_SLOT_CONTRACT,sub-animation-contract,YDIJ NANR decoded runtime manifest,R:\NEXUS LINK\原作\CLAUDE_CODE_YDIJ_HANDOFF\02_CHARACTER_ART_STRUCTURE\digimon_runtime_manifest.json,DECODED_REFERENCE,RAW_SLOT_03,NDS_2D,PIXIJS_2D,NEEDS_REANIMATION,ORIGINAL_REPLACEMENT_REQUIRED,UNKNOWN_SEMANTIC,ROM_COPYRIGHTED_REFERENCE,true,,,,,,,,,REBUILD,,[],"[""ORIGINAL_ANIMATION_REPLACEMENT_REQUIRED"",""SEMANTIC_CALL_TRACE_REQUIRED""]",Preserve RAW_SLOT_03 as the authoritative semantic label until runtime call-site evidence exists. Egg entities expose only slots 00-01; Digimon contract reaches the full side count.
art:character-animation:sub-slot-04:rom-contract,CHARACTER_ANIMATION,ANIMATION_SLOT_CONTRACT,sub-animation-contract,YDIJ NANR decoded runtime manifest,R:\NEXUS LINK\原作\CLAUDE_CODE_YDIJ_HANDOFF\02_CHARACTER_ART_STRUCTURE\digimon_runtime_manifest.json,DECODED_REFERENCE,RAW_SLOT_04,NDS_2D,PIXIJS_2D,NEEDS_REANIMATION,ORIGINAL_REPLACEMENT_REQUIRED,UNKNOWN_SEMANTIC,ROM_COPYRIGHTED_REFERENCE,true,,,,,,,,,REBUILD,,[],"[""ORIGINAL_ANIMATION_REPLACEMENT_REQUIRED"",""SEMANTIC_CALL_TRACE_REQUIRED""]",Preserve RAW_SLOT_04 as the authoritative semantic label until runtime call-site evidence exists. Egg entities expose only slots 00-01; Digimon contract reaches the full side count.
art:character-animation:sub-slot-05:rom-contract,CHARACTER_ANIMATION,ANIMATION_SLOT_CONTRACT,sub-animation-contract,YDIJ NANR decoded runtime manifest,R:\NEXUS LINK\原作\CLAUDE_CODE_YDIJ_HANDOFF\02_CHARACTER_ART_STRUCTURE\digimon_runtime_manifest.json,DECODED_REFERENCE,RAW_SLOT_05,NDS_2D,PIXIJS_2D,NEEDS_REANIMATION,ORIGINAL_REPLACEMENT_REQUIRED,UNKNOWN_SEMANTIC,ROM_COPYRIGHTED_REFERENCE,true,,,,,,,,,REBUILD,,[],"[""ORIGINAL_ANIMATION_REPLACEMENT_REQUIRED"",""SEMANTIC_CALL_TRACE_REQUIRED""]",Preserve RAW_SLOT_05 as the authoritative semantic label until runtime call-site evidence exists. Egg entities expose only slots 00-01; Digimon contract reaches the full side count.
art:character-animation:sub-slot-06:rom-contract,CHARACTER_ANIMATION,ANIMATION_SLOT_CONTRACT,sub-animation-contract,YDIJ NANR decoded runtime manifest,R:\NEXUS LINK\原作\CLAUDE_CODE_YDIJ_HANDOFF\02_CHARACTER_ART_STRUCTURE\digimon_runtime_manifest.json,DECODED_REFERENCE,RAW_SLOT_06,NDS_2D,PIXIJS_2D,NEEDS_REANIMATION,ORIGINAL_REPLACEMENT_REQUIRED,UNKNOWN_SEMANTIC,ROM_COPYRIGHTED_REFERENCE,true,,,,,,,,,REBUILD,,[],"[""ORIGINAL_ANIMATION_REPLACEMENT_REQUIRED"",""SEMANTIC_CALL_TRACE_REQUIRED""]",Preserve RAW_SLOT_06 as the authoritative semantic label until runtime call-site evidence exists. Egg entities expose only slots 00-01; Digimon contract reaches the full side count.
art:character-animation:sub-slot-07:rom-contract,CHARACTER_ANIMATION,ANIMATION_SLOT_CONTRACT,sub-animation-contract,YDIJ NANR decoded runtime manifest,R:\NEXUS LINK\原作\CLAUDE_CODE_YDIJ_HANDOFF\02_CHARACTER_ART_STRUCTURE\digimon_runtime_manifest.json,DECODED_REFERENCE,RAW_SLOT_07,NDS_2D,PIXIJS_2D,NEEDS_REANIMATION,ORIGINAL_REPLACEMENT_REQUIRED,UNKNOWN_SEMANTIC,ROM_COPYRIGHTED_REFERENCE,true,,,,,,,,,REBUILD,,[],"[""ORIGINAL_ANIMATION_REPLACEMENT_REQUIRED"",""SEMANTIC_CALL_TRACE_REQUIRED""]",Preserve RAW_SLOT_07 as the authoritative semantic label until runtime call-site evidence exists. Egg entities expose only slots 00-01; Digimon contract reaches the full side count.
art:character-animation:sub-slot-08:rom-contract,CHARACTER_ANIMATION,ANIMATION_SLOT_CONTRACT,sub-animation-contract,YDIJ NANR decoded runtime manifest,R:\NEXUS LINK\原作\CLAUDE_CODE_YDIJ_HANDOFF\02_CHARACTER_ART_STRUCTURE\digimon_runtime_manifest.json,DECODED_REFERENCE,RAW_SLOT_08,NDS_2D,PIXIJS_2D,NEEDS_REANIMATION,ORIGINAL_REPLACEMENT_REQUIRED,UNKNOWN_SEMANTIC,ROM_COPYRIGHTED_REFERENCE,true,,,,,,,,,REBUILD,,[],"[""ORIGINAL_ANIMATION_REPLACEMENT_REQUIRED"",""SEMANTIC_CALL_TRACE_REQUIRED""]",Preserve RAW_SLOT_08 as the authoritative semantic label until runtime call-site evidence exists. Egg entities expose only slots 00-01; Digimon contract reaches the full side count.
art:character-animation:sub-slot-09:rom-contract,CHARACTER_ANIMATION,ANIMATION_SLOT_CONTRACT,sub-animation-contract,YDIJ NANR decoded runtime manifest,R:\NEXUS LINK\原作\CLAUDE_CODE_YDIJ_HANDOFF\02_CHARACTER_ART_STRUCTURE\digimon_runtime_manifest.json,DECODED_REFERENCE,RAW_SLOT_09,NDS_2D,PIXIJS_2D,NEEDS_REANIMATION,ORIGINAL_REPLACEMENT_REQUIRED,UNKNOWN_SEMANTIC,ROM_COPYRIGHTED_REFERENCE,true,,,,,,,,,REBUILD,,[],"[""ORIGINAL_ANIMATION_REPLACEMENT_REQUIRED"",""SEMANTIC_CALL_TRACE_REQUIRED""]",Preserve RAW_SLOT_09 as the authoritative semantic label until runtime call-site evidence exists. Egg entities expose only slots 00-01; Digimon contract reaches the full side count.
art:character-animation:sub-slot-10:rom-contract,CHARACTER_ANIMATION,ANIMATION_SLOT_CONTRACT,sub-animation-contract,YDIJ NANR decoded runtime manifest,R:\NEXUS LINK\原作\CLAUDE_CODE_YDIJ_HANDOFF\02_CHARACTER_ART_STRUCTURE\digimon_runtime_manifest.json,DECODED_REFERENCE,RAW_SLOT_10,NDS_2D,PIXIJS_2D,NEEDS_REANIMATION,ORIGINAL_REPLACEMENT_REQUIRED,UNKNOWN_SEMANTIC,ROM_COPYRIGHTED_REFERENCE,true,,,,,,,,,REBUILD,,[],"[""ORIGINAL_ANIMATION_REPLACEMENT_REQUIRED"",""SEMANTIC_CALL_TRACE_REQUIRED""]",Preserve RAW_SLOT_10 as the authoritative semantic label until runtime call-site evidence exists. Egg entities expose only slots 00-01; Digimon contract reaches the full side count.
art:character-animation:sub-slot-11:rom-contract,CHARACTER_ANIMATION,ANIMATION_SLOT_CONTRACT,sub-animation-contract,YDIJ NANR decoded runtime manifest,R:\NEXUS LINK\原作\CLAUDE_CODE_YDIJ_HANDOFF\02_CHARACTER_ART_STRUCTURE\digimon_runtime_manifest.json,DECODED_REFERENCE,RAW_SLOT_11,NDS_2D,PIXIJS_2D,NEEDS_REANIMATION,ORIGINAL_REPLACEMENT_REQUIRED,UNKNOWN_SEMANTIC,ROM_COPYRIGHTED_REFERENCE,true,,,,,,,,,REBUILD,,[],"[""ORIGINAL_ANIMATION_REPLACEMENT_REQUIRED"",""SEMANTIC_CALL_TRACE_REQUIRED""]",Preserve RAW_SLOT_11 as the authoritative semantic label until runtime call-site evidence exists. Egg entities expose only slots 00-01; Digimon contract reaches the full side count.
art:character-animation:sub-slot-12:rom-contract,CHARACTER_ANIMATION,ANIMATION_SLOT_CONTRACT,sub-animation-contract,YDIJ NANR decoded runtime manifest,R:\NEXUS LINK\原作\CLAUDE_CODE_YDIJ_HANDOFF\02_CHARACTER_ART_STRUCTURE\digimon_runtime_manifest.json,DECODED_REFERENCE,RAW_SLOT_12,NDS_2D,PIXIJS_2D,NEEDS_REANIMATION,ORIGINAL_REPLACEMENT_REQUIRED,UNKNOWN_SEMANTIC,ROM_COPYRIGHTED_REFERENCE,true,,,,,,,,,REBUILD,,[],"[""ORIGINAL_ANIMATION_REPLACEMENT_REQUIRED"",""SEMANTIC_CALL_TRACE_REQUIRED""]",Preserve RAW_SLOT_12 as the authoritative semantic label until runtime call-site evidence exists. Egg entities expose only slots 00-01; Digimon contract reaches the full side count.
art:character:e000-digitama:rom-reference,CHARACTER,CHARACTER_ENTITY_REFERENCE,e000_digitama,YDIJ decoded character runtime manifest,R:\NEXUS LINK\原作\CLAUDE_CODE_YDIJ_HANDOFF\02_CHARACTER_ART_STRUCTURE\digimon_runtime_manifest.json,DECODED_REFERENCE,RAW_ENTITY_E000_DIGITAMA,NDS_2D,PIXIJS_2D,NEEDS_REBUILD,ORIGINAL_REPLACEMENT_REQUIRED,VERIFIED_CROSSCHECK,ROM_COPYRIGHTED_REFERENCE,true,,,,,,,,,REBUILD,,[],"[""NEXUS_IDENTITY_AND_RIGHTS_REPLACEMENT_REQUIRED""]","egg; 8 gameplay files per entity contract (Main/Sub x NANR, graphics, NCER, NCLR). Rendered sheets are research-only; do not copy identity pixels into shipping art."
art:character:e001-digitama:rom-reference,CHARACTER,CHARACTER_ENTITY_REFERENCE,e001_digitama,YDIJ decoded character runtime manifest,R:\NEXUS LINK\原作\CLAUDE_CODE_YDIJ_HANDOFF\02_CHARACTER_ART_STRUCTURE\digimon_runtime_manifest.json,DECODED_REFERENCE,RAW_ENTITY_E001_DIGITAMA,NDS_2D,PIXIJS_2D,NEEDS_REBUILD,ORIGINAL_REPLACEMENT_REQUIRED,VERIFIED_CROSSCHECK,ROM_COPYRIGHTED_REFERENCE,true,,,,,,,,,REBUILD,,[],"[""NEXUS_IDENTITY_AND_RIGHTS_REPLACEMENT_REQUIRED""]","egg; 8 gameplay files per entity contract (Main/Sub x NANR, graphics, NCER, NCLR). Rendered sheets are research-only; do not copy identity pixels into shipping art."
art:character:e002-digitama:rom-reference,CHARACTER,CHARACTER_ENTITY_REFERENCE,e002_digitama,YDIJ decoded character runtime manifest,R:\NEXUS LINK\原作\CLAUDE_CODE_YDIJ_HANDOFF\02_CHARACTER_ART_STRUCTURE\digimon_runtime_manifest.json,DECODED_REFERENCE,RAW_ENTITY_E002_DIGITAMA,NDS_2D,PIXIJS_2D,NEEDS_REBUILD,ORIGINAL_REPLACEMENT_REQUIRED,VERIFIED_CROSSCHECK,ROM_COPYRIGHTED_REFERENCE,true,,,,,,,,,REBUILD,,[],"[""NEXUS_IDENTITY_AND_RIGHTS_REPLACEMENT_REQUIRED""]","egg; 8 gameplay files per entity contract (Main/Sub x NANR, graphics, NCER, NCLR). Rendered sheets are research-only; do not copy identity pixels into shipping art."
art:character:e003-digitama:rom-reference,CHARACTER,CHARACTER_ENTITY_REFERENCE,e003_digitama,YDIJ decoded character runtime manifest,R:\NEXUS LINK\原作\CLAUDE_CODE_YDIJ_HANDOFF\02_CHARACTER_ART_STRUCTURE\digimon_runtime_manifest.json,DECODED_REFERENCE,RAW_ENTITY_E003_DIGITAMA,NDS_2D,PIXIJS_2D,NEEDS_REBUILD,ORIGINAL_REPLACEMENT_REQUIRED,VERIFIED_CROSSCHECK,ROM_COPYRIGHTED_REFERENCE,true,,,,,,,,,REBUILD,,[],"[""NEXUS_IDENTITY_AND_RIGHTS_REPLACEMENT_REQUIRED""]","egg; 8 gameplay files per entity contract (Main/Sub x NANR, graphics, NCER, NCLR). Rendered sheets are research-only; do not copy identity pixels into shipping art."
art:character:e004-digitama:rom-reference,CHARACTER,CHARACTER_ENTITY_REFERENCE,e004_digitama,YDIJ decoded character runtime manifest,R:\NEXUS LINK\原作\CLAUDE_CODE_YDIJ_HANDOFF\02_CHARACTER_ART_STRUCTURE\digimon_runtime_manifest.json,DECODED_REFERENCE,RAW_ENTITY_E004_DIGITAMA,NDS_2D,PIXIJS_2D,NEEDS_REBUILD,ORIGINAL_REPLACEMENT_REQUIRED,VERIFIED_CROSSCHECK,ROM_COPYRIGHTED_REFERENCE,true,,,,,,,,,REBUILD,,[],"[""NEXUS_IDENTITY_AND_RIGHTS_REPLACEMENT_REQUIRED""]","egg; 8 gameplay files per entity contract (Main/Sub x NANR, graphics, NCER, NCLR). Rendered sheets are research-only; do not copy identity pixels into shipping art."
art:character:e005-digitama:rom-reference,CHARACTER,CHARACTER_ENTITY_REFERENCE,e005_digitama,YDIJ decoded character runtime manifest,R:\NEXUS LINK\原作\CLAUDE_CODE_YDIJ_HANDOFF\02_CHARACTER_ART_STRUCTURE\digimon_runtime_manifest.json,DECODED_REFERENCE,RAW_ENTITY_E005_DIGITAMA,NDS_2D,PIXIJS_2D,NEEDS_REBUILD,ORIGINAL_REPLACEMENT_REQUIRED,VERIFIED_CROSSCHECK,ROM_COPYRIGHTED_REFERENCE,true,,,,,,,,,REBUILD,,[],"[""NEXUS_IDENTITY_AND_RIGHTS_REPLACEMENT_REQUIRED""]","egg; 8 gameplay files per entity contract (Main/Sub x NANR, graphics, NCER, NCLR). Rendered sheets are research-only; do not copy identity pixels into shipping art."
art:character:e006-digitama:rom-reference,CHARACTER,CHARACTER_ENTITY_REFERENCE,e006_digitama,YDIJ decoded character runtime manifest,R:\NEXUS LINK\原作\CLAUDE_CODE_YDIJ_HANDOFF\02_CHARACTER_ART_STRUCTURE\digimon_runtime_manifest.json,DECODED_REFERENCE,RAW_ENTITY_E006_DIGITAMA,NDS_2D,PIXIJS_2D,NEEDS_REBUILD,ORIGINAL_REPLACEMENT_REQUIRED,VERIFIED_CROSSCHECK,ROM_COPYRIGHTED_REFERENCE,true,,,,,,,,,REBUILD,,[],"[""NEXUS_IDENTITY_AND_RIGHTS_REPLACEMENT_REQUIRED""]","egg; 8 gameplay files per entity contract (Main/Sub x NANR, graphics, NCER, NCLR). Rendered sheets are research-only; do not copy identity pixels into shipping art."
art:character:e007-digitama:rom-reference,CHARACTER,CHARACTER_ENTITY_REFERENCE,e007_digitama,YDIJ decoded character runtime manifest,R:\NEXUS LINK\原作\CLAUDE_CODE_YDIJ_HANDOFF\02_CHARACTER_ART_STRUCTURE\digimon_runtime_manifest.json,DECODED_REFERENCE,RAW_ENTITY_E007_DIGITAMA,NDS_2D,PIXIJS_2D,NEEDS_REBUILD,ORIGINAL_REPLACEMENT_REQUIRED,VERIFIED_CROSSCHECK,ROM_COPYRIGHTED_REFERENCE,true,,,,,,,,,REBUILD,,[],"[""NEXUS_IDENTITY_AND_RIGHTS_REPLACEMENT_REQUIRED""]","egg; 8 gameplay files per entity contract (Main/Sub x NANR, graphics, NCER, NCLR). Rendered sheets are research-only; do not copy identity pixels into shipping art."
art:character:m001-zurumon:rom-reference,CHARACTER,CHARACTER_ENTITY_REFERENCE,m001_zurumon,YDIJ decoded character runtime manifest,R:\NEXUS LINK\原作\CLAUDE_CODE_YDIJ_HANDOFF\02_CHARACTER_ART_STRUCTURE\digimon_runtime_manifest.json,DECODED_REFERENCE,RAW_ENTITY_M001_ZURUMON,NDS_2D,PIXIJS_2D,NEEDS_REBUILD,ORIGINAL_REPLACEMENT_REQUIRED,VERIFIED_CROSSCHECK,ROM_COPYRIGHTED_REFERENCE,true,,,,,,,,,REBUILD,,[],"[""NEXUS_IDENTITY_AND_RIGHTS_REPLACEMENT_REQUIRED""]","digimon; 8 gameplay files per entity contract (Main/Sub x NANR, graphics, NCER, NCLR). Rendered sheets are research-only; do not copy identity pixels into shipping art."
art:character:m002-choromon:rom-reference,CHARACTER,CHARACTER_ENTITY_REFERENCE,m002_choromon,YDIJ decoded character runtime manifest,R:\NEXUS LINK\原作\CLAUDE_CODE_YDIJ_HANDOFF\02_CHARACTER_ART_STRUCTURE\digimon_runtime_manifest.json,DECODED_REFERENCE,RAW_ENTITY_M002_CHOROMON,NDS_2D,PIXIJS_2D,NEEDS_REBUILD,ORIGINAL_REPLACEMENT_REQUIRED,VERIFIED_CROSSCHECK,ROM_COPYRIGHTED_REFERENCE,true,,,,,,,,,REBUILD,,[],"[""NEXUS_IDENTITY_AND_RIGHTS_REPLACEMENT_REQUIRED""]","digimon; 8 gameplay files per entity contract (Main/Sub x NANR, graphics, NCER, NCLR). Rendered sheets are research-only; do not copy identity pixels into shipping art."
art:character:m003-nyokimon:rom-reference,CHARACTER,CHARACTER_ENTITY_REFERENCE,m003_nyokimon,YDIJ decoded character runtime manifest,R:\NEXUS LINK\原作\CLAUDE_CODE_YDIJ_HANDOFF\02_CHARACTER_ART_STRUCTURE\digimon_runtime_manifest.json,DECODED_REFERENCE,RAW_ENTITY_M003_NYOKIMON,NDS_2D,PIXIJS_2D,NEEDS_REBUILD,ORIGINAL_REPLACEMENT_REQUIRED,VERIFIED_CROSSCHECK,ROM_COPYRIGHTED_REFERENCE,true,,,,,,,,,REBUILD,,[],"[""NEXUS_IDENTITY_AND_RIGHTS_REPLACEMENT_REQUIRED""]","digimon; 8 gameplay files per entity contract (Main/Sub x NANR, graphics, NCER, NCLR). Rendered sheets are research-only; do not copy identity pixels into shipping art."
art:character:m004-bubbmon:rom-reference,CHARACTER,CHARACTER_ENTITY_REFERENCE,m004_bubbmon,YDIJ decoded character runtime manifest,R:\NEXUS LINK\原作\CLAUDE_CODE_YDIJ_HANDOFF\02_CHARACTER_ART_STRUCTURE\digimon_runtime_manifest.json,DECODED_REFERENCE,RAW_ENTITY_M004_BUBBMON,NDS_2D,PIXIJS_2D,NEEDS_REBUILD,ORIGINAL_REPLACEMENT_REQUIRED,VERIFIED_CROSSCHECK,ROM_COPYRIGHTED_REFERENCE,true,,,,,,,,,REBUILD,,[],"[""NEXUS_IDENTITY_AND_RIGHTS_REPLACEMENT_REQUIRED""]","digimon; 8 gameplay files per entity contract (Main/Sub x NANR, graphics, NCER, NCLR). Rendered sheets are research-only; do not copy identity pixels into shipping art."
art:character:m005-pitchmon:rom-reference,CHARACTER,CHARACTER_ENTITY_REFERENCE,m005_pitchmon,YDIJ decoded character runtime manifest,R:\NEXUS LINK\原作\CLAUDE_CODE_YDIJ_HANDOFF\02_CHARACTER_ART_STRUCTURE\digimon_runtime_manifest.json,DECODED_REFERENCE,RAW_ENTITY_M005_PITCHMON,NDS_2D,PIXIJS_2D,NEEDS_REBUILD,ORIGINAL_REPLACEMENT_REQUIRED,VERIFIED_CROSSCHECK,ROM_COPYRIGHTED_REFERENCE,true,,,,,,,,,REBUILD,,[],"[""NEXUS_IDENTITY_AND_RIGHTS_REPLACEMENT_REQUIRED""]","digimon; 8 gameplay files per entity contract (Main/Sub x NANR, graphics, NCER, NCLR). Rendered sheets are research-only; do not copy identity pixels into shipping art."
art:character:m006-punimon:rom-reference,CHARACTER,CHARACTER_ENTITY_REFERENCE,m006_punimon,YDIJ decoded character runtime manifest,R:\NEXUS LINK\原作\CLAUDE_CODE_YDIJ_HANDOFF\02_CHARACTER_ART_STRUCTURE\digimon_runtime_manifest.json,DECODED_REFERENCE,RAW_ENTITY_M006_PUNIMON,NDS_2D,PIXIJS_2D,NEEDS_REBUILD,ORIGINAL_REPLACEMENT_REQUIRED,VERIFIED_CROSSCHECK,ROM_COPYRIGHTED_REFERENCE,true,,,,,,,,,REBUILD,,[],"[""NEXUS_IDENTITY_AND_RIGHTS_REPLACEMENT_REQUIRED""]","digimon; 8 gameplay files per entity contract (Main/Sub x NANR, graphics, NCER, NCLR). Rendered sheets are research-only; do not copy identity pixels into shipping art."
art:character:m007-botamon:rom-reference,CHARACTER,CHARACTER_ENTITY_REFERENCE,m007_botamon,YDIJ decoded character runtime manifest,R:\NEXUS LINK\原作\CLAUDE_CODE_YDIJ_HANDOFF\02_CHARACTER_ART_STRUCTURE\digimon_runtime_manifest.json,DECODED_REFERENCE,RAW_ENTITY_M007_BOTAMON,NDS_2D,PIXIJS_2D,NEEDS_REBUILD,ORIGINAL_REPLACEMENT_REQUIRED,VERIFIED_CROSSCHECK,ROM_COPYRIGHTED_REFERENCE,true,,,,,,,,,REBUILD,,[],"[""NEXUS_IDENTITY_AND_RIGHTS_REPLACEMENT_REQUIRED""]","digimon; 8 gameplay files per entity contract (Main/Sub x NANR, graphics, NCER, NCLR). Rendered sheets are research-only; do not copy identity pixels into shipping art."
art:character:m008-poyomon:rom-reference,CHARACTER,CHARACTER_ENTITY_REFERENCE,m008_poyomon,YDIJ decoded character runtime manifest,R:\NEXUS LINK\原作\CLAUDE_CODE_YDIJ_HANDOFF\02_CHARACTER_ART_STRUCTURE\digimon_runtime_manifest.json,DECODED_REFERENCE,RAW_ENTITY_M008_POYOMON,NDS_2D,PIXIJS_2D,NEEDS_REBUILD,ORIGINAL_REPLACEMENT_REQUIRED,VERIFIED_CROSSCHECK,ROM_COPYRIGHTED_REFERENCE,true,,,,,,,,,REBUILD,,[],"[""NEXUS_IDENTITY_AND_RIGHTS_REPLACEMENT_REQUIRED""]","digimon; 8 gameplay files per entity contract (Main/Sub x NANR, graphics, NCER, NCLR). Rendered sheets are research-only; do not copy identity pixels into shipping art."
art:character:m009-mokumon:rom-reference,CHARACTER,CHARACTER_ENTITY_REFERENCE,m009_mokumon,YDIJ decoded character runtime manifest,R:\NEXUS LINK\原作\CLAUDE_CODE_YDIJ_HANDOFF\02_CHARACTER_ART_STRUCTURE\digimon_runtime_manifest.json,DECODED_REFERENCE,RAW_ENTITY_M009_MOKUMON,NDS_2D,PIXIJS_2D,NEEDS_REBUILD,ORIGINAL_REPLACEMENT_REQUIRED,VERIFIED_CROSSCHECK,ROM_COPYRIGHTED_REFERENCE,true,,,,,,,,,REBUILD,,[],"[""NEXUS_IDENTITY_AND_RIGHTS_REPLACEMENT_REQUIRED""]","digimon; 8 gameplay files per entity contract (Main/Sub x NANR, graphics, NCER, NCLR). Rendered sheets are research-only; do not copy identity pixels into shipping art."
art:character:m010-yukimibotamon:rom-reference,CHARACTER,CHARACTER_ENTITY_REFERENCE,m010_yukimibotamon,YDIJ decoded character runtime manifest,R:\NEXUS LINK\原作\CLAUDE_CODE_YDIJ_HANDOFF\02_CHARACTER_ART_STRUCTURE\digimon_runtime_manifest.json,DECODED_REFERENCE,RAW_ENTITY_M010_YUKIMIBOTAMON,NDS_2D,PIXIJS_2D,NEEDS_REBUILD,ORIGINAL_REPLACEMENT_REQUIRED,VERIFIED_CROSSCHECK,ROM_COPYRIGHTED_REFERENCE,true,,,,,,,,,REBUILD,,[],"[""NEXUS_IDENTITY_AND_RIGHTS_REPLACEMENT_REQUIRED""]","digimon; 8 gameplay files per entity contract (Main/Sub x NANR, graphics, NCER, NCLR). Rendered sheets are research-only; do not copy identity pixels into shipping art."
art:character:m011-yuramon:rom-reference,CHARACTER,CHARACTER_ENTITY_REFERENCE,m011_yuramon,YDIJ decoded character runtime manifest,R:\NEXUS LINK\原作\CLAUDE_CODE_YDIJ_HANDOFF\02_CHARACTER_ART_STRUCTURE\digimon_runtime_manifest.json,DECODED_REFERENCE,RAW_ENTITY_M011_YURAMON,NDS_2D,PIXIJS_2D,NEEDS_REBUILD,ORIGINAL_REPLACEMENT_REQUIRED,VERIFIED_CROSSCHECK,ROM_COPYRIGHTED_REFERENCE,true,,,,,,,,,REBUILD,,[],"[""NEXUS_IDENTITY_AND_RIGHTS_REPLACEMENT_REQUIRED""]","digimon; 8 gameplay files per entity contract (Main/Sub x NANR, graphics, NCER, NCLR). Rendered sheets are research-only; do not copy identity pixels into shipping art."
art:character:m012-petimon:rom-reference,CHARACTER,CHARACTER_ENTITY_REFERENCE,m012_petimon,YDIJ decoded character runtime manifest,R:\NEXUS LINK\原作\CLAUDE_CODE_YDIJ_HANDOFF\02_CHARACTER_ART_STRUCTURE\digimon_runtime_manifest.json,DECODED_REFERENCE,RAW_ENTITY_M012_PETIMON,NDS_2D,PIXIJS_2D,NEEDS_REBUILD,ORIGINAL_REPLACEMENT_REQUIRED,VERIFIED_CROSSCHECK,ROM_COPYRIGHTED_REFERENCE,true,,,,,,,,,REBUILD,,[],"[""NEXUS_IDENTITY_AND_RIGHTS_REPLACEMENT_REQUIRED""]","digimon; 8 gameplay files per entity contract (Main/Sub x NANR, graphics, NCER, NCLR). Rendered sheets are research-only; do not copy identity pixels into shipping art."
art:character:m101-caprimon:rom-reference,CHARACTER,CHARACTER_ENTITY_REFERENCE,m101_caprimon,YDIJ decoded character runtime manifest,R:\NEXUS LINK\原作\CLAUDE_CODE_YDIJ_HANDOFF\02_CHARACTER_ART_STRUCTURE\digimon_runtime_manifest.json,DECODED_REFERENCE,RAW_ENTITY_M101_CAPRIMON,NDS_2D,PIXIJS_2D,NEEDS_REBUILD,ORIGINAL_REPLACEMENT_REQUIRED,VERIFIED_CROSSCHECK,ROM_COPYRIGHTED_REFERENCE,true,,,,,,,,,REBUILD,,[],"[""NEXUS_IDENTITY_AND_RIGHTS_REPLACEMENT_REQUIRED""]","digimon; 8 gameplay files per entity contract (Main/Sub x NANR, graphics, NCER, NCLR). Rendered sheets are research-only; do not copy identity pixels into shipping art."
art:character:m102-koromon:rom-reference,CHARACTER,CHARACTER_ENTITY_REFERENCE,m102_koromon,YDIJ decoded character runtime manifest,R:\NEXUS LINK\原作\CLAUDE_CODE_YDIJ_HANDOFF\02_CHARACTER_ART_STRUCTURE\digimon_runtime_manifest.json,DECODED_REFERENCE,RAW_ENTITY_M102_KOROMON,NDS_2D,PIXIJS_2D,NEEDS_REBUILD,ORIGINAL_REPLACEMENT_REQUIRED,VERIFIED_CROSSCHECK,ROM_COPYRIGHTED_REFERENCE,true,,,,,,,,,REBUILD,,[],"[""NEXUS_IDENTITY_AND_RIGHTS_REPLACEMENT_REQUIRED""]","digimon; 8 gameplay files per entity contract (Main/Sub x NANR, graphics, NCER, NCLR). Rendered sheets are research-only; do not copy identity pixels into shipping art."
art:character:m103-tanemon:rom-reference,CHARACTER,CHARACTER_ENTITY_REFERENCE,m103_tanemon,YDIJ decoded character runtime manifest,R:\NEXUS LINK\原作\CLAUDE_CODE_YDIJ_HANDOFF\02_CHARACTER_ART_STRUCTURE\digimon_runtime_manifest.json,DECODED_REFERENCE,RAW_ENTITY_M103_TANEMON,NDS_2D,PIXIJS_2D,NEEDS_REBUILD,ORIGINAL_REPLACEMENT_REQUIRED,VERIFIED_CROSSCHECK,ROM_COPYRIGHTED_REFERENCE,true,,,,,,,,,REBUILD,,[],"[""NEXUS_IDENTITY_AND_RIGHTS_REPLACEMENT_REQUIRED""]","digimon; 8 gameplay files per entity contract (Main/Sub x NANR, graphics, NCER, NCLR). Rendered sheets are research-only; do not copy identity pixels into shipping art."
art:character:m104-tunomon:rom-reference,CHARACTER,CHARACTER_ENTITY_REFERENCE,m104_tunomon,YDIJ decoded character runtime manifest,R:\NEXUS LINK\原作\CLAUDE_CODE_YDIJ_HANDOFF\02_CHARACTER_ART_STRUCTURE\digimon_runtime_manifest.json,DECODED_REFERENCE,RAW_ENTITY_M104_TUNOMON,NDS_2D,PIXIJS_2D,NEEDS_REBUILD,ORIGINAL_REPLACEMENT_REQUIRED,VERIFIED_CROSSCHECK,ROM_COPYRIGHTED_REFERENCE,true,,,,,,,,,REBUILD,,[],"[""NEXUS_IDENTITY_AND_RIGHTS_REPLACEMENT_REQUIRED""]","digimon; 8 gameplay files per entity contract (Main/Sub x NANR, graphics, NCER, NCLR). Rendered sheets are research-only; do not copy identity pixels into shipping art."
art:character:m105-tokomon:rom-reference,CHARACTER,CHARACTER_ENTITY_REFERENCE,m105_tokomon,YDIJ decoded character runtime manifest,R:\NEXUS LINK\原作\CLAUDE_CODE_YDIJ_HANDOFF\02_CHARACTER_ART_STRUCTURE\digimon_runtime_manifest.json,DECODED_REFERENCE,RAW_ENTITY_M105_TOKOMON,NDS_2D,PIXIJS_2D,NEEDS_REBUILD,ORIGINAL_REPLACEMENT_REQUIRED,VERIFIED_CROSSCHECK,ROM_COPYRIGHTED_REFERENCE,true,,,,,,,,,REBUILD,,[],"[""NEXUS_IDENTITY_AND_RIGHTS_REPLACEMENT_REQUIRED""]","digimon; 8 gameplay files per entity contract (Main/Sub x NANR, graphics, NCER, NCLR). Rendered sheets are research-only; do not copy identity pixels into shipping art."
art:character:m106-nyaromon:rom-reference,CHARACTER,CHARACTER_ENTITY_REFERENCE,m106_nyaromon,YDIJ decoded character runtime manifest,R:\NEXUS LINK\原作\CLAUDE_CODE_YDIJ_HANDOFF\02_CHARACTER_ART_STRUCTURE\digimon_runtime_manifest.json,DECODED_REFERENCE,RAW_ENTITY_M106_NYAROMON,NDS_2D,PIXIJS_2D,NEEDS_REBUILD,ORIGINAL_REPLACEMENT_REQUIRED,VERIFIED_CROSSCHECK,ROM_COPYRIGHTED_REFERENCE,true,,,,,,,,,REBUILD,,[],"[""NEXUS_IDENTITY_AND_RIGHTS_REPLACEMENT_REQUIRED""]","digimon; 8 gameplay files per entity contract (Main/Sub x NANR, graphics, NCER, NCLR). Rendered sheets are research-only; do not copy identity pixels into shipping art."
art:character:m107-pagumon:rom-reference,CHARACTER,CHARACTER_ENTITY_REFERENCE,m107_pagumon,YDIJ decoded character runtime manifest,R:\NEXUS LINK\原作\CLAUDE_CODE_YDIJ_HANDOFF\02_CHARACTER_ART_STRUCTURE\digimon_runtime_manifest.json,DECODED_REFERENCE,RAW_ENTITY_M107_PAGUMON,NDS_2D,PIXIJS_2D,NEEDS_REBUILD,ORIGINAL_REPLACEMENT_REQUIRED,VERIFIED_CROSSCHECK,ROM_COPYRIGHTED_REFERENCE,true,,,,,,,,,REBUILD,,[],"[""NEXUS_IDENTITY_AND_RIGHTS_REPLACEMENT_REQUIRED""]","digimon; 8 gameplay files per entity contract (Main/Sub x NANR, graphics, NCER, NCLR). Rendered sheets are research-only; do not copy identity pixels into shipping art."
art:character:m108-pyokomon:rom-reference,CHARACTER,CHARACTER_ENTITY_REFERENCE,m108_pyokomon,YDIJ decoded character runtime manifest,R:\NEXUS LINK\原作\CLAUDE_CODE_YDIJ_HANDOFF\02_CHARACTER_ART_STRUCTURE\digimon_runtime_manifest.json,DECODED_REFERENCE,RAW_ENTITY_M108_PYOKOMON,NDS_2D,PIXIJS_2D,NEEDS_REBUILD,ORIGINAL_REPLACEMENT_REQUIRED,VERIFIED_CROSSCHECK,ROM_COPYRIGHTED_REFERENCE,true,,,,,,,,,REBUILD,,[],"[""NEXUS_IDENTITY_AND_RIGHTS_REPLACEMENT_REQUIRED""]","digimon; 8 gameplay files per entity contract (Main/Sub x NANR, graphics, NCER, NCLR). Rendered sheets are research-only; do not copy identity pixels into shipping art."
art:character:m109-pukamon:rom-reference,CHARACTER,CHARACTER_ENTITY_REFERENCE,m109_pukamon,YDIJ decoded character runtime manifest,R:\NEXUS LINK\原作\CLAUDE_CODE_YDIJ_HANDOFF\02_CHARACTER_ART_STRUCTURE\digimon_runtime_manifest.json,DECODED_REFERENCE,RAW_ENTITY_M109_PUKAMON,NDS_2D,PIXIJS_2D,NEEDS_REBUILD,ORIGINAL_REPLACEMENT_REQUIRED,VERIFIED_CROSSCHECK,ROM_COPYRIGHTED_REFERENCE,true,,,,,,,,,REBUILD,,[],"[""NEXUS_IDENTITY_AND_RIGHTS_REPLACEMENT_REQUIRED""]","digimon; 8 gameplay files per entity contract (Main/Sub x NANR, graphics, NCER, NCLR). Rendered sheets are research-only; do not copy identity pixels into shipping art."
art:character:m110-petimemramon:rom-reference,CHARACTER,CHARACTER_ENTITY_REFERENCE,m110_petimemramon,YDIJ decoded character runtime manifest,R:\NEXUS LINK\原作\CLAUDE_CODE_YDIJ_HANDOFF\02_CHARACTER_ART_STRUCTURE\digimon_runtime_manifest.json,DECODED_REFERENCE,RAW_ENTITY_M110_PETIMEMRAMON,NDS_2D,PIXIJS_2D,NEEDS_REBUILD,ORIGINAL_REPLACEMENT_REQUIRED,VERIFIED_CROSSCHECK,ROM_COPYRIGHTED_REFERENCE,true,,,,,,,,,REBUILD,,[],"[""NEXUS_IDENTITY_AND_RIGHTS_REPLACEMENT_REQUIRED""]","digimon; 8 gameplay files per entity contract (Main/Sub x NANR, graphics, NCER, NCLR). Rendered sheets are research-only; do not copy identity pixels into shipping art."
art:character:m111-mochimon:rom-reference,CHARACTER,CHARACTER_ENTITY_REFERENCE,m111_mochimon,YDIJ decoded character runtime manifest,R:\NEXUS LINK\原作\CLAUDE_CODE_YDIJ_HANDOFF\02_CHARACTER_ART_STRUCTURE\digimon_runtime_manifest.json,DECODED_REFERENCE,RAW_ENTITY_M111_MOCHIMON,NDS_2D,PIXIJS_2D,NEEDS_REBUILD,ORIGINAL_REPLACEMENT_REQUIRED,VERIFIED_CROSSCHECK,ROM_COPYRIGHTED_REFERENCE,true,,,,,,,,,REBUILD,,[],"[""NEXUS_IDENTITY_AND_RIGHTS_REPLACEMENT_REQUIRED""]","digimon; 8 gameplay files per entity contract (Main/Sub x NANR, graphics, NCER, NCLR). Rendered sheets are research-only; do not copy identity pixels into shipping art."
art:character:m112-bebydomon:rom-reference,CHARACTER,CHARACTER_ENTITY_REFERENCE,m112_bebydomon,YDIJ decoded character runtime manifest,R:\NEXUS LINK\原作\CLAUDE_CODE_YDIJ_HANDOFF\02_CHARACTER_ART_STRUCTURE\digimon_runtime_manifest.json,DECODED_REFERENCE,RAW_ENTITY_M112_BEBYDOMON,NDS_2D,PIXIJS_2D,NEEDS_REBUILD,ORIGINAL_REPLACEMENT_REQUIRED,VERIFIED_CROSSCHECK,ROM_COPYRIGHTED_REFERENCE,true,,,,,,,,,REBUILD,,[],"[""NEXUS_IDENTITY_AND_RIGHTS_REPLACEMENT_REQUIRED""]","digimon; 8 gameplay files per entity contract (Main/Sub x NANR, graphics, NCER, NCLR). Rendered sheets are research-only; do not copy identity pixels into shipping art."
art:character:m113-sunmon:rom-reference,CHARACTER,CHARACTER_ENTITY_REFERENCE,m113_sunmon,YDIJ decoded character runtime manifest,R:\NEXUS LINK\原作\CLAUDE_CODE_YDIJ_HANDOFF\02_CHARACTER_ART_STRUCTURE\digimon_runtime_manifest.json,DECODED_REFERENCE,RAW_ENTITY_M113_SUNMON,NDS_2D,PIXIJS_2D,NEEDS_REBUILD,ORIGINAL_REPLACEMENT_REQUIRED,VERIFIED_CROSSCHECK,ROM_COPYRIGHTED_REFERENCE,true,,,,,,,,,REBUILD,,[],"[""NEXUS_IDENTITY_AND_RIGHTS_REPLACEMENT_REQUIRED""]","digimon; 8 gameplay files per entity contract (Main/Sub x NANR, graphics, NCER, NCLR). Rendered sheets are research-only; do not copy identity pixels into shipping art."
art:character:m114-moonmon:rom-reference,CHARACTER,CHARACTER_ENTITY_REFERENCE,m114_moonmon,YDIJ decoded character runtime manifest,R:\NEXUS LINK\原作\CLAUDE_CODE_YDIJ_HANDOFF\02_CHARACTER_ART_STRUCTURE\digimon_runtime_manifest.json,DECODED_REFERENCE,RAW_ENTITY_M114_MOONMON,NDS_2D,PIXIJS_2D,NEEDS_REBUILD,ORIGINAL_REPLACEMENT_REQUIRED,VERIFIED_CROSSCHECK,ROM_COPYRIGHTED_REFERENCE,true,,,,,,,,,REBUILD,,[],"[""NEXUS_IDENTITY_AND_RIGHTS_REPLACEMENT_REQUIRED""]","digimon; 8 gameplay files per entity contract (Main/Sub x NANR, graphics, NCER, NCLR). Rendered sheets are research-only; do not copy identity pixels into shipping art."
art:character:m201-agumon:rom-reference,CHARACTER,CHARACTER_ENTITY_REFERENCE,m201_agumon,YDIJ decoded character runtime manifest,R:\NEXUS LINK\原作\CLAUDE_CODE_YDIJ_HANDOFF\02_CHARACTER_ART_STRUCTURE\digimon_runtime_manifest.json,DECODED_REFERENCE,RAW_ENTITY_M201_AGUMON,NDS_2D,PIXIJS_2D,NEEDS_REBUILD,ORIGINAL_REPLACEMENT_REQUIRED,VERIFIED_CROSSCHECK,ROM_COPYRIGHTED_REFERENCE,true,,,,,,,,,REBUILD,,[],"[""NEXUS_IDENTITY_AND_RIGHTS_REPLACEMENT_REQUIRED""]","digimon; 8 gameplay files per entity contract (Main/Sub x NANR, graphics, NCER, NCLR). Rendered sheets are research-only; do not copy identity pixels into shipping art."
art:character:m202-armadimon:rom-reference,CHARACTER,CHARACTER_ENTITY_REFERENCE,m202_armadimon,YDIJ decoded character runtime manifest,R:\NEXUS LINK\原作\CLAUDE_CODE_YDIJ_HANDOFF\02_CHARACTER_ART_STRUCTURE\digimon_runtime_manifest.json,DECODED_REFERENCE,RAW_ENTITY_M202_ARMADIMON,NDS_2D,PIXIJS_2D,NEEDS_REBUILD,ORIGINAL_REPLACEMENT_REQUIRED,VERIFIED_CROSSCHECK,ROM_COPYRIGHTED_REFERENCE,true,,,,,,,,,REBUILD,,[],"[""NEXUS_IDENTITY_AND_RIGHTS_REPLACEMENT_REQUIRED""]","digimon; 8 gameplay files per entity contract (Main/Sub x NANR, graphics, NCER, NCLR). Rendered sheets are research-only; do not copy identity pixels into shipping art."
art:character:m203-elecmon:rom-reference,CHARACTER,CHARACTER_ENTITY_REFERENCE,m203_elecmon,YDIJ decoded character runtime manifest,R:\NEXUS LINK\原作\CLAUDE_CODE_YDIJ_HANDOFF\02_CHARACTER_ART_STRUCTURE\digimon_runtime_manifest.json,DECODED_REFERENCE,RAW_ENTITY_M203_ELECMON,NDS_2D,PIXIJS_2D,NEEDS_REBUILD,ORIGINAL_REPLACEMENT_REQUIRED,VERIFIED_CROSSCHECK,ROM_COPYRIGHTED_REFERENCE,true,,,,,,,,,REBUILD,,[],"[""NEXUS_IDENTITY_AND_RIGHTS_REPLACEMENT_REQUIRED""]","digimon; 8 gameplay files per entity contract (Main/Sub x NANR, graphics, NCER, NCLR). Rendered sheets are research-only; do not copy identity pixels into shipping art."
art:character:m204-otamamon:rom-reference,CHARACTER,CHARACTER_ENTITY_REFERENCE,m204_otamamon,YDIJ decoded character runtime manifest,R:\NEXUS LINK\原作\CLAUDE_CODE_YDIJ_HANDOFF\02_CHARACTER_ART_STRUCTURE\digimon_runtime_manifest.json,DECODED_REFERENCE,RAW_ENTITY_M204_OTAMAMON,NDS_2D,PIXIJS_2D,NEEDS_REBUILD,ORIGINAL_REPLACEMENT_REQUIRED,VERIFIED_CROSSCHECK,ROM_COPYRIGHTED_REFERENCE,true,,,,,,,,,REBUILD,,[],"[""NEXUS_IDENTITY_AND_RIGHTS_REPLACEMENT_REQUIRED""]","digimon; 8 gameplay files per entity contract (Main/Sub x NANR, graphics, NCER, NCLR). Rendered sheets are research-only; do not copy identity pixels into shipping art."
art:character:m205-gaomon:rom-reference,CHARACTER,CHARACTER_ENTITY_REFERENCE,m205_gaomon,YDIJ decoded character runtime manifest,R:\NEXUS LINK\原作\CLAUDE_CODE_YDIJ_HANDOFF\02_CHARACTER_ART_STRUCTURE\digimon_runtime_manifest.json,DECODED_REFERENCE,RAW_ENTITY_M205_GAOMON,NDS_2D,PIXIJS_2D,NEEDS_REBUILD,ORIGINAL_REPLACEMENT_REQUIRED,VERIFIED_CROSSCHECK,ROM_COPYRIGHTED_REFERENCE,true,,,,,,,,,REBUILD,,[],"[""NEXUS_IDENTITY_AND_RIGHTS_REPLACEMENT_REQUIRED""]","digimon; 8 gameplay files per entity contract (Main/Sub x NANR, graphics, NCER, NCLR). Rendered sheets are research-only; do not copy identity pixels into shipping art."
art:character:m206-gazimon:rom-reference,CHARACTER,CHARACTER_ENTITY_REFERENCE,m206_gazimon,YDIJ decoded character runtime manifest,R:\NEXUS LINK\原作\CLAUDE_CODE_YDIJ_HANDOFF\02_CHARACTER_ART_STRUCTURE\digimon_runtime_manifest.json,DECODED_REFERENCE,RAW_ENTITY_M206_GAZIMON,NDS_2D,PIXIJS_2D,NEEDS_REBUILD,ORIGINAL_REPLACEMENT_REQUIRED,VERIFIED_CROSSCHECK,ROM_COPYRIGHTED_REFERENCE,true,,,,,,,,,REBUILD,,[],"[""NEXUS_IDENTITY_AND_RIGHTS_REPLACEMENT_REQUIRED""]","digimon; 8 gameplay files per entity contract (Main/Sub x NANR, graphics, NCER, NCLR). Rendered sheets are research-only; do not copy identity pixels into shipping art."
art:character:m208-gabumon:rom-reference,CHARACTER,CHARACTER_ENTITY_REFERENCE,m208_gabumon,YDIJ decoded character runtime manifest,R:\NEXUS LINK\原作\CLAUDE_CODE_YDIJ_HANDOFF\02_CHARACTER_ART_STRUCTURE\digimon_runtime_manifest.json,DECODED_REFERENCE,RAW_ENTITY_M208_GABUMON,NDS_2D,PIXIJS_2D,NEEDS_REBUILD,ORIGINAL_REPLACEMENT_REQUIRED,VERIFIED_CROSSCHECK,ROM_COPYRIGHTED_REFERENCE,true,,,,,,,,,REBUILD,,[],"[""NEXUS_IDENTITY_AND_RIGHTS_REPLACEMENT_REQUIRED""]","digimon; 8 gameplay files per entity contract (Main/Sub x NANR, graphics, NCER, NCLR). Rendered sheets are research-only; do not copy identity pixels into shipping art."
art:character:m209-kamemon:rom-reference,CHARACTER,CHARACTER_ENTITY_REFERENCE,m209_kamemon,YDIJ decoded character runtime manifest,R:\NEXUS LINK\原作\CLAUDE_CODE_YDIJ_HANDOFF\02_CHARACTER_ART_STRUCTURE\digimon_runtime_manifest.json,DECODED_REFERENCE,RAW_ENTITY_M209_KAMEMON,NDS_2D,PIXIJS_2D,NEEDS_REBUILD,ORIGINAL_REPLACEMENT_REQUIRED,VERIFIED_CROSSCHECK,ROM_COPYRIGHTED_REFERENCE,true,,,,,,,,,REBUILD,,[],"[""NEXUS_IDENTITY_AND_RIGHTS_REPLACEMENT_REQUIRED""]","digimon; 8 gameplay files per entity contract (Main/Sub x NANR, graphics, NCER, NCLR). Rendered sheets are research-only; do not copy identity pixels into shipping art."
art:character:m210-gizamon:rom-reference,CHARACTER,CHARACTER_ENTITY_REFERENCE,m210_gizamon,YDIJ decoded character runtime manifest,R:\NEXUS LINK\原作\CLAUDE_CODE_YDIJ_HANDOFF\02_CHARACTER_ART_STRUCTURE\digimon_runtime_manifest.json,DECODED_REFERENCE,RAW_ENTITY_M210_GIZAMON,NDS_2D,PIXIJS_2D,NEEDS_REBUILD,ORIGINAL_REPLACEMENT_REQUIRED,VERIFIED_CROSSCHECK,ROM_COPYRIGHTED_REFERENCE,true,,,,,,,,,REBUILD,,[],"[""NEXUS_IDENTITY_AND_RIGHTS_REPLACEMENT_REQUIRED""]","digimon; 8 gameplay files per entity contract (Main/Sub x NANR, graphics, NCER, NCLR). Rendered sheets are research-only; do not copy identity pixels into shipping art."
art:character:m211-candmon:rom-reference,CHARACTER,CHARACTER_ENTITY_REFERENCE,m211_candmon,YDIJ decoded character runtime manifest,R:\NEXUS LINK\原作\CLAUDE_CODE_YDIJ_HANDOFF\02_CHARACTER_ART_STRUCTURE\digimon_runtime_manifest.json,DECODED_REFERENCE,RAW_ENTITY_M211_CANDMON,NDS_2D,PIXIJS_2D,NEEDS_REBUILD,ORIGINAL_REPLACEMENT_REQUIRED,VERIFIED_CROSSCHECK,ROM_COPYRIGHTED_REFERENCE,true,,,,,,,,,REBUILD,,[],"[""NEXUS_IDENTITY_AND_RIGHTS_REPLACEMENT_REQUIRED""]","digimon; 8 gameplay files per entity contract (Main/Sub x NANR, graphics, NCER, NCLR). Rendered sheets are research-only; do not copy identity pixels into shipping art."
art:character:m214-kunemon:rom-reference,CHARACTER,CHARACTER_ENTITY_REFERENCE,m214_kunemon,YDIJ decoded character runtime manifest,R:\NEXUS LINK\原作\CLAUDE_CODE_YDIJ_HANDOFF\02_CHARACTER_ART_STRUCTURE\digimon_runtime_manifest.json,DECODED_REFERENCE,RAW_ENTITY_M214_KUNEMON,NDS_2D,PIXIJS_2D,NEEDS_REBUILD,ORIGINAL_REPLACEMENT_REQUIRED,VERIFIED_CROSSCHECK,ROM_COPYRIGHTED_REFERENCE,true,,,,,,,,,REBUILD,,[],"[""NEXUS_IDENTITY_AND_RIGHTS_REPLACEMENT_REQUIRED""]","digimon; 8 gameplay files per entity contract (Main/Sub x NANR, graphics, NCER, NCLR). Rendered sheets are research-only; do not copy identity pixels into shipping art."
art:character:m217-gottumon:rom-reference,CHARACTER,CHARACTER_ENTITY_REFERENCE,m217_gottumon,YDIJ decoded character runtime manifest,R:\NEXUS LINK\原作\CLAUDE_CODE_YDIJ_HANDOFF\02_CHARACTER_ART_STRUCTURE\digimon_runtime_manifest.json,DECODED_REFERENCE,RAW_ENTITY_M217_GOTTUMON,NDS_2D,PIXIJS_2D,NEEDS_REBUILD,ORIGINAL_REPLACEMENT_REQUIRED,VERIFIED_CROSSCHECK,ROM_COPYRIGHTED_REFERENCE,true,,,,,,,,,REBUILD,,[],"[""NEXUS_IDENTITY_AND_RIGHTS_REPLACEMENT_REQUIRED""]","digimon; 8 gameplay files per entity contract (Main/Sub x NANR, graphics, NCER, NCLR). Rendered sheets are research-only; do not copy identity pixels into shipping art."
art:character:m218-goburimon:rom-reference,CHARACTER,CHARACTER_ENTITY_REFERENCE,m218_goburimon,YDIJ decoded character runtime manifest,R:\NEXUS LINK\原作\CLAUDE_CODE_YDIJ_HANDOFF\02_CHARACTER_ART_STRUCTURE\digimon_runtime_manifest.json,DECODED_REFERENCE,RAW_ENTITY_M218_GOBURIMON,NDS_2D,PIXIJS_2D,NEEDS_REBUILD,ORIGINAL_REPLACEMENT_REQUIRED,VERIFIED_CROSSCHECK,ROM_COPYRIGHTED_REFERENCE,true,,,,,,,,,REBUILD,,[],"[""NEXUS_IDENTITY_AND_RIGHTS_REPLACEMENT_REQUIRED""]","digimon; 8 gameplay files per entity contract (Main/Sub x NANR, graphics, NCER, NCLR). Rendered sheets are research-only; do not copy identity pixels into shipping art."
art:character:m219-gomamon:rom-reference,CHARACTER,CHARACTER_ENTITY_REFERENCE,m219_gomamon,YDIJ decoded character runtime manifest,R:\NEXUS LINK\原作\CLAUDE_CODE_YDIJ_HANDOFF\02_CHARACTER_ART_STRUCTURE\digimon_runtime_manifest.json,DECODED_REFERENCE,RAW_ENTITY_M219_GOMAMON,NDS_2D,PIXIJS_2D,NEEDS_REBUILD,ORIGINAL_REPLACEMENT_REQUIRED,VERIFIED_CROSSCHECK,ROM_COPYRIGHTED_REFERENCE,true,,,,,,,,,REBUILD,,[],"[""NEXUS_IDENTITY_AND_RIGHTS_REPLACEMENT_REQUIRED""]","digimon; 8 gameplay files per entity contract (Main/Sub x NANR, graphics, NCER, NCLR). Rendered sheets are research-only; do not copy identity pixels into shipping art."
art:character:m221-terriermon:rom-reference,CHARACTER,CHARACTER_ENTITY_REFERENCE,m221_terriermon,YDIJ decoded character runtime manifest,R:\NEXUS LINK\原作\CLAUDE_CODE_YDIJ_HANDOFF\02_CHARACTER_ART_STRUCTURE\digimon_runtime_manifest.json,DECODED_REFERENCE,RAW_ENTITY_M221_TERRIERMON,NDS_2D,PIXIJS_2D,NEEDS_REBUILD,ORIGINAL_REPLACEMENT_REQUIRED,VERIFIED_CROSSCHECK,ROM_COPYRIGHTED_REFERENCE,true,,,,,,,,,REBUILD,,[],"[""NEXUS_IDENTITY_AND_RIGHTS_REPLACEMENT_REQUIRED""]","digimon; 8 gameplay files per entity contract (Main/Sub x NANR, graphics, NCER, NCLR). Rendered sheets are research-only; do not copy identity pixels into shipping art."
art:character:m222-tentomon:rom-reference,CHARACTER,CHARACTER_ENTITY_REFERENCE,m222_tentomon,YDIJ decoded character runtime manifest,R:\NEXUS LINK\原作\CLAUDE_CODE_YDIJ_HANDOFF\02_CHARACTER_ART_STRUCTURE\digimon_runtime_manifest.json,DECODED_REFERENCE,RAW_ENTITY_M222_TENTOMON,NDS_2D,PIXIJS_2D,NEEDS_REBUILD,ORIGINAL_REPLACEMENT_REQUIRED,VERIFIED_CROSSCHECK,ROM_COPYRIGHTED_REFERENCE,true,,,,,,,,,REBUILD,,[],"[""NEXUS_IDENTITY_AND_RIGHTS_REPLACEMENT_REQUIRED""]","digimon; 8 gameplay files per entity contract (Main/Sub x NANR, graphics, NCER, NCLR). Rendered sheets are research-only; do not copy identity pixels into shipping art."
art:character:m223-toyagumon:rom-reference,CHARACTER,CHARACTER_ENTITY_REFERENCE,m223_toyagumon,YDIJ decoded character runtime manifest,R:\NEXUS LINK\原作\CLAUDE_CODE_YDIJ_HANDOFF\02_CHARACTER_ART_STRUCTURE\digimon_runtime_manifest.json,DECODED_REFERENCE,RAW_ENTITY_M223_TOYAGUMON,NDS_2D,PIXIJS_2D,NEEDS_REBUILD,ORIGINAL_REPLACEMENT_REQUIRED,VERIFIED_CROSSCHECK,ROM_COPYRIGHTED_REFERENCE,true,,,,,,,,,REBUILD,,[],"[""NEXUS_IDENTITY_AND_RIGHTS_REPLACEMENT_REQUIRED""]","digimon; 8 gameplay files per entity contract (Main/Sub x NANR, graphics, NCER, NCLR). Rendered sheets are research-only; do not copy identity pixels into shipping art."
art:character:m224-dracomon:rom-reference,CHARACTER,CHARACTER_ENTITY_REFERENCE,m224_dracomon,YDIJ decoded character runtime manifest,R:\NEXUS LINK\原作\CLAUDE_CODE_YDIJ_HANDOFF\02_CHARACTER_ART_STRUCTURE\digimon_runtime_manifest.json,DECODED_REFERENCE,RAW_ENTITY_M224_DRACOMON,NDS_2D,PIXIJS_2D,NEEDS_REBUILD,ORIGINAL_REPLACEMENT_REQUIRED,VERIFIED_CROSSCHECK,ROM_COPYRIGHTED_REFERENCE,true,,,,,,,,,REBUILD,,[],"[""NEXUS_IDENTITY_AND_RIGHTS_REPLACEMENT_REQUIRED""]","digimon; 8 gameplay files per entity contract (Main/Sub x NANR, graphics, NCER, NCLR). Rendered sheets are research-only; do not copy identity pixels into shipping art."
art:character:m225-bakumon:rom-reference,CHARACTER,CHARACTER_ENTITY_REFERENCE,m225_bakumon,YDIJ decoded character runtime manifest,R:\NEXUS LINK\原作\CLAUDE_CODE_YDIJ_HANDOFF\02_CHARACTER_ART_STRUCTURE\digimon_runtime_manifest.json,DECODED_REFERENCE,RAW_ENTITY_M225_BAKUMON,NDS_2D,PIXIJS_2D,NEEDS_REBUILD,ORIGINAL_REPLACEMENT_REQUIRED,VERIFIED_CROSSCHECK,ROM_COPYRIGHTED_REFERENCE,true,,,,,,,,,REBUILD,,[],"[""NEXUS_IDENTITY_AND_RIGHTS_REPLACEMENT_REQUIRED""]","digimon; 8 gameplay files per entity contract (Main/Sub x NANR, graphics, NCER, NCLR). Rendered sheets are research-only; do not copy identity pixels into shipping art."
art:character:m226-hagurumon:rom-reference,CHARACTER,CHARACTER_ENTITY_REFERENCE,m226_hagurumon,YDIJ decoded character runtime manifest,R:\NEXUS LINK\原作\CLAUDE_CODE_YDIJ_HANDOFF\02_CHARACTER_ART_STRUCTURE\digimon_runtime_manifest.json,DECODED_REFERENCE,RAW_ENTITY_M226_HAGURUMON,NDS_2D,PIXIJS_2D,NEEDS_REBUILD,ORIGINAL_REPLACEMENT_REQUIRED,VERIFIED_CROSSCHECK,ROM_COPYRIGHTED_REFERENCE,true,,,,,,,,,REBUILD,,[],"[""NEXUS_IDENTITY_AND_RIGHTS_REPLACEMENT_REQUIRED""]","digimon; 8 gameplay files per entity contract (Main/Sub x NANR, graphics, NCER, NCLR). Rendered sheets are research-only; do not copy identity pixels into shipping art."
art:character:m227-patamon:rom-reference,CHARACTER,CHARACTER_ENTITY_REFERENCE,m227_patamon,YDIJ decoded character runtime manifest,R:\NEXUS LINK\原作\CLAUDE_CODE_YDIJ_HANDOFF\02_CHARACTER_ART_STRUCTURE\digimon_runtime_manifest.json,DECODED_REFERENCE,RAW_ENTITY_M227_PATAMON,NDS_2D,PIXIJS_2D,NEEDS_REBUILD,ORIGINAL_REPLACEMENT_REQUIRED,VERIFIED_CROSSCHECK,ROM_COPYRIGHTED_REFERENCE,true,,,,,,,,,REBUILD,,[],"[""NEXUS_IDENTITY_AND_RIGHTS_REPLACEMENT_REQUIRED""]","digimon; 8 gameplay files per entity contract (Main/Sub x NANR, graphics, NCER, NCLR). Rendered sheets are research-only; do not copy identity pixels into shipping art."
art:character:m228-palmon:rom-reference,CHARACTER,CHARACTER_ENTITY_REFERENCE,m228_palmon,YDIJ decoded character runtime manifest,R:\NEXUS LINK\原作\CLAUDE_CODE_YDIJ_HANDOFF\02_CHARACTER_ART_STRUCTURE\digimon_runtime_manifest.json,DECODED_REFERENCE,RAW_ENTITY_M228_PALMON,NDS_2D,PIXIJS_2D,NEEDS_REBUILD,ORIGINAL_REPLACEMENT_REQUIRED,VERIFIED_CROSSCHECK,ROM_COPYRIGHTED_REFERENCE,true,,,,,,,,,REBUILD,,[],"[""NEXUS_IDENTITY_AND_RIGHTS_REPLACEMENT_REQUIRED""]","digimon; 8 gameplay files per entity contract (Main/Sub x NANR, graphics, NCER, NCLR). Rendered sheets are research-only; do not copy identity pixels into shipping art."
art:character:m229-picodevimon:rom-reference,CHARACTER,CHARACTER_ENTITY_REFERENCE,m229_picodevimon,YDIJ decoded character runtime manifest,R:\NEXUS LINK\原作\CLAUDE_CODE_YDIJ_HANDOFF\02_CHARACTER_ART_STRUCTURE\digimon_runtime_manifest.json,DECODED_REFERENCE,RAW_ENTITY_M229_PICODEVIMON,NDS_2D,PIXIJS_2D,NEEDS_REBUILD,ORIGINAL_REPLACEMENT_REQUIRED,VERIFIED_CROSSCHECK,ROM_COPYRIGHTED_REFERENCE,true,,,,,,,,,REBUILD,,[],"[""NEXUS_IDENTITY_AND_RIGHTS_REPLACEMENT_REQUIRED""]","digimon; 8 gameplay files per entity contract (Main/Sub x NANR, graphics, NCER, NCLR). Rendered sheets are research-only; do not copy identity pixels into shipping art."
art:character:m230-piyomon:rom-reference,CHARACTER,CHARACTER_ENTITY_REFERENCE,m230_piyomon,YDIJ decoded character runtime manifest,R:\NEXUS LINK\原作\CLAUDE_CODE_YDIJ_HANDOFF\02_CHARACTER_ART_STRUCTURE\digimon_runtime_manifest.json,DECODED_REFERENCE,RAW_ENTITY_M230_PIYOMON,NDS_2D,PIXIJS_2D,NEEDS_REBUILD,ORIGINAL_REPLACEMENT_REQUIRED,VERIFIED_CROSSCHECK,ROM_COPYRIGHTED_REFERENCE,true,,,,,,,,,REBUILD,,[],"[""NEXUS_IDENTITY_AND_RIGHTS_REPLACEMENT_REQUIRED""]","digimon; 8 gameplay files per entity contract (Main/Sub x NANR, graphics, NCER, NCLR). Rendered sheets are research-only; do not copy identity pixels into shipping art."
art:character:m231-falcomon:rom-reference,CHARACTER,CHARACTER_ENTITY_REFERENCE,m231_falcomon,YDIJ decoded character runtime manifest,R:\NEXUS LINK\原作\CLAUDE_CODE_YDIJ_HANDOFF\02_CHARACTER_ART_STRUCTURE\digimon_runtime_manifest.json,DECODED_REFERENCE,RAW_ENTITY_M231_FALCOMON,NDS_2D,PIXIJS_2D,NEEDS_REBUILD,ORIGINAL_REPLACEMENT_REQUIRED,VERIFIED_CROSSCHECK,ROM_COPYRIGHTED_REFERENCE,true,,,,,,,,,REBUILD,,[],"[""NEXUS_IDENTITY_AND_RIGHTS_REPLACEMENT_REQUIRED""]","digimon; 8 gameplay files per entity contract (Main/Sub x NANR, graphics, NCER, NCLR). Rendered sheets are research-only; do not copy identity pixels into shipping art."
art:character:m232-plotmon:rom-reference,CHARACTER,CHARACTER_ENTITY_REFERENCE,m232_plotmon,YDIJ decoded character runtime manifest,R:\NEXUS LINK\原作\CLAUDE_CODE_YDIJ_HANDOFF\02_CHARACTER_ART_STRUCTURE\digimon_runtime_manifest.json,DECODED_REFERENCE,RAW_ENTITY_M232_PLOTMON,NDS_2D,PIXIJS_2D,NEEDS_REBUILD,ORIGINAL_REPLACEMENT_REQUIRED,VERIFIED_CROSSCHECK,ROM_COPYRIGHTED_REFERENCE,true,,,,,,,,,REBUILD,,[],"[""NEXUS_IDENTITY_AND_RIGHTS_REPLACEMENT_REQUIRED""]","digimon; 8 gameplay files per entity contract (Main/Sub x NANR, graphics, NCER, NCLR). Rendered sheets are research-only; do not copy identity pixels into shipping art."
art:character:m233-floramon:rom-reference,CHARACTER,CHARACTER_ENTITY_REFERENCE,m233_floramon,YDIJ decoded character runtime manifest,R:\NEXUS LINK\原作\CLAUDE_CODE_YDIJ_HANDOFF\02_CHARACTER_ART_STRUCTURE\digimon_runtime_manifest.json,DECODED_REFERENCE,RAW_ENTITY_M233_FLORAMON,NDS_2D,PIXIJS_2D,NEEDS_REBUILD,ORIGINAL_REPLACEMENT_REQUIRED,VERIFIED_CROSSCHECK,ROM_COPYRIGHTED_REFERENCE,true,,,,,,,,,REBUILD,,[],"[""NEXUS_IDENTITY_AND_RIGHTS_REPLACEMENT_REQUIRED""]","digimon; 8 gameplay files per entity contract (Main/Sub x NANR, graphics, NCER, NCLR). Rendered sheets are research-only; do not copy identity pixels into shipping art."
art:character:m235-mushmon:rom-reference,CHARACTER,CHARACTER_ENTITY_REFERENCE,m235_mushmon,YDIJ decoded character runtime manifest,R:\NEXUS LINK\原作\CLAUDE_CODE_YDIJ_HANDOFF\02_CHARACTER_ART_STRUCTURE\digimon_runtime_manifest.json,DECODED_REFERENCE,RAW_ENTITY_M235_MUSHMON,NDS_2D,PIXIJS_2D,NEEDS_REBUILD,ORIGINAL_REPLACEMENT_REQUIRED,VERIFIED_CROSSCHECK,ROM_COPYRIGHTED_REFERENCE,true,,,,,,,,,REBUILD,,[],"[""NEXUS_IDENTITY_AND_RIGHTS_REPLACEMENT_REQUIRED""]","digimon; 8 gameplay files per entity contract (Main/Sub x NANR, graphics, NCER, NCLR). Rendered sheets are research-only; do not copy identity pixels into shipping art."
art:character:m236-yukiagumon:rom-reference,CHARACTER,CHARACTER_ENTITY_REFERENCE,m236_yukiagumon,YDIJ decoded character runtime manifest,R:\NEXUS LINK\原作\CLAUDE_CODE_YDIJ_HANDOFF\02_CHARACTER_ART_STRUCTURE\digimon_runtime_manifest.json,DECODED_REFERENCE,RAW_ENTITY_M236_YUKIAGUMON,NDS_2D,PIXIJS_2D,NEEDS_REBUILD,ORIGINAL_REPLACEMENT_REQUIRED,VERIFIED_CROSSCHECK,ROM_COPYRIGHTED_REFERENCE,true,,,,,,,,,REBUILD,,[],"[""NEXUS_IDENTITY_AND_RIGHTS_REPLACEMENT_REQUIRED""]","digimon; 8 gameplay files per entity contract (Main/Sub x NANR, graphics, NCER, NCLR). Rendered sheets are research-only; do not copy identity pixels into shipping art."
art:character:m237-renamon:rom-reference,CHARACTER,CHARACTER_ENTITY_REFERENCE,m237_renamon,YDIJ decoded character runtime manifest,R:\NEXUS LINK\原作\CLAUDE_CODE_YDIJ_HANDOFF\02_CHARACTER_ART_STRUCTURE\digimon_runtime_manifest.json,DECODED_REFERENCE,RAW_ENTITY_M237_RENAMON,NDS_2D,PIXIJS_2D,NEEDS_REBUILD,ORIGINAL_REPLACEMENT_REQUIRED,VERIFIED_CROSSCHECK,ROM_COPYRIGHTED_REFERENCE,true,,,,,,,,,REBUILD,,[],"[""NEXUS_IDENTITY_AND_RIGHTS_REPLACEMENT_REQUIRED""]","digimon; 8 gameplay files per entity contract (Main/Sub x NANR, graphics, NCER, NCLR). Rendered sheets are research-only; do not copy identity pixels into shipping art."
art:character:m238-coronamon:rom-reference,CHARACTER,CHARACTER_ENTITY_REFERENCE,m238_coronamon,YDIJ decoded character runtime manifest,R:\NEXUS LINK\原作\CLAUDE_CODE_YDIJ_HANDOFF\02_CHARACTER_ART_STRUCTURE\digimon_runtime_manifest.json,DECODED_REFERENCE,RAW_ENTITY_M238_CORONAMON,NDS_2D,PIXIJS_2D,NEEDS_REBUILD,ORIGINAL_REPLACEMENT_REQUIRED,VERIFIED_CROSSCHECK,ROM_COPYRIGHTED_REFERENCE,true,,,,,,,,,REBUILD,,[],"[""NEXUS_IDENTITY_AND_RIGHTS_REPLACEMENT_REQUIRED""]","digimon; 8 gameplay files per entity contract (Main/Sub x NANR, graphics, NCER, NCLR). Rendered sheets are research-only; do not copy identity pixels into shipping art."
art:character:m239-lunamon:rom-reference,CHARACTER,CHARACTER_ENTITY_REFERENCE,m239_lunamon,YDIJ decoded character runtime manifest,R:\NEXUS LINK\原作\CLAUDE_CODE_YDIJ_HANDOFF\02_CHARACTER_ART_STRUCTURE\digimon_runtime_manifest.json,DECODED_REFERENCE,RAW_ENTITY_M239_LUNAMON,NDS_2D,PIXIJS_2D,NEEDS_REBUILD,ORIGINAL_REPLACEMENT_REQUIRED,VERIFIED_CROSSCHECK,ROM_COPYRIGHTED_REFERENCE,true,,,,,,,,,REBUILD,,[],"[""NEXUS_IDENTITY_AND_RIGHTS_REPLACEMENT_REQUIRED""]","digimon; 8 gameplay files per entity contract (Main/Sub x NANR, graphics, NCER, NCLR). Rendered sheets are research-only; do not copy identity pixels into shipping art."
art:character:m240-kuroagumon:rom-reference,CHARACTER,CHARACTER_ENTITY_REFERENCE,m240_kuroagumon,YDIJ decoded character runtime manifest,R:\NEXUS LINK\原作\CLAUDE_CODE_YDIJ_HANDOFF\02_CHARACTER_ART_STRUCTURE\digimon_runtime_manifest.json,DECODED_REFERENCE,RAW_ENTITY_M240_KUROAGUMON,NDS_2D,PIXIJS_2D,NEEDS_REBUILD,ORIGINAL_REPLACEMENT_REQUIRED,VERIFIED_CROSSCHECK,ROM_COPYRIGHTED_REFERENCE,true,,,,,,,,,REBUILD,,[],"[""NEXUS_IDENTITY_AND_RIGHTS_REPLACEMENT_REQUIRED""]","digimon; 8 gameplay files per entity contract (Main/Sub x NANR, graphics, NCER, NCLR). Rendered sheets are research-only; do not copy identity pixels into shipping art."
art:character:m241-psychemon:rom-reference,CHARACTER,CHARACTER_ENTITY_REFERENCE,m241_psychemon,YDIJ decoded character runtime manifest,R:\NEXUS LINK\原作\CLAUDE_CODE_YDIJ_HANDOFF\02_CHARACTER_ART_STRUCTURE\digimon_runtime_manifest.json,DECODED_REFERENCE,RAW_ENTITY_M241_PSYCHEMON,NDS_2D,PIXIJS_2D,NEEDS_REBUILD,ORIGINAL_REPLACEMENT_REQUIRED,VERIFIED_CROSSCHECK,ROM_COPYRIGHTED_REFERENCE,true,,,,,,,,,REBUILD,,[],"[""NEXUS_IDENTITY_AND_RIGHTS_REPLACEMENT_REQUIRED""]","digimon; 8 gameplay files per entity contract (Main/Sub x NANR, graphics, NCER, NCLR). Rendered sheets are research-only; do not copy identity pixels into shipping art."
art:character:m242-alraumon:rom-reference,CHARACTER,CHARACTER_ENTITY_REFERENCE,m242_alraumon,YDIJ decoded character runtime manifest,R:\NEXUS LINK\原作\CLAUDE_CODE_YDIJ_HANDOFF\02_CHARACTER_ART_STRUCTURE\digimon_runtime_manifest.json,DECODED_REFERENCE,RAW_ENTITY_M242_ALRAUMON,NDS_2D,PIXIJS_2D,NEEDS_REBUILD,ORIGINAL_REPLACEMENT_REQUIRED,VERIFIED_CROSSCHECK,ROM_COPYRIGHTED_REFERENCE,true,,,,,,,,,REBUILD,,[],"[""NEXUS_IDENTITY_AND_RIGHTS_REPLACEMENT_REQUIRED""]","digimon; 8 gameplay files per entity contract (Main/Sub x NANR, graphics, NCER, NCLR). Rendered sheets are research-only; do not copy identity pixels into shipping art."
art:character:m243-tsukaimon:rom-reference,CHARACTER,CHARACTER_ENTITY_REFERENCE,m243_tsukaimon,YDIJ decoded character runtime manifest,R:\NEXUS LINK\原作\CLAUDE_CODE_YDIJ_HANDOFF\02_CHARACTER_ART_STRUCTURE\digimon_runtime_manifest.json,DECODED_REFERENCE,RAW_ENTITY_M243_TSUKAIMON,NDS_2D,PIXIJS_2D,NEEDS_REBUILD,ORIGINAL_REPLACEMENT_REQUIRED,VERIFIED_CROSSCHECK,ROM_COPYRIGHTED_REFERENCE,true,,,,,,,,,REBUILD,,[],"[""NEXUS_IDENTITY_AND_RIGHTS_REPLACEMENT_REQUIRED""]","digimon; 8 gameplay files per entity contract (Main/Sub x NANR, graphics, NCER, NCLR). Rendered sheets are research-only; do not copy identity pixels into shipping art."
art:character:m244-vmon:rom-reference,CHARACTER,CHARACTER_ENTITY_REFERENCE,m244_vmon,YDIJ decoded character runtime manifest,R:\NEXUS LINK\原作\CLAUDE_CODE_YDIJ_HANDOFF\02_CHARACTER_ART_STRUCTURE\digimon_runtime_manifest.json,DECODED_REFERENCE,RAW_ENTITY_M244_VMON,NDS_2D,PIXIJS_2D,NEEDS_REBUILD,ORIGINAL_REPLACEMENT_REQUIRED,VERIFIED_CROSSCHECK,ROM_COPYRIGHTED_REFERENCE,true,,,,,,,,,REBUILD,,[],"[""NEXUS_IDENTITY_AND_RIGHTS_REPLACEMENT_REQUIRED""]","digimon; 8 gameplay files per entity contract (Main/Sub x NANR, graphics, NCER, NCLR). Rendered sheets are research-only; do not copy identity pixels into shipping art."
art:character:m255-guilmon:rom-reference,CHARACTER,CHARACTER_ENTITY_REFERENCE,m255_guilmon,YDIJ decoded character runtime manifest,R:\NEXUS LINK\原作\CLAUDE_CODE_YDIJ_HANDOFF\02_CHARACTER_ART_STRUCTURE\digimon_runtime_manifest.json,DECODED_REFERENCE,RAW_ENTITY_M255_GUILMON,NDS_2D,PIXIJS_2D,NEEDS_REBUILD,ORIGINAL_REPLACEMENT_REQUIRED,VERIFIED_CROSSCHECK,ROM_COPYRIGHTED_REFERENCE,true,,,,,,,,,REBUILD,,[],"[""NEXUS_IDENTITY_AND_RIGHTS_REPLACEMENT_REQUIRED""]","digimon; 8 gameplay files per entity contract (Main/Sub x NANR, graphics, NCER, NCLR). Rendered sheets are research-only; do not copy identity pixels into shipping art."
art:character:m301-ankylomon:rom-reference,CHARACTER,CHARACTER_ENTITY_REFERENCE,m301_ankylomon,YDIJ decoded character runtime manifest,R:\NEXUS LINK\原作\CLAUDE_CODE_YDIJ_HANDOFF\02_CHARACTER_ART_STRUCTURE\digimon_runtime_manifest.json,DECODED_REFERENCE,RAW_ENTITY_M301_ANKYLOMON,NDS_2D,PIXIJS_2D,NEEDS_REBUILD,ORIGINAL_REPLACEMENT_REQUIRED,VERIFIED_CROSSCHECK,ROM_COPYRIGHTED_REFERENCE,true,,,,,,,,,REBUILD,,[],"[""NEXUS_IDENTITY_AND_RIGHTS_REPLACEMENT_REQUIRED""]","digimon; 8 gameplay files per entity contract (Main/Sub x NANR, graphics, NCER, NCLR). Rendered sheets are research-only; do not copy identity pixels into shipping art."
art:character:m303-ikkakumon:rom-reference,CHARACTER,CHARACTER_ENTITY_REFERENCE,m303_ikkakumon,YDIJ decoded character runtime manifest,R:\NEXUS LINK\原作\CLAUDE_CODE_YDIJ_HANDOFF\02_CHARACTER_ART_STRUCTURE\digimon_runtime_manifest.json,DECODED_REFERENCE,RAW_ENTITY_M303_IKKAKUMON,NDS_2D,PIXIJS_2D,NEEDS_REBUILD,ORIGINAL_REPLACEMENT_REQUIRED,VERIFIED_CROSSCHECK,ROM_COPYRIGHTED_REFERENCE,true,,,,,,,,,REBUILD,,[],"[""NEXUS_IDENTITY_AND_RIGHTS_REPLACEMENT_REQUIRED""]","digimon; 8 gameplay files per entity contract (Main/Sub x NANR, graphics, NCER, NCLR). Rendered sheets are research-only; do not copy identity pixels into shipping art."
art:character:m304-wizarmon:rom-reference,CHARACTER,CHARACTER_ENTITY_REFERENCE,m304_wizarmon,YDIJ decoded character runtime manifest,R:\NEXUS LINK\原作\CLAUDE_CODE_YDIJ_HANDOFF\02_CHARACTER_ART_STRUCTURE\digimon_runtime_manifest.json,DECODED_REFERENCE,RAW_ENTITY_M304_WIZARMON,NDS_2D,PIXIJS_2D,NEEDS_REBUILD,ORIGINAL_REPLACEMENT_REQUIRED,VERIFIED_CROSSCHECK,ROM_COPYRIGHTED_REFERENCE,true,,,,,,,,,REBUILD,,[],"[""NEXUS_IDENTITY_AND_RIGHTS_REPLACEMENT_REQUIRED""]","digimon; 8 gameplay files per entity contract (Main/Sub x NANR, graphics, NCER, NCLR). Rendered sheets are research-only; do not copy identity pixels into shipping art."
art:character:m305-woodmon:rom-reference,CHARACTER,CHARACTER_ENTITY_REFERENCE,m305_woodmon,YDIJ decoded character runtime manifest,R:\NEXUS LINK\原作\CLAUDE_CODE_YDIJ_HANDOFF\02_CHARACTER_ART_STRUCTURE\digimon_runtime_manifest.json,DECODED_REFERENCE,RAW_ENTITY_M305_WOODMON,NDS_2D,PIXIJS_2D,NEEDS_REBUILD,ORIGINAL_REPLACEMENT_REQUIRED,VERIFIED_CROSSCHECK,ROM_COPYRIGHTED_REFERENCE,true,,,,,,,,,REBUILD,,[],"[""NEXUS_IDENTITY_AND_RIGHTS_REPLACEMENT_REQUIRED""]","digimon; 8 gameplay files per entity contract (Main/Sub x NANR, graphics, NCER, NCLR). Rendered sheets are research-only; do not copy identity pixels into shipping art."
art:character:m306-airdramon:rom-reference,CHARACTER,CHARACTER_ENTITY_REFERENCE,m306_airdramon,YDIJ decoded character runtime manifest,R:\NEXUS LINK\原作\CLAUDE_CODE_YDIJ_HANDOFF\02_CHARACTER_ART_STRUCTURE\digimon_runtime_manifest.json,DECODED_REFERENCE,RAW_ENTITY_M306_AIRDRAMON,NDS_2D,PIXIJS_2D,NEEDS_REBUILD,ORIGINAL_REPLACEMENT_REQUIRED,VERIFIED_CROSSCHECK,ROM_COPYRIGHTED_REFERENCE,true,,,,,,,,,REBUILD,,[],"[""NEXUS_IDENTITY_AND_RIGHTS_REPLACEMENT_REQUIRED""]","digimon; 8 gameplay files per entity contract (Main/Sub x NANR, graphics, NCER, NCLR). Rendered sheets are research-only; do not copy identity pixels into shipping art."
art:character:m308-angemon:rom-reference,CHARACTER,CHARACTER_ENTITY_REFERENCE,m308_angemon,YDIJ decoded character runtime manifest,R:\NEXUS LINK\原作\CLAUDE_CODE_YDIJ_HANDOFF\02_CHARACTER_ART_STRUCTURE\digimon_runtime_manifest.json,DECODED_REFERENCE,RAW_ENTITY_M308_ANGEMON,NDS_2D,PIXIJS_2D,NEEDS_REBUILD,ORIGINAL_REPLACEMENT_REQUIRED,VERIFIED_CROSSCHECK,ROM_COPYRIGHTED_REFERENCE,true,,,,,,,,,REBUILD,,[],"[""NEXUS_IDENTITY_AND_RIGHTS_REPLACEMENT_REQUIRED""]","digimon; 8 gameplay files per entity contract (Main/Sub x NANR, graphics, NCER, NCLR). Rendered sheets are research-only; do not copy identity pixels into shipping art."
art:character:m310-orgemon:rom-reference,CHARACTER,CHARACTER_ENTITY_REFERENCE,m310_orgemon,YDIJ decoded character runtime manifest,R:\NEXUS LINK\原作\CLAUDE_CODE_YDIJ_HANDOFF\02_CHARACTER_ART_STRUCTURE\digimon_runtime_manifest.json,DECODED_REFERENCE,RAW_ENTITY_M310_ORGEMON,NDS_2D,PIXIJS_2D,NEEDS_REBUILD,ORIGINAL_REPLACEMENT_REQUIRED,VERIFIED_CROSSCHECK,ROM_COPYRIGHTED_REFERENCE,true,,,,,,,,,REBUILD,,[],"[""NEXUS_IDENTITY_AND_RIGHTS_REPLACEMENT_REQUIRED""]","digimon; 8 gameplay files per entity contract (Main/Sub x NANR, graphics, NCER, NCLR). Rendered sheets are research-only; do not copy identity pixels into shipping art."
art:character:m311-gaogamon:rom-reference,CHARACTER,CHARACTER_ENTITY_REFERENCE,m311_gaogamon,YDIJ decoded character runtime manifest,R:\NEXUS LINK\原作\CLAUDE_CODE_YDIJ_HANDOFF\02_CHARACTER_ART_STRUCTURE\digimon_runtime_manifest.json,DECODED_REFERENCE,RAW_ENTITY_M311_GAOGAMON,NDS_2D,PIXIJS_2D,NEEDS_REBUILD,ORIGINAL_REPLACEMENT_REQUIRED,VERIFIED_CROSSCHECK,ROM_COPYRIGHTED_REFERENCE,true,,,,,,,,,REBUILD,,[],"[""NEXUS_IDENTITY_AND_RIGHTS_REPLACEMENT_REQUIRED""]","digimon; 8 gameplay files per entity contract (Main/Sub x NANR, graphics, NCER, NCLR). Rendered sheets are research-only; do not copy identity pixels into shipping art."
art:character:m312-kabuterimon:rom-reference,CHARACTER,CHARACTER_ENTITY_REFERENCE,m312_kabuterimon,YDIJ decoded character runtime manifest,R:\NEXUS LINK\原作\CLAUDE_CODE_YDIJ_HANDOFF\02_CHARACTER_ART_STRUCTURE\digimon_runtime_manifest.json,DECODED_REFERENCE,RAW_ENTITY_M312_KABUTERIMON,NDS_2D,PIXIJS_2D,NEEDS_REBUILD,ORIGINAL_REPLACEMENT_REQUIRED,VERIFIED_CROSSCHECK,ROM_COPYRIGHTED_REFERENCE,true,,,,,,,,,REBUILD,,[],"[""NEXUS_IDENTITY_AND_RIGHTS_REPLACEMENT_REQUIRED""]","digimon; 8 gameplay files per entity contract (Main/Sub x NANR, graphics, NCER, NCLR). Rendered sheets are research-only; do not copy identity pixels into shipping art."
art:character:m313-gargomon:rom-reference,CHARACTER,CHARACTER_ENTITY_REFERENCE,m313_gargomon,YDIJ decoded character runtime manifest,R:\NEXUS LINK\原作\CLAUDE_CODE_YDIJ_HANDOFF\02_CHARACTER_ART_STRUCTURE\digimon_runtime_manifest.json,DECODED_REFERENCE,RAW_ENTITY_M313_GARGOMON,NDS_2D,PIXIJS_2D,NEEDS_REBUILD,ORIGINAL_REPLACEMENT_REQUIRED,VERIFIED_CROSSCHECK,ROM_COPYRIGHTED_REFERENCE,true,,,,,,,,,REBUILD,,[],"[""NEXUS_IDENTITY_AND_RIGHTS_REPLACEMENT_REQUIRED""]","digimon; 8 gameplay files per entity contract (Main/Sub x NANR, graphics, NCER, NCLR). Rendered sheets are research-only; do not copy identity pixels into shipping art."
art:character:m314-garurumon-va:rom-reference,CHARACTER,CHARACTER_ENTITY_REFERENCE,m314_garurumon_va,YDIJ decoded character runtime manifest,R:\NEXUS LINK\原作\CLAUDE_CODE_YDIJ_HANDOFF\02_CHARACTER_ART_STRUCTURE\digimon_runtime_manifest.json,DECODED_REFERENCE,RAW_ENTITY_M314_GARURUMON_VA,NDS_2D,PIXIJS_2D,NEEDS_REBUILD,ORIGINAL_REPLACEMENT_REQUIRED,VERIFIED_CROSSCHECK,ROM_COPYRIGHTED_REFERENCE,true,,,,,,,,,REBUILD,,[],"[""NEXUS_IDENTITY_AND_RIGHTS_REPLACEMENT_REQUIRED""]","digimon; 8 gameplay files per entity contract (Main/Sub x NANR, graphics, NCER, NCLR). Rendered sheets are research-only; do not copy identity pixels into shipping art."
art:character:m315-garurumon-vi:rom-reference,CHARACTER,CHARACTER_ENTITY_REFERENCE,m315_garurumon_vi,YDIJ decoded character runtime manifest,R:\NEXUS LINK\原作\CLAUDE_CODE_YDIJ_HANDOFF\02_CHARACTER_ART_STRUCTURE\digimon_runtime_manifest.json,DECODED_REFERENCE,RAW_ENTITY_M315_GARURUMON_VI,NDS_2D,PIXIJS_2D,NEEDS_REBUILD,ORIGINAL_REPLACEMENT_REQUIRED,VERIFIED_CROSSCHECK,ROM_COPYRIGHTED_REFERENCE,true,,,,,,,,,REBUILD,,[],"[""NEXUS_IDENTITY_AND_RIGHTS_REPLACEMENT_REQUIRED""]","digimon; 8 gameplay files per entity contract (Main/Sub x NANR, graphics, NCER, NCLR). Rendered sheets are research-only; do not copy identity pixels into shipping art."
art:character:m316-guardromon:rom-reference,CHARACTER,CHARACTER_ENTITY_REFERENCE,m316_guardromon,YDIJ decoded character runtime manifest,R:\NEXUS LINK\原作\CLAUDE_CODE_YDIJ_HANDOFF\02_CHARACTER_ART_STRUCTURE\digimon_runtime_manifest.json,DECODED_REFERENCE,RAW_ENTITY_M316_GUARDROMON,NDS_2D,PIXIJS_2D,NEEDS_REBUILD,ORIGINAL_REPLACEMENT_REQUIRED,VERIFIED_CROSSCHECK,ROM_COPYRIGHTED_REFERENCE,true,,,,,,,,,REBUILD,,[],"[""NEXUS_IDENTITY_AND_RIGHTS_REPLACEMENT_REQUIRED""]","digimon; 8 gameplay files per entity contract (Main/Sub x NANR, graphics, NCER, NCLR). Rendered sheets are research-only; do not copy identity pixels into shipping art."
art:character:m317-kiwimon:rom-reference,CHARACTER,CHARACTER_ENTITY_REFERENCE,m317_kiwimon,YDIJ decoded character runtime manifest,R:\NEXUS LINK\原作\CLAUDE_CODE_YDIJ_HANDOFF\02_CHARACTER_ART_STRUCTURE\digimon_runtime_manifest.json,DECODED_REFERENCE,RAW_ENTITY_M317_KIWIMON,NDS_2D,PIXIJS_2D,NEEDS_REBUILD,ORIGINAL_REPLACEMENT_REQUIRED,VERIFIED_CROSSCHECK,ROM_COPYRIGHTED_REFERENCE,true,,,,,,,,,REBUILD,,[],"[""NEXUS_IDENTITY_AND_RIGHTS_REPLACEMENT_REQUIRED""]","digimon; 8 gameplay files per entity contract (Main/Sub x NANR, graphics, NCER, NCLR). Rendered sheets are research-only; do not copy identity pixels into shipping art."
art:character:m318-kyubimon:rom-reference,CHARACTER,CHARACTER_ENTITY_REFERENCE,m318_kyubimon,YDIJ decoded character runtime manifest,R:\NEXUS LINK\原作\CLAUDE_CODE_YDIJ_HANDOFF\02_CHARACTER_ART_STRUCTURE\digimon_runtime_manifest.json,DECODED_REFERENCE,RAW_ENTITY_M318_KYUBIMON,NDS_2D,PIXIJS_2D,NEEDS_REBUILD,ORIGINAL_REPLACEMENT_REQUIRED,VERIFIED_CROSSCHECK,ROM_COPYRIGHTED_REFERENCE,true,,,,,,,,,REBUILD,,[],"[""NEXUS_IDENTITY_AND_RIGHTS_REPLACEMENT_REQUIRED""]","digimon; 8 gameplay files per entity contract (Main/Sub x NANR, graphics, NCER, NCLR). Rendered sheets are research-only; do not copy identity pixels into shipping art."
art:character:m320-graymon:rom-reference,CHARACTER,CHARACTER_ENTITY_REFERENCE,m320_graymon,YDIJ decoded character runtime manifest,R:\NEXUS LINK\原作\CLAUDE_CODE_YDIJ_HANDOFF\02_CHARACTER_ART_STRUCTURE\digimon_runtime_manifest.json,DECODED_REFERENCE,RAW_ENTITY_M320_GRAYMON,NDS_2D,PIXIJS_2D,NEEDS_REBUILD,ORIGINAL_REPLACEMENT_REQUIRED,VERIFIED_CROSSCHECK,ROM_COPYRIGHTED_REFERENCE,true,,,,,,,,,REBUILD,,[],"[""NEXUS_IDENTITY_AND_RIGHTS_REPLACEMENT_REQUIRED""]","digimon; 8 gameplay files per entity contract (Main/Sub x NANR, graphics, NCER, NCLR). Rendered sheets are research-only; do not copy identity pixels into shipping art."
art:character:m321-clockmon:rom-reference,CHARACTER,CHARACTER_ENTITY_REFERENCE,m321_clockmon,YDIJ decoded character runtime manifest,R:\NEXUS LINK\原作\CLAUDE_CODE_YDIJ_HANDOFF\02_CHARACTER_ART_STRUCTURE\digimon_runtime_manifest.json,DECODED_REFERENCE,RAW_ENTITY_M321_CLOCKMON,NDS_2D,PIXIJS_2D,NEEDS_REBUILD,ORIGINAL_REPLACEMENT_REQUIRED,VERIFIED_CROSSCHECK,ROM_COPYRIGHTED_REFERENCE,true,,,,,,,,,REBUILD,,[],"[""NEXUS_IDENTITY_AND_RIGHTS_REPLACEMENT_REQUIRED""]","digimon; 8 gameplay files per entity contract (Main/Sub x NANR, graphics, NCER, NCLR). Rendered sheets are research-only; do not copy identity pixels into shipping art."
art:character:m322-kuwagamon:rom-reference,CHARACTER,CHARACTER_ENTITY_REFERENCE,m322_kuwagamon,YDIJ decoded character runtime manifest,R:\NEXUS LINK\原作\CLAUDE_CODE_YDIJ_HANDOFF\02_CHARACTER_ART_STRUCTURE\digimon_runtime_manifest.json,DECODED_REFERENCE,RAW_ENTITY_M322_KUWAGAMON,NDS_2D,PIXIJS_2D,NEEDS_REBUILD,ORIGINAL_REPLACEMENT_REQUIRED,VERIFIED_CROSSCHECK,ROM_COPYRIGHTED_REFERENCE,true,,,,,,,,,REBUILD,,[],"[""NEXUS_IDENTITY_AND_RIGHTS_REPLACEMENT_REQUIRED""]","digimon; 8 gameplay files per entity contract (Main/Sub x NANR, graphics, NCER, NCLR). Rendered sheets are research-only; do not copy identity pixels into shipping art."
art:character:m323-gekomon:rom-reference,CHARACTER,CHARACTER_ENTITY_REFERENCE,m323_gekomon,YDIJ decoded character runtime manifest,R:\NEXUS LINK\原作\CLAUDE_CODE_YDIJ_HANDOFF\02_CHARACTER_ART_STRUCTURE\digimon_runtime_manifest.json,DECODED_REFERENCE,RAW_ENTITY_M323_GEKOMON,NDS_2D,PIXIJS_2D,NEEDS_REBUILD,ORIGINAL_REPLACEMENT_REQUIRED,VERIFIED_CROSSCHECK,ROM_COPYRIGHTED_REFERENCE,true,,,,,,,,,REBUILD,,[],"[""NEXUS_IDENTITY_AND_RIGHTS_REPLACEMENT_REQUIRED""]","digimon; 8 gameplay files per entity contract (Main/Sub x NANR, graphics, NCER, NCLR). Rendered sheets are research-only; do not copy identity pixels into shipping art."
art:character:m324-gesomon:rom-reference,CHARACTER,CHARACTER_ENTITY_REFERENCE,m324_gesomon,YDIJ decoded character runtime manifest,R:\NEXUS LINK\原作\CLAUDE_CODE_YDIJ_HANDOFF\02_CHARACTER_ART_STRUCTURE\digimon_runtime_manifest.json,DECODED_REFERENCE,RAW_ENTITY_M324_GESOMON,NDS_2D,PIXIJS_2D,NEEDS_REBUILD,ORIGINAL_REPLACEMENT_REQUIRED,VERIFIED_CROSSCHECK,ROM_COPYRIGHTED_REFERENCE,true,,,,,,,,,REBUILD,,[],"[""NEXUS_IDENTITY_AND_RIGHTS_REPLACEMENT_REQUIRED""]","digimon; 8 gameplay files per entity contract (Main/Sub x NANR, graphics, NCER, NCLR). Rendered sheets are research-only; do not copy identity pixels into shipping art."
art:character:m325-centalmon:rom-reference,CHARACTER,CHARACTER_ENTITY_REFERENCE,m325_centalmon,YDIJ decoded character runtime manifest,R:\NEXUS LINK\原作\CLAUDE_CODE_YDIJ_HANDOFF\02_CHARACTER_ART_STRUCTURE\digimon_runtime_manifest.json,DECODED_REFERENCE,RAW_ENTITY_M325_CENTALMON,NDS_2D,PIXIJS_2D,NEEDS_REBUILD,ORIGINAL_REPLACEMENT_REQUIRED,VERIFIED_CROSSCHECK,ROM_COPYRIGHTED_REFERENCE,true,,,,,,,,,REBUILD,,[],"[""NEXUS_IDENTITY_AND_RIGHTS_REPLACEMENT_REQUIRED""]","digimon; 8 gameplay files per entity contract (Main/Sub x NANR, graphics, NCER, NCLR). Rendered sheets are research-only; do not copy identity pixels into shipping art."
art:character:m326-cockatrimon:rom-reference,CHARACTER,CHARACTER_ENTITY_REFERENCE,m326_cockatrimon,YDIJ decoded character runtime manifest,R:\NEXUS LINK\原作\CLAUDE_CODE_YDIJ_HANDOFF\02_CHARACTER_ART_STRUCTURE\digimon_runtime_manifest.json,DECODED_REFERENCE,RAW_ENTITY_M326_COCKATRIMON,NDS_2D,PIXIJS_2D,NEEDS_REBUILD,ORIGINAL_REPLACEMENT_REQUIRED,VERIFIED_CROSSCHECK,ROM_COPYRIGHTED_REFERENCE,true,,,,,,,,,REBUILD,,[],"[""NEXUS_IDENTITY_AND_RIGHTS_REPLACEMENT_REQUIRED""]","digimon; 8 gameplay files per entity contract (Main/Sub x NANR, graphics, NCER, NCLR). Rendered sheets are research-only; do not copy identity pixels into shipping art."
art:character:m328-thanderballmon:rom-reference,CHARACTER,CHARACTER_ENTITY_REFERENCE,m328_thanderballmon,YDIJ decoded character runtime manifest,R:\NEXUS LINK\原作\CLAUDE_CODE_YDIJ_HANDOFF\02_CHARACTER_ART_STRUCTURE\digimon_runtime_manifest.json,DECODED_REFERENCE,RAW_ENTITY_M328_THANDERBALLMON,NDS_2D,PIXIJS_2D,NEEDS_REBUILD,ORIGINAL_REPLACEMENT_REQUIRED,VERIFIED_CROSSCHECK,ROM_COPYRIGHTED_REFERENCE,true,,,,,,,,,REBUILD,,[],"[""NEXUS_IDENTITY_AND_RIGHTS_REPLACEMENT_REQUIRED""]","digimon; 8 gameplay files per entity contract (Main/Sub x NANR, graphics, NCER, NCLR). Rendered sheets are research-only; do not copy identity pixels into shipping art."
art:character:m329-shellmon:rom-reference,CHARACTER,CHARACTER_ENTITY_REFERENCE,m329_shellmon,YDIJ decoded character runtime manifest,R:\NEXUS LINK\原作\CLAUDE_CODE_YDIJ_HANDOFF\02_CHARACTER_ART_STRUCTURE\digimon_runtime_manifest.json,DECODED_REFERENCE,RAW_ENTITY_M329_SHELLMON,NDS_2D,PIXIJS_2D,NEEDS_REBUILD,ORIGINAL_REPLACEMENT_REQUIRED,VERIFIED_CROSSCHECK,ROM_COPYRIGHTED_REFERENCE,true,,,,,,,,,REBUILD,,[],"[""NEXUS_IDENTITY_AND_RIGHTS_REPLACEMENT_REQUIRED""]","digimon; 8 gameplay files per entity contract (Main/Sub x NANR, graphics, NCER, NCLR). Rendered sheets are research-only; do not copy identity pixels into shipping art."
art:character:m330-geograymon:rom-reference,CHARACTER,CHARACTER_ENTITY_REFERENCE,m330_geograymon,YDIJ decoded character runtime manifest,R:\NEXUS LINK\原作\CLAUDE_CODE_YDIJ_HANDOFF\02_CHARACTER_ART_STRUCTURE\digimon_runtime_manifest.json,DECODED_REFERENCE,RAW_ENTITY_M330_GEOGRAYMON,NDS_2D,PIXIJS_2D,NEEDS_REBUILD,ORIGINAL_REPLACEMENT_REQUIRED,VERIFIED_CROSSCHECK,ROM_COPYRIGHTED_REFERENCE,true,,,,,,,,,REBUILD,,[],"[""NEXUS_IDENTITY_AND_RIGHTS_REPLACEMENT_REQUIRED""]","digimon; 8 gameplay files per entity contract (Main/Sub x NANR, graphics, NCER, NCLR). Rendered sheets are research-only; do not copy identity pixels into shipping art."
art:character:m331-seadramon:rom-reference,CHARACTER,CHARACTER_ENTITY_REFERENCE,m331_seadramon,YDIJ decoded character runtime manifest,R:\NEXUS LINK\原作\CLAUDE_CODE_YDIJ_HANDOFF\02_CHARACTER_ART_STRUCTURE\digimon_runtime_manifest.json,DECODED_REFERENCE,RAW_ENTITY_M331_SEADRAMON,NDS_2D,PIXIJS_2D,NEEDS_REBUILD,ORIGINAL_REPLACEMENT_REQUIRED,VERIFIED_CROSSCHECK,ROM_COPYRIGHTED_REFERENCE,true,,,,,,,,,REBUILD,,[],"[""NEXUS_IDENTITY_AND_RIGHTS_REPLACEMENT_REQUIRED""]","digimon; 8 gameplay files per entity contract (Main/Sub x NANR, graphics, NCER, NCLR). Rendered sheets are research-only; do not copy identity pixels into shipping art."
art:character:m333-scumon:rom-reference,CHARACTER,CHARACTER_ENTITY_REFERENCE,m333_scumon,YDIJ decoded character runtime manifest,R:\NEXUS LINK\原作\CLAUDE_CODE_YDIJ_HANDOFF\02_CHARACTER_ART_STRUCTURE\digimon_runtime_manifest.json,DECODED_REFERENCE,RAW_ENTITY_M333_SCUMON,NDS_2D,PIXIJS_2D,NEEDS_REBUILD,ORIGINAL_REPLACEMENT_REQUIRED,VERIFIED_CROSSCHECK,ROM_COPYRIGHTED_REFERENCE,true,,,,,,,,,REBUILD,,[],"[""NEXUS_IDENTITY_AND_RIGHTS_REPLACEMENT_REQUIRED""]","digimon; 8 gameplay files per entity contract (Main/Sub x NANR, graphics, NCER, NCLR). Rendered sheets are research-only; do not copy identity pixels into shipping art."
art:character:m334-starmon:rom-reference,CHARACTER,CHARACTER_ENTITY_REFERENCE,m334_starmon,YDIJ decoded character runtime manifest,R:\NEXUS LINK\原作\CLAUDE_CODE_YDIJ_HANDOFF\02_CHARACTER_ART_STRUCTURE\digimon_runtime_manifest.json,DECODED_REFERENCE,RAW_ENTITY_M334_STARMON,NDS_2D,PIXIJS_2D,NEEDS_REBUILD,ORIGINAL_REPLACEMENT_REQUIRED,VERIFIED_CROSSCHECK,ROM_COPYRIGHTED_REFERENCE,true,,,,,,,,,REBUILD,,[],"[""NEXUS_IDENTITY_AND_RIGHTS_REPLACEMENT_REQUIRED""]","digimon; 8 gameplay files per entity contract (Main/Sub x NANR, graphics, NCER, NCLR). Rendered sheets are research-only; do not copy identity pixels into shipping art."
art:character:m337-darcmon:rom-reference,CHARACTER,CHARACTER_ENTITY_REFERENCE,m337_darcmon,YDIJ decoded character runtime manifest,R:\NEXUS LINK\原作\CLAUDE_CODE_YDIJ_HANDOFF\02_CHARACTER_ART_STRUCTURE\digimon_runtime_manifest.json,DECODED_REFERENCE,RAW_ENTITY_M337_DARCMON,NDS_2D,PIXIJS_2D,NEEDS_REBUILD,ORIGINAL_REPLACEMENT_REQUIRED,VERIFIED_CROSSCHECK,ROM_COPYRIGHTED_REFERENCE,true,,,,,,,,,REBUILD,,[],"[""NEXUS_IDENTITY_AND_RIGHTS_REPLACEMENT_REQUIRED""]","digimon; 8 gameplay files per entity contract (Main/Sub x NANR, graphics, NCER, NCLR). Rendered sheets are research-only; do not copy identity pixels into shipping art."
art:character:m338-darktyranomon:rom-reference,CHARACTER,CHARACTER_ENTITY_REFERENCE,m338_darktyranomon,YDIJ decoded character runtime manifest,R:\NEXUS LINK\原作\CLAUDE_CODE_YDIJ_HANDOFF\02_CHARACTER_ART_STRUCTURE\digimon_runtime_manifest.json,DECODED_REFERENCE,RAW_ENTITY_M338_DARKTYRANOMON,NDS_2D,PIXIJS_2D,NEEDS_REBUILD,ORIGINAL_REPLACEMENT_REQUIRED,VERIFIED_CROSSCHECK,ROM_COPYRIGHTED_REFERENCE,true,,,,,,,,,REBUILD,,[],"[""NEXUS_IDENTITY_AND_RIGHTS_REPLACEMENT_REQUIRED""]","digimon; 8 gameplay files per entity contract (Main/Sub x NANR, graphics, NCER, NCLR). Rendered sheets are research-only; do not copy identity pixels into shipping art."
art:character:m339-tyranomon:rom-reference,CHARACTER,CHARACTER_ENTITY_REFERENCE,m339_tyranomon,YDIJ decoded character runtime manifest,R:\NEXUS LINK\原作\CLAUDE_CODE_YDIJ_HANDOFF\02_CHARACTER_ART_STRUCTURE\digimon_runtime_manifest.json,DECODED_REFERENCE,RAW_ENTITY_M339_TYRANOMON,NDS_2D,PIXIJS_2D,NEEDS_REBUILD,ORIGINAL_REPLACEMENT_REQUIRED,VERIFIED_CROSSCHECK,ROM_COPYRIGHTED_REFERENCE,true,,,,,,,,,REBUILD,,[],"[""NEXUS_IDENTITY_AND_RIGHTS_REPLACEMENT_REQUIRED""]","digimon; 8 gameplay files per entity contract (Main/Sub x NANR, graphics, NCER, NCLR). Rendered sheets are research-only; do not copy identity pixels into shipping art."
art:character:m340-tailmon:rom-reference,CHARACTER,CHARACTER_ENTITY_REFERENCE,m340_tailmon,YDIJ decoded character runtime manifest,R:\NEXUS LINK\原作\CLAUDE_CODE_YDIJ_HANDOFF\02_CHARACTER_ART_STRUCTURE\digimon_runtime_manifest.json,DECODED_REFERENCE,RAW_ENTITY_M340_TAILMON,NDS_2D,PIXIJS_2D,NEEDS_REBUILD,ORIGINAL_REPLACEMENT_REQUIRED,VERIFIED_CROSSCHECK,ROM_COPYRIGHTED_REFERENCE,true,,,,,,,,,REBUILD,,[],"[""NEXUS_IDENTITY_AND_RIGHTS_REPLACEMENT_REQUIRED""]","digimon; 8 gameplay files per entity contract (Main/Sub x NANR, graphics, NCER, NCLR). Rendered sheets are research-only; do not copy identity pixels into shipping art."
art:character:m341-devidramon:rom-reference,CHARACTER,CHARACTER_ENTITY_REFERENCE,m341_devidramon,YDIJ decoded character runtime manifest,R:\NEXUS LINK\原作\CLAUDE_CODE_YDIJ_HANDOFF\02_CHARACTER_ART_STRUCTURE\digimon_runtime_manifest.json,DECODED_REFERENCE,RAW_ENTITY_M341_DEVIDRAMON,NDS_2D,PIXIJS_2D,NEEDS_REBUILD,ORIGINAL_REPLACEMENT_REQUIRED,VERIFIED_CROSSCHECK,ROM_COPYRIGHTED_REFERENCE,true,,,,,,,,,REBUILD,,[],"[""NEXUS_IDENTITY_AND_RIGHTS_REPLACEMENT_REQUIRED""]","digimon; 8 gameplay files per entity contract (Main/Sub x NANR, graphics, NCER, NCLR). Rendered sheets are research-only; do not copy identity pixels into shipping art."
art:character:m342-devimon:rom-reference,CHARACTER,CHARACTER_ENTITY_REFERENCE,m342_devimon,YDIJ decoded character runtime manifest,R:\NEXUS LINK\原作\CLAUDE_CODE_YDIJ_HANDOFF\02_CHARACTER_ART_STRUCTURE\digimon_runtime_manifest.json,DECODED_REFERENCE,RAW_ENTITY_M342_DEVIMON,NDS_2D,PIXIJS_2D,NEEDS_REBUILD,ORIGINAL_REPLACEMENT_REQUIRED,VERIFIED_CROSSCHECK,ROM_COPYRIGHTED_REFERENCE,true,,,,,,,,,REBUILD,,[],"[""NEXUS_IDENTITY_AND_RIGHTS_REPLACEMENT_REQUIRED""]","digimon; 8 gameplay files per entity contract (Main/Sub x NANR, graphics, NCER, NCLR). Rendered sheets are research-only; do not copy identity pixels into shipping art."
art:character:m343-togemon:rom-reference,CHARACTER,CHARACTER_ENTITY_REFERENCE,m343_togemon,YDIJ decoded character runtime manifest,R:\NEXUS LINK\原作\CLAUDE_CODE_YDIJ_HANDOFF\02_CHARACTER_ART_STRUCTURE\digimon_runtime_manifest.json,DECODED_REFERENCE,RAW_ENTITY_M343_TOGEMON,NDS_2D,PIXIJS_2D,NEEDS_REBUILD,ORIGINAL_REPLACEMENT_REQUIRED,VERIFIED_CROSSCHECK,ROM_COPYRIGHTED_REFERENCE,true,,,,,,,,,REBUILD,,[],"[""NEXUS_IDENTITY_AND_RIGHTS_REPLACEMENT_REQUIRED""]","digimon; 8 gameplay files per entity contract (Main/Sub x NANR, graphics, NCER, NCLR). Rendered sheets are research-only; do not copy identity pixels into shipping art."
art:character:m345-tortamon:rom-reference,CHARACTER,CHARACTER_ENTITY_REFERENCE,m345_tortamon,YDIJ decoded character runtime manifest,R:\NEXUS LINK\原作\CLAUDE_CODE_YDIJ_HANDOFF\02_CHARACTER_ART_STRUCTURE\digimon_runtime_manifest.json,DECODED_REFERENCE,RAW_ENTITY_M345_TORTAMON,NDS_2D,PIXIJS_2D,NEEDS_REBUILD,ORIGINAL_REPLACEMENT_REQUIRED,VERIFIED_CROSSCHECK,ROM_COPYRIGHTED_REFERENCE,true,,,,,,,,,REBUILD,,[],"[""NEXUS_IDENTITY_AND_RIGHTS_REPLACEMENT_REQUIRED""]","digimon; 8 gameplay files per entity contract (Main/Sub x NANR, graphics, NCER, NCLR). Rendered sheets are research-only; do not copy identity pixels into shipping art."
art:character:m346-numemon:rom-reference,CHARACTER,CHARACTER_ENTITY_REFERENCE,m346_numemon,YDIJ decoded character runtime manifest,R:\NEXUS LINK\原作\CLAUDE_CODE_YDIJ_HANDOFF\02_CHARACTER_ART_STRUCTURE\digimon_runtime_manifest.json,DECODED_REFERENCE,RAW_ENTITY_M346_NUMEMON,NDS_2D,PIXIJS_2D,NEEDS_REBUILD,ORIGINAL_REPLACEMENT_REQUIRED,VERIFIED_CROSSCHECK,ROM_COPYRIGHTED_REFERENCE,true,,,,,,,,,REBUILD,,[],"[""NEXUS_IDENTITY_AND_RIGHTS_REPLACEMENT_REQUIRED""]","digimon; 8 gameplay files per entity contract (Main/Sub x NANR, graphics, NCER, NCLR). Rendered sheets are research-only; do not copy identity pixels into shipping art."
art:character:m347-bakemon:rom-reference,CHARACTER,CHARACTER_ENTITY_REFERENCE,m347_bakemon,YDIJ decoded character runtime manifest,R:\NEXUS LINK\原作\CLAUDE_CODE_YDIJ_HANDOFF\02_CHARACTER_ART_STRUCTURE\digimon_runtime_manifest.json,DECODED_REFERENCE,RAW_ENTITY_M347_BAKEMON,NDS_2D,PIXIJS_2D,NEEDS_REBUILD,ORIGINAL_REPLACEMENT_REQUIRED,VERIFIED_CROSSCHECK,ROM_COPYRIGHTED_REFERENCE,true,,,,,,,,,REBUILD,,[],"[""NEXUS_IDENTITY_AND_RIGHTS_REPLACEMENT_REQUIRED""]","digimon; 8 gameplay files per entity contract (Main/Sub x NANR, graphics, NCER, NCLR). Rendered sheets are research-only; do not copy identity pixels into shipping art."
art:character:m349-bardramon:rom-reference,CHARACTER,CHARACTER_ENTITY_REFERENCE,m349_bardramon,YDIJ decoded character runtime manifest,R:\NEXUS LINK\原作\CLAUDE_CODE_YDIJ_HANDOFF\02_CHARACTER_ART_STRUCTURE\digimon_runtime_manifest.json,DECODED_REFERENCE,RAW_ENTITY_M349_BARDRAMON,NDS_2D,PIXIJS_2D,NEEDS_REBUILD,ORIGINAL_REPLACEMENT_REQUIRED,VERIFIED_CROSSCHECK,ROM_COPYRIGHTED_REFERENCE,true,,,,,,,,,REBUILD,,[],"[""NEXUS_IDENTITY_AND_RIGHTS_REPLACEMENT_REQUIRED""]","digimon; 8 gameplay files per entity contract (Main/Sub x NANR, graphics, NCER, NCLR). Rendered sheets are research-only; do not copy identity pixels into shipping art."
art:character:m351-vagimon:rom-reference,CHARACTER,CHARACTER_ENTITY_REFERENCE,m351_vagimon,YDIJ decoded character runtime manifest,R:\NEXUS LINK\原作\CLAUDE_CODE_YDIJ_HANDOFF\02_CHARACTER_ART_STRUCTURE\digimon_runtime_manifest.json,DECODED_REFERENCE,RAW_ENTITY_M351_VAGIMON,NDS_2D,PIXIJS_2D,NEEDS_REBUILD,ORIGINAL_REPLACEMENT_REQUIRED,VERIFIED_CROSSCHECK,ROM_COPYRIGHTED_REFERENCE,true,,,,,,,,,REBUILD,,[],"[""NEXUS_IDENTITY_AND_RIGHTS_REPLACEMENT_REQUIRED""]","digimon; 8 gameplay files per entity contract (Main/Sub x NANR, graphics, NCER, NCLR). Rendered sheets are research-only; do not copy identity pixels into shipping art."
art:character:m352-peckmon:rom-reference,CHARACTER,CHARACTER_ENTITY_REFERENCE,m352_peckmon,YDIJ decoded character runtime manifest,R:\NEXUS LINK\原作\CLAUDE_CODE_YDIJ_HANDOFF\02_CHARACTER_ART_STRUCTURE\digimon_runtime_manifest.json,DECODED_REFERENCE,RAW_ENTITY_M352_PECKMON,NDS_2D,PIXIJS_2D,NEEDS_REBUILD,ORIGINAL_REPLACEMENT_REQUIRED,VERIFIED_CROSSCHECK,ROM_COPYRIGHTED_REFERENCE,true,,,,,,,,,REBUILD,,[],"[""NEXUS_IDENTITY_AND_RIGHTS_REPLACEMENT_REQUIRED""]","digimon; 8 gameplay files per entity contract (Main/Sub x NANR, graphics, NCER, NCLR). Rendered sheets are research-only; do not copy identity pixels into shipping art."
art:character:m353-meramon:rom-reference,CHARACTER,CHARACTER_ENTITY_REFERENCE,m353_meramon,YDIJ decoded character runtime manifest,R:\NEXUS LINK\原作\CLAUDE_CODE_YDIJ_HANDOFF\02_CHARACTER_ART_STRUCTURE\digimon_runtime_manifest.json,DECODED_REFERENCE,RAW_ENTITY_M353_MERAMON,NDS_2D,PIXIJS_2D,NEEDS_REBUILD,ORIGINAL_REPLACEMENT_REQUIRED,VERIFIED_CROSSCHECK,ROM_COPYRIGHTED_REFERENCE,true,,,,,,,,,REBUILD,,[],"[""NEXUS_IDENTITY_AND_RIGHTS_REPLACEMENT_REQUIRED""]","digimon; 8 gameplay files per entity contract (Main/Sub x NANR, graphics, NCER, NCLR). Rendered sheets are research-only; do not copy identity pixels into shipping art."
art:character:m354-mojyamon:rom-reference,CHARACTER,CHARACTER_ENTITY_REFERENCE,m354_mojyamon,YDIJ decoded character runtime manifest,R:\NEXUS LINK\原作\CLAUDE_CODE_YDIJ_HANDOFF\02_CHARACTER_ART_STRUCTURE\digimon_runtime_manifest.json,DECODED_REFERENCE,RAW_ENTITY_M354_MOJYAMON,NDS_2D,PIXIJS_2D,NEEDS_REBUILD,ORIGINAL_REPLACEMENT_REQUIRED,VERIFIED_CROSSCHECK,ROM_COPYRIGHTED_REFERENCE,true,,,,,,,,,REBUILD,,[],"[""NEXUS_IDENTITY_AND_RIGHTS_REPLACEMENT_REQUIRED""]","digimon; 8 gameplay files per entity contract (Main/Sub x NANR, graphics, NCER, NCLR). Rendered sheets are research-only; do not copy identity pixels into shipping art."
art:character:m355-monochromon:rom-reference,CHARACTER,CHARACTER_ENTITY_REFERENCE,m355_monochromon,YDIJ decoded character runtime manifest,R:\NEXUS LINK\原作\CLAUDE_CODE_YDIJ_HANDOFF\02_CHARACTER_ART_STRUCTURE\digimon_runtime_manifest.json,DECODED_REFERENCE,RAW_ENTITY_M355_MONOCHROMON,NDS_2D,PIXIJS_2D,NEEDS_REBUILD,ORIGINAL_REPLACEMENT_REQUIRED,VERIFIED_CROSSCHECK,ROM_COPYRIGHTED_REFERENCE,true,,,,,,,,,REBUILD,,[],"[""NEXUS_IDENTITY_AND_RIGHTS_REPLACEMENT_REQUIRED""]","digimon; 8 gameplay files per entity contract (Main/Sub x NANR, graphics, NCER, NCLR). Rendered sheets are research-only; do not copy identity pixels into shipping art."
art:character:m356-yukidarumon:rom-reference,CHARACTER,CHARACTER_ENTITY_REFERENCE,m356_yukidarumon,YDIJ decoded character runtime manifest,R:\NEXUS LINK\原作\CLAUDE_CODE_YDIJ_HANDOFF\02_CHARACTER_ART_STRUCTURE\digimon_runtime_manifest.json,DECODED_REFERENCE,RAW_ENTITY_M356_YUKIDARUMON,NDS_2D,PIXIJS_2D,NEEDS_REBUILD,ORIGINAL_REPLACEMENT_REQUIRED,VERIFIED_CROSSCHECK,ROM_COPYRIGHTED_REFERENCE,true,,,,,,,,,REBUILD,,[],"[""NEXUS_IDENTITY_AND_RIGHTS_REPLACEMENT_REQUIRED""]","digimon; 8 gameplay files per entity contract (Main/Sub x NANR, graphics, NCER, NCLR). Rendered sheets are research-only; do not copy identity pixels into shipping art."
art:character:m357-unimon:rom-reference,CHARACTER,CHARACTER_ENTITY_REFERENCE,m357_unimon,YDIJ decoded character runtime manifest,R:\NEXUS LINK\原作\CLAUDE_CODE_YDIJ_HANDOFF\02_CHARACTER_ART_STRUCTURE\digimon_runtime_manifest.json,DECODED_REFERENCE,RAW_ENTITY_M357_UNIMON,NDS_2D,PIXIJS_2D,NEEDS_REBUILD,ORIGINAL_REPLACEMENT_REQUIRED,VERIFIED_CROSSCHECK,ROM_COPYRIGHTED_REFERENCE,true,,,,,,,,,REBUILD,,[],"[""NEXUS_IDENTITY_AND_RIGHTS_REPLACEMENT_REQUIRED""]","digimon; 8 gameplay files per entity contract (Main/Sub x NANR, graphics, NCER, NCLR). Rendered sheets are research-only; do not copy identity pixels into shipping art."
art:character:m358-youkomon:rom-reference,CHARACTER,CHARACTER_ENTITY_REFERENCE,m358_youkomon,YDIJ decoded character runtime manifest,R:\NEXUS LINK\原作\CLAUDE_CODE_YDIJ_HANDOFF\02_CHARACTER_ART_STRUCTURE\digimon_runtime_manifest.json,DECODED_REFERENCE,RAW_ENTITY_M358_YOUKOMON,NDS_2D,PIXIJS_2D,NEEDS_REBUILD,ORIGINAL_REPLACEMENT_REQUIRED,VERIFIED_CROSSCHECK,ROM_COPYRIGHTED_REFERENCE,true,,,,,,,,,REBUILD,,[],"[""NEXUS_IDENTITY_AND_RIGHTS_REPLACEMENT_REQUIRED""]","digimon; 8 gameplay files per entity contract (Main/Sub x NANR, graphics, NCER, NCLR). Rendered sheets are research-only; do not copy identity pixels into shipping art."
art:character:m359-rynxmon:rom-reference,CHARACTER,CHARACTER_ENTITY_REFERENCE,m359_rynxmon,YDIJ decoded character runtime manifest,R:\NEXUS LINK\原作\CLAUDE_CODE_YDIJ_HANDOFF\02_CHARACTER_ART_STRUCTURE\digimon_runtime_manifest.json,DECODED_REFERENCE,RAW_ENTITY_M359_RYNXMON,NDS_2D,PIXIJS_2D,NEEDS_REBUILD,ORIGINAL_REPLACEMENT_REQUIRED,VERIFIED_CROSSCHECK,ROM_COPYRIGHTED_REFERENCE,true,,,,,,,,,REBUILD,,[],"[""NEXUS_IDENTITY_AND_RIGHTS_REPLACEMENT_REQUIRED""]","digimon; 8 gameplay files per entity contract (Main/Sub x NANR, graphics, NCER, NCLR). Rendered sheets are research-only; do not copy identity pixels into shipping art."
art:character:m362-raremon:rom-reference,CHARACTER,CHARACTER_ENTITY_REFERENCE,m362_raremon,YDIJ decoded character runtime manifest,R:\NEXUS LINK\原作\CLAUDE_CODE_YDIJ_HANDOFF\02_CHARACTER_ART_STRUCTURE\digimon_runtime_manifest.json,DECODED_REFERENCE,RAW_ENTITY_M362_RAREMON,NDS_2D,PIXIJS_2D,NEEDS_REBUILD,ORIGINAL_REPLACEMENT_REQUIRED,VERIFIED_CROSSCHECK,ROM_COPYRIGHTED_REFERENCE,true,,,,,,,,,REBUILD,,[],"[""NEXUS_IDENTITY_AND_RIGHTS_REPLACEMENT_REQUIRED""]","digimon; 8 gameplay files per entity contract (Main/Sub x NANR, graphics, NCER, NCLR). Rendered sheets are research-only; do not copy identity pixels into shipping art."
art:character:m363-leomon:rom-reference,CHARACTER,CHARACTER_ENTITY_REFERENCE,m363_leomon,YDIJ decoded character runtime manifest,R:\NEXUS LINK\原作\CLAUDE_CODE_YDIJ_HANDOFF\02_CHARACTER_ART_STRUCTURE\digimon_runtime_manifest.json,DECODED_REFERENCE,RAW_ENTITY_M363_LEOMON,NDS_2D,PIXIJS_2D,NEEDS_REBUILD,ORIGINAL_REPLACEMENT_REQUIRED,VERIFIED_CROSSCHECK,ROM_COPYRIGHTED_REFERENCE,true,,,,,,,,,REBUILD,,[],"[""NEXUS_IDENTITY_AND_RIGHTS_REPLACEMENT_REQUIRED""]","digimon; 8 gameplay files per entity contract (Main/Sub x NANR, graphics, NCER, NCLR). Rendered sheets are research-only; do not copy identity pixels into shipping art."
art:character:m364-redvagimon:rom-reference,CHARACTER,CHARACTER_ENTITY_REFERENCE,m364_redvagimon,YDIJ decoded character runtime manifest,R:\NEXUS LINK\原作\CLAUDE_CODE_YDIJ_HANDOFF\02_CHARACTER_ART_STRUCTURE\digimon_runtime_manifest.json,DECODED_REFERENCE,RAW_ENTITY_M364_REDVAGIMON,NDS_2D,PIXIJS_2D,NEEDS_REBUILD,ORIGINAL_REPLACEMENT_REQUIRED,VERIFIED_CROSSCHECK,ROM_COPYRIGHTED_REFERENCE,true,,,,,,,,,REBUILD,,[],"[""NEXUS_IDENTITY_AND_RIGHTS_REPLACEMENT_REQUIRED""]","digimon; 8 gameplay files per entity contract (Main/Sub x NANR, graphics, NCER, NCLR). Rendered sheets are research-only; do not copy identity pixels into shipping art."
art:character:m366-coredramon-ten:rom-reference,CHARACTER,CHARACTER_ENTITY_REFERENCE,m366_coredramon_ten,YDIJ decoded character runtime manifest,R:\NEXUS LINK\原作\CLAUDE_CODE_YDIJ_HANDOFF\02_CHARACTER_ART_STRUCTURE\digimon_runtime_manifest.json,DECODED_REFERENCE,RAW_ENTITY_M366_COREDRAMON_TEN,NDS_2D,PIXIJS_2D,NEEDS_REBUILD,ORIGINAL_REPLACEMENT_REQUIRED,VERIFIED_CROSSCHECK,ROM_COPYRIGHTED_REFERENCE,true,,,,,,,,,REBUILD,,[],"[""NEXUS_IDENTITY_AND_RIGHTS_REPLACEMENT_REQUIRED""]","digimon; 8 gameplay files per entity contract (Main/Sub x NANR, graphics, NCER, NCLR). Rendered sheets are research-only; do not copy identity pixels into shipping art."
art:character:m367-coredramon-ti:rom-reference,CHARACTER,CHARACTER_ENTITY_REFERENCE,m367_coredramon_ti,YDIJ decoded character runtime manifest,R:\NEXUS LINK\原作\CLAUDE_CODE_YDIJ_HANDOFF\02_CHARACTER_ART_STRUCTURE\digimon_runtime_manifest.json,DECODED_REFERENCE,RAW_ENTITY_M367_COREDRAMON_TI,NDS_2D,PIXIJS_2D,NEEDS_REBUILD,ORIGINAL_REPLACEMENT_REQUIRED,VERIFIED_CROSSCHECK,ROM_COPYRIGHTED_REFERENCE,true,,,,,,,,,REBUILD,,[],"[""NEXUS_IDENTITY_AND_RIGHTS_REPLACEMENT_REQUIRED""]","digimon; 8 gameplay files per entity contract (Main/Sub x NANR, graphics, NCER, NCLR). Rendered sheets are research-only; do not copy identity pixels into shipping art."
art:character:m368-firamon:rom-reference,CHARACTER,CHARACTER_ENTITY_REFERENCE,m368_firamon,YDIJ decoded character runtime manifest,R:\NEXUS LINK\原作\CLAUDE_CODE_YDIJ_HANDOFF\02_CHARACTER_ART_STRUCTURE\digimon_runtime_manifest.json,DECODED_REFERENCE,RAW_ENTITY_M368_FIRAMON,NDS_2D,PIXIJS_2D,NEEDS_REBUILD,ORIGINAL_REPLACEMENT_REQUIRED,VERIFIED_CROSSCHECK,ROM_COPYRIGHTED_REFERENCE,true,,,,,,,,,REBUILD,,[],"[""NEXUS_IDENTITY_AND_RIGHTS_REPLACEMENT_REQUIRED""]","digimon; 8 gameplay files per entity contract (Main/Sub x NANR, graphics, NCER, NCLR). Rendered sheets are research-only; do not copy identity pixels into shipping art."
art:character:m369-lekismon:rom-reference,CHARACTER,CHARACTER_ENTITY_REFERENCE,m369_lekismon,YDIJ decoded character runtime manifest,R:\NEXUS LINK\原作\CLAUDE_CODE_YDIJ_HANDOFF\02_CHARACTER_ART_STRUCTURE\digimon_runtime_manifest.json,DECODED_REFERENCE,RAW_ENTITY_M369_LEKISMON,NDS_2D,PIXIJS_2D,NEEDS_REBUILD,ORIGINAL_REPLACEMENT_REQUIRED,VERIFIED_CROSSCHECK,ROM_COPYRIGHTED_REFERENCE,true,,,,,,,,,REBUILD,,[],"[""NEXUS_IDENTITY_AND_RIGHTS_REPLACEMENT_REQUIRED""]","digimon; 8 gameplay files per entity contract (Main/Sub x NANR, graphics, NCER, NCLR). Rendered sheets are research-only; do not copy identity pixels into shipping art."
art:character:m370-icedevimon:rom-reference,CHARACTER,CHARACTER_ENTITY_REFERENCE,m370_icedevimon,YDIJ decoded character runtime manifest,R:\NEXUS LINK\原作\CLAUDE_CODE_YDIJ_HANDOFF\02_CHARACTER_ART_STRUCTURE\digimon_runtime_manifest.json,DECODED_REFERENCE,RAW_ENTITY_M370_ICEDEVIMON,NDS_2D,PIXIJS_2D,NEEDS_REBUILD,ORIGINAL_REPLACEMENT_REQUIRED,VERIFIED_CROSSCHECK,ROM_COPYRIGHTED_REFERENCE,true,,,,,,,,,REBUILD,,[],"[""NEXUS_IDENTITY_AND_RIGHTS_REPLACEMENT_REQUIRED""]","digimon; 8 gameplay files per entity contract (Main/Sub x NANR, graphics, NCER, NCLR). Rendered sheets are research-only; do not copy identity pixels into shipping art."
art:character:m371-grurumon:rom-reference,CHARACTER,CHARACTER_ENTITY_REFERENCE,m371_grurumon,YDIJ decoded character runtime manifest,R:\NEXUS LINK\原作\CLAUDE_CODE_YDIJ_HANDOFF\02_CHARACTER_ART_STRUCTURE\digimon_runtime_manifest.json,DECODED_REFERENCE,RAW_ENTITY_M371_GRURUMON,NDS_2D,PIXIJS_2D,NEEDS_REBUILD,ORIGINAL_REPLACEMENT_REQUIRED,VERIFIED_CROSSCHECK,ROM_COPYRIGHTED_REFERENCE,true,,,,,,,,,REBUILD,,[],"[""NEXUS_IDENTITY_AND_RIGHTS_REPLACEMENT_REQUIRED""]","digimon; 8 gameplay files per entity contract (Main/Sub x NANR, graphics, NCER, NCLR). Rendered sheets are research-only; do not copy identity pixels into shipping art."
art:character:m372-geremon:rom-reference,CHARACTER,CHARACTER_ENTITY_REFERENCE,m372_geremon,YDIJ decoded character runtime manifest,R:\NEXUS LINK\原作\CLAUDE_CODE_YDIJ_HANDOFF\02_CHARACTER_ART_STRUCTURE\digimon_runtime_manifest.json,DECODED_REFERENCE,RAW_ENTITY_M372_GEREMON,NDS_2D,PIXIJS_2D,NEEDS_REBUILD,ORIGINAL_REPLACEMENT_REQUIRED,VERIFIED_CROSSCHECK,ROM_COPYRIGHTED_REFERENCE,true,,,,,,,,,REBUILD,,[],"[""NEXUS_IDENTITY_AND_RIGHTS_REPLACEMENT_REQUIRED""]","digimon; 8 gameplay files per entity contract (Main/Sub x NANR, graphics, NCER, NCLR). Rendered sheets are research-only; do not copy identity pixels into shipping art."
art:character:m373-bluemeramon:rom-reference,CHARACTER,CHARACTER_ENTITY_REFERENCE,m373_bluemeramon,YDIJ decoded character runtime manifest,R:\NEXUS LINK\原作\CLAUDE_CODE_YDIJ_HANDOFF\02_CHARACTER_ART_STRUCTURE\digimon_runtime_manifest.json,DECODED_REFERENCE,RAW_ENTITY_M373_BLUEMERAMON,NDS_2D,PIXIJS_2D,NEEDS_REBUILD,ORIGINAL_REPLACEMENT_REQUIRED,VERIFIED_CROSSCHECK,ROM_COPYRIGHTED_REFERENCE,true,,,,,,,,,REBUILD,,[],"[""NEXUS_IDENTITY_AND_RIGHTS_REPLACEMENT_REQUIRED""]","digimon; 8 gameplay files per entity contract (Main/Sub x NANR, graphics, NCER, NCLR). Rendered sheets are research-only; do not copy identity pixels into shipping art."
art:character:m374-sorcerimon:rom-reference,CHARACTER,CHARACTER_ENTITY_REFERENCE,m374_sorcerimon,YDIJ decoded character runtime manifest,R:\NEXUS LINK\原作\CLAUDE_CODE_YDIJ_HANDOFF\02_CHARACTER_ART_STRUCTURE\digimon_runtime_manifest.json,DECODED_REFERENCE,RAW_ENTITY_M374_SORCERIMON,NDS_2D,PIXIJS_2D,NEEDS_REBUILD,ORIGINAL_REPLACEMENT_REQUIRED,VERIFIED_CROSSCHECK,ROM_COPYRIGHTED_REFERENCE,true,,,,,,,,,REBUILD,,[],"[""NEXUS_IDENTITY_AND_RIGHTS_REPLACEMENT_REQUIRED""]","digimon; 8 gameplay files per entity contract (Main/Sub x NANR, graphics, NCER, NCLR). Rendered sheets are research-only; do not copy identity pixels into shipping art."
art:character:m375-akatorimon:rom-reference,CHARACTER,CHARACTER_ENTITY_REFERENCE,m375_akatorimon,YDIJ decoded character runtime manifest,R:\NEXUS LINK\原作\CLAUDE_CODE_YDIJ_HANDOFF\02_CHARACTER_ART_STRUCTURE\digimon_runtime_manifest.json,DECODED_REFERENCE,RAW_ENTITY_M375_AKATORIMON,NDS_2D,PIXIJS_2D,NEEDS_REBUILD,ORIGINAL_REPLACEMENT_REQUIRED,VERIFIED_CROSSCHECK,ROM_COPYRIGHTED_REFERENCE,true,,,,,,,,,REBUILD,,[],"[""NEXUS_IDENTITY_AND_RIGHTS_REPLACEMENT_REQUIRED""]","digimon; 8 gameplay files per entity contract (Main/Sub x NANR, graphics, NCER, NCLR). Rendered sheets are research-only; do not copy identity pixels into shipping art."
art:character:m376-saverdramon:rom-reference,CHARACTER,CHARACTER_ENTITY_REFERENCE,m376_saverdramon,YDIJ decoded character runtime manifest,R:\NEXUS LINK\原作\CLAUDE_CODE_YDIJ_HANDOFF\02_CHARACTER_ART_STRUCTURE\digimon_runtime_manifest.json,DECODED_REFERENCE,RAW_ENTITY_M376_SAVERDRAMON,NDS_2D,PIXIJS_2D,NEEDS_REBUILD,ORIGINAL_REPLACEMENT_REQUIRED,VERIFIED_CROSSCHECK,ROM_COPYRIGHTED_REFERENCE,true,,,,,,,,,REBUILD,,[],"[""NEXUS_IDENTITY_AND_RIGHTS_REPLACEMENT_REQUIRED""]","digimon; 8 gameplay files per entity contract (Main/Sub x NANR, graphics, NCER, NCLR). Rendered sheets are research-only; do not copy identity pixels into shipping art."
art:character:m377-icemon:rom-reference,CHARACTER,CHARACTER_ENTITY_REFERENCE,m377_icemon,YDIJ decoded character runtime manifest,R:\NEXUS LINK\原作\CLAUDE_CODE_YDIJ_HANDOFF\02_CHARACTER_ART_STRUCTURE\digimon_runtime_manifest.json,DECODED_REFERENCE,RAW_ENTITY_M377_ICEMON,NDS_2D,PIXIJS_2D,NEEDS_REBUILD,ORIGINAL_REPLACEMENT_REQUIRED,VERIFIED_CROSSCHECK,ROM_COPYRIGHTED_REFERENCE,true,,,,,,,,,REBUILD,,[],"[""NEXUS_IDENTITY_AND_RIGHTS_REPLACEMENT_REQUIRED""]","digimon; 8 gameplay files per entity contract (Main/Sub x NANR, graphics, NCER, NCLR). Rendered sheets are research-only; do not copy identity pixels into shipping art."
art:character:m378-vdramon:rom-reference,CHARACTER,CHARACTER_ENTITY_REFERENCE,m378_vdramon,YDIJ decoded character runtime manifest,R:\NEXUS LINK\原作\CLAUDE_CODE_YDIJ_HANDOFF\02_CHARACTER_ART_STRUCTURE\digimon_runtime_manifest.json,DECODED_REFERENCE,RAW_ENTITY_M378_VDRAMON,NDS_2D,PIXIJS_2D,NEEDS_REBUILD,ORIGINAL_REPLACEMENT_REQUIRED,VERIFIED_CROSSCHECK,ROM_COPYRIGHTED_REFERENCE,true,,,,,,,,,REBUILD,,[],"[""NEXUS_IDENTITY_AND_RIGHTS_REPLACEMENT_REQUIRED""]","digimon; 8 gameplay files per entity contract (Main/Sub x NANR, graphics, NCER, NCLR). Rendered sheets are research-only; do not copy identity pixels into shipping art."
art:character:m379-growmon:rom-reference,CHARACTER,CHARACTER_ENTITY_REFERENCE,m379_growmon,YDIJ decoded character runtime manifest,R:\NEXUS LINK\原作\CLAUDE_CODE_YDIJ_HANDOFF\02_CHARACTER_ART_STRUCTURE\digimon_runtime_manifest.json,DECODED_REFERENCE,RAW_ENTITY_M379_GROWMON,NDS_2D,PIXIJS_2D,NEEDS_REBUILD,ORIGINAL_REPLACEMENT_REQUIRED,VERIFIED_CROSSCHECK,ROM_COPYRIGHTED_REFERENCE,true,,,,,,,,,REBUILD,,[],"[""NEXUS_IDENTITY_AND_RIGHTS_REPLACEMENT_REQUIRED""]","digimon; 8 gameplay files per entity contract (Main/Sub x NANR, graphics, NCER, NCLR). Rendered sheets are research-only; do not copy identity pixels into shipping art."
art:character:m401-atlurkabuterimon:rom-reference,CHARACTER,CHARACTER_ENTITY_REFERENCE,m401_atlurkabuterimon,YDIJ decoded character runtime manifest,R:\NEXUS LINK\原作\CLAUDE_CODE_YDIJ_HANDOFF\02_CHARACTER_ART_STRUCTURE\digimon_runtime_manifest.json,DECODED_REFERENCE,RAW_ENTITY_M401_ATLURKABUTERIMON,NDS_2D,PIXIJS_2D,NEEDS_REBUILD,ORIGINAL_REPLACEMENT_REQUIRED,VERIFIED_CROSSCHECK,ROM_COPYRIGHTED_REFERENCE,true,,,,,,,,,REBUILD,,[],"[""NEXUS_IDENTITY_AND_RIGHTS_REPLACEMENT_REQUIRED""]","digimon; 8 gameplay files per entity contract (Main/Sub x NANR, graphics, NCER, NCLR). Rendered sheets are research-only; do not copy identity pixels into shipping art."
art:character:m402-anomalocarimon:rom-reference,CHARACTER,CHARACTER_ENTITY_REFERENCE,m402_anomalocarimon,YDIJ decoded character runtime manifest,R:\NEXUS LINK\原作\CLAUDE_CODE_YDIJ_HANDOFF\02_CHARACTER_ART_STRUCTURE\digimon_runtime_manifest.json,DECODED_REFERENCE,RAW_ENTITY_M402_ANOMALOCARIMON,NDS_2D,PIXIJS_2D,NEEDS_REBUILD,ORIGINAL_REPLACEMENT_REQUIRED,VERIFIED_CROSSCHECK,ROM_COPYRIGHTED_REFERENCE,true,,,,,,,,,REBUILD,,[],"[""NEXUS_IDENTITY_AND_RIGHTS_REPLACEMENT_REQUIRED""]","digimon; 8 gameplay files per entity contract (Main/Sub x NANR, graphics, NCER, NCLR). Rendered sheets are research-only; do not copy identity pixels into shipping art."
art:character:m403-andromon:rom-reference,CHARACTER,CHARACTER_ENTITY_REFERENCE,m403_andromon,YDIJ decoded character runtime manifest,R:\NEXUS LINK\原作\CLAUDE_CODE_YDIJ_HANDOFF\02_CHARACTER_ART_STRUCTURE\digimon_runtime_manifest.json,DECODED_REFERENCE,RAW_ENTITY_M403_ANDROMON,NDS_2D,PIXIJS_2D,NEEDS_REBUILD,ORIGINAL_REPLACEMENT_REQUIRED,VERIFIED_CROSSCHECK,ROM_COPYRIGHTED_REFERENCE,true,,,,,,,,,REBUILD,,[],"[""NEXUS_IDENTITY_AND_RIGHTS_REPLACEMENT_REQUIRED""]","digimon; 8 gameplay files per entity contract (Main/Sub x NANR, graphics, NCER, NCLR). Rendered sheets are research-only; do not copy identity pixels into shipping art."
art:character:m404-etemon:rom-reference,CHARACTER,CHARACTER_ENTITY_REFERENCE,m404_etemon,YDIJ decoded character runtime manifest,R:\NEXUS LINK\原作\CLAUDE_CODE_YDIJ_HANDOFF\02_CHARACTER_ART_STRUCTURE\digimon_runtime_manifest.json,DECODED_REFERENCE,RAW_ENTITY_M404_ETEMON,NDS_2D,PIXIJS_2D,NEEDS_REBUILD,ORIGINAL_REPLACEMENT_REQUIRED,VERIFIED_CROSSCHECK,ROM_COPYRIGHTED_REFERENCE,true,,,,,,,,,REBUILD,,[],"[""NEXUS_IDENTITY_AND_RIGHTS_REPLACEMENT_REQUIRED""]","digimon; 8 gameplay files per entity contract (Main/Sub x NANR, graphics, NCER, NCLR). Rendered sheets are research-only; do not copy identity pixels into shipping art."
art:character:m405-angewomon:rom-reference,CHARACTER,CHARACTER_ENTITY_REFERENCE,m405_angewomon,YDIJ decoded character runtime manifest,R:\NEXUS LINK\原作\CLAUDE_CODE_YDIJ_HANDOFF\02_CHARACTER_ART_STRUCTURE\digimon_runtime_manifest.json,DECODED_REFERENCE,RAW_ENTITY_M405_ANGEWOMON,NDS_2D,PIXIJS_2D,NEEDS_REBUILD,ORIGINAL_REPLACEMENT_REQUIRED,VERIFIED_CROSSCHECK,ROM_COPYRIGHTED_REFERENCE,true,,,,,,,,,REBUILD,,[],"[""NEXUS_IDENTITY_AND_RIGHTS_REPLACEMENT_REQUIRED""]","digimon; 8 gameplay files per entity contract (Main/Sub x NANR, graphics, NCER, NCLR). Rendered sheets are research-only; do not copy identity pixels into shipping art."
art:character:m406-oukuwamon:rom-reference,CHARACTER,CHARACTER_ENTITY_REFERENCE,m406_oukuwamon,YDIJ decoded character runtime manifest,R:\NEXUS LINK\原作\CLAUDE_CODE_YDIJ_HANDOFF\02_CHARACTER_ART_STRUCTURE\digimon_runtime_manifest.json,DECODED_REFERENCE,RAW_ENTITY_M406_OUKUWAMON,NDS_2D,PIXIJS_2D,NEEDS_REBUILD,ORIGINAL_REPLACEMENT_REQUIRED,VERIFIED_CROSSCHECK,ROM_COPYRIGHTED_REFERENCE,true,,,,,,,,,REBUILD,,[],"[""NEXUS_IDENTITY_AND_RIGHTS_REPLACEMENT_REQUIRED""]","digimon; 8 gameplay files per entity contract (Main/Sub x NANR, graphics, NCER, NCLR). Rendered sheets are research-only; do not copy identity pixels into shipping art."
art:character:m407-gurudamon:rom-reference,CHARACTER,CHARACTER_ENTITY_REFERENCE,m407_gurudamon,YDIJ decoded character runtime manifest,R:\NEXUS LINK\原作\CLAUDE_CODE_YDIJ_HANDOFF\02_CHARACTER_ART_STRUCTURE\digimon_runtime_manifest.json,DECODED_REFERENCE,RAW_ENTITY_M407_GURUDAMON,NDS_2D,PIXIJS_2D,NEEDS_REBUILD,ORIGINAL_REPLACEMENT_REQUIRED,VERIFIED_CROSSCHECK,ROM_COPYRIGHTED_REFERENCE,true,,,,,,,,,REBUILD,,[],"[""NEXUS_IDENTITY_AND_RIGHTS_REPLACEMENT_REQUIRED""]","digimon; 8 gameplay files per entity contract (Main/Sub x NANR, graphics, NCER, NCLR). Rendered sheets are research-only; do not copy identity pixels into shipping art."
art:character:m408-gerbemon:rom-reference,CHARACTER,CHARACTER_ENTITY_REFERENCE,m408_gerbemon,YDIJ decoded character runtime manifest,R:\NEXUS LINK\原作\CLAUDE_CODE_YDIJ_HANDOFF\02_CHARACTER_ART_STRUCTURE\digimon_runtime_manifest.json,DECODED_REFERENCE,RAW_ENTITY_M408_GERBEMON,NDS_2D,PIXIJS_2D,NEEDS_REBUILD,ORIGINAL_REPLACEMENT_REQUIRED,VERIFIED_CROSSCHECK,ROM_COPYRIGHTED_REFERENCE,true,,,,,,,,,REBUILD,,[],"[""NEXUS_IDENTITY_AND_RIGHTS_REPLACEMENT_REQUIRED""]","digimon; 8 gameplay files per entity contract (Main/Sub x NANR, graphics, NCER, NCLR). Rendered sheets are research-only; do not copy identity pixels into shipping art."
art:character:m410-cyberdramon:rom-reference,CHARACTER,CHARACTER_ENTITY_REFERENCE,m410_cyberdramon,YDIJ decoded character runtime manifest,R:\NEXUS LINK\原作\CLAUDE_CODE_YDIJ_HANDOFF\02_CHARACTER_ART_STRUCTURE\digimon_runtime_manifest.json,DECODED_REFERENCE,RAW_ENTITY_M410_CYBERDRAMON,NDS_2D,PIXIJS_2D,NEEDS_REBUILD,ORIGINAL_REPLACEMENT_REQUIRED,VERIFIED_CROSSCHECK,ROM_COPYRIGHTED_REFERENCE,true,,,,,,,,,REBUILD,,[],"[""NEXUS_IDENTITY_AND_RIGHTS_REPLACEMENT_REQUIRED""]","digimon; 8 gameplay files per entity contract (Main/Sub x NANR, graphics, NCER, NCLR). Rendered sheets are research-only; do not copy identity pixels into shipping art."
art:character:m412-jyureimon:rom-reference,CHARACTER,CHARACTER_ENTITY_REFERENCE,m412_jyureimon,YDIJ decoded character runtime manifest,R:\NEXUS LINK\原作\CLAUDE_CODE_YDIJ_HANDOFF\02_CHARACTER_ART_STRUCTURE\digimon_runtime_manifest.json,DECODED_REFERENCE,RAW_ENTITY_M412_JYUREIMON,NDS_2D,PIXIJS_2D,NEEDS_REBUILD,ORIGINAL_REPLACEMENT_REQUIRED,VERIFIED_CROSSCHECK,ROM_COPYRIGHTED_REFERENCE,true,,,,,,,,,REBUILD,,[],"[""NEXUS_IDENTITY_AND_RIGHTS_REPLACEMENT_REQUIRED""]","digimon; 8 gameplay files per entity contract (Main/Sub x NANR, graphics, NCER, NCLR). Rendered sheets are research-only; do not copy identity pixels into shipping art."
art:character:m413-skullgreymon:rom-reference,CHARACTER,CHARACTER_ENTITY_REFERENCE,m413_skullgreymon,YDIJ decoded character runtime manifest,R:\NEXUS LINK\原作\CLAUDE_CODE_YDIJ_HANDOFF\02_CHARACTER_ART_STRUCTURE\digimon_runtime_manifest.json,DECODED_REFERENCE,RAW_ENTITY_M413_SKULLGREYMON,NDS_2D,PIXIJS_2D,NEEDS_REBUILD,ORIGINAL_REPLACEMENT_REQUIRED,VERIFIED_CROSSCHECK,ROM_COPYRIGHTED_REFERENCE,true,,,,,,,,,REBUILD,,[],"[""NEXUS_IDENTITY_AND_RIGHTS_REPLACEMENT_REQUIRED""]","digimon; 8 gameplay files per entity contract (Main/Sub x NANR, graphics, NCER, NCLR). Rendered sheets are research-only; do not copy identity pixels into shipping art."
art:character:m414-zudomon:rom-reference,CHARACTER,CHARACTER_ENTITY_REFERENCE,m414_zudomon,YDIJ decoded character runtime manifest,R:\NEXUS LINK\原作\CLAUDE_CODE_YDIJ_HANDOFF\02_CHARACTER_ART_STRUCTURE\digimon_runtime_manifest.json,DECODED_REFERENCE,RAW_ENTITY_M414_ZUDOMON,NDS_2D,PIXIJS_2D,NEEDS_REBUILD,ORIGINAL_REPLACEMENT_REQUIRED,VERIFIED_CROSSCHECK,ROM_COPYRIGHTED_REFERENCE,true,,,,,,,,,REBUILD,,[],"[""NEXUS_IDENTITY_AND_RIGHTS_REPLACEMENT_REQUIRED""]","digimon; 8 gameplay files per entity contract (Main/Sub x NANR, graphics, NCER, NCLR). Rendered sheets are research-only; do not copy identity pixels into shipping art."
art:character:m415-dagomon:rom-reference,CHARACTER,CHARACTER_ENTITY_REFERENCE,m415_dagomon,YDIJ decoded character runtime manifest,R:\NEXUS LINK\原作\CLAUDE_CODE_YDIJ_HANDOFF\02_CHARACTER_ART_STRUCTURE\digimon_runtime_manifest.json,DECODED_REFERENCE,RAW_ENTITY_M415_DAGOMON,NDS_2D,PIXIJS_2D,NEEDS_REBUILD,ORIGINAL_REPLACEMENT_REQUIRED,VERIFIED_CROSSCHECK,ROM_COPYRIGHTED_REFERENCE,true,,,,,,,,,REBUILD,,[],"[""NEXUS_IDENTITY_AND_RIGHTS_REPLACEMENT_REQUIRED""]","digimon; 8 gameplay files per entity contract (Main/Sub x NANR, graphics, NCER, NCLR). Rendered sheets are research-only; do not copy identity pixels into shipping art."
art:character:m416-deathmeramon:rom-reference,CHARACTER,CHARACTER_ENTITY_REFERENCE,m416_deathmeramon,YDIJ decoded character runtime manifest,R:\NEXUS LINK\原作\CLAUDE_CODE_YDIJ_HANDOFF\02_CHARACTER_ART_STRUCTURE\digimon_runtime_manifest.json,DECODED_REFERENCE,RAW_ENTITY_M416_DEATHMERAMON,NDS_2D,PIXIJS_2D,NEEDS_REBUILD,ORIGINAL_REPLACEMENT_REQUIRED,VERIFIED_CROSSCHECK,ROM_COPYRIGHTED_REFERENCE,true,,,,,,,,,REBUILD,,[],"[""NEXUS_IDENTITY_AND_RIGHTS_REPLACEMENT_REQUIRED""]","digimon; 8 gameplay files per entity contract (Main/Sub x NANR, graphics, NCER, NCLR). Rendered sheets are research-only; do not copy identity pixels into shipping art."
art:character:m417-delumon:rom-reference,CHARACTER,CHARACTER_ENTITY_REFERENCE,m417_delumon,YDIJ decoded character runtime manifest,R:\NEXUS LINK\原作\CLAUDE_CODE_YDIJ_HANDOFF\02_CHARACTER_ART_STRUCTURE\digimon_runtime_manifest.json,DECODED_REFERENCE,RAW_ENTITY_M417_DELUMON,NDS_2D,PIXIJS_2D,NEEDS_REBUILD,ORIGINAL_REPLACEMENT_REQUIRED,VERIFIED_CROSSCHECK,ROM_COPYRIGHTED_REFERENCE,true,,,,,,,,,REBUILD,,[],"[""NEXUS_IDENTITY_AND_RIGHTS_REPLACEMENT_REQUIRED""]","digimon; 8 gameplay files per entity contract (Main/Sub x NANR, graphics, NCER, NCLR). Rendered sheets are research-only; do not copy identity pixels into shipping art."
art:character:m418-tonosamagekomon:rom-reference,CHARACTER,CHARACTER_ENTITY_REFERENCE,m418_tonosamagekomon,YDIJ decoded character runtime manifest,R:\NEXUS LINK\原作\CLAUDE_CODE_YDIJ_HANDOFF\02_CHARACTER_ART_STRUCTURE\digimon_runtime_manifest.json,DECODED_REFERENCE,RAW_ENTITY_M418_TONOSAMAGEKOMON,NDS_2D,PIXIJS_2D,NEEDS_REBUILD,ORIGINAL_REPLACEMENT_REQUIRED,VERIFIED_CROSSCHECK,ROM_COPYRIGHTED_REFERENCE,true,,,,,,,,,REBUILD,,[],"[""NEXUS_IDENTITY_AND_RIGHTS_REPLACEMENT_REQUIRED""]","digimon; 8 gameplay files per entity contract (Main/Sub x NANR, graphics, NCER, NCLR). Rendered sheets are research-only; do not copy identity pixels into shipping art."
art:character:m419-toriceramon:rom-reference,CHARACTER,CHARACTER_ENTITY_REFERENCE,m419_toriceramon,YDIJ decoded character runtime manifest,R:\NEXUS LINK\原作\CLAUDE_CODE_YDIJ_HANDOFF\02_CHARACTER_ART_STRUCTURE\digimon_runtime_manifest.json,DECODED_REFERENCE,RAW_ENTITY_M419_TORICERAMON,NDS_2D,PIXIJS_2D,NEEDS_REBUILD,ORIGINAL_REPLACEMENT_REQUIRED,VERIFIED_CROSSCHECK,ROM_COPYRIGHTED_REFERENCE,true,,,,,,,,,REBUILD,,[],"[""NEXUS_IDENTITY_AND_RIGHTS_REPLACEMENT_REQUIRED""]","digimon; 8 gameplay files per entity contract (Main/Sub x NANR, graphics, NCER, NCLR). Rendered sheets are research-only; do not copy identity pixels into shipping art."
art:character:m420-knightmon:rom-reference,CHARACTER,CHARACTER_ENTITY_REFERENCE,m420_knightmon,YDIJ decoded character runtime manifest,R:\NEXUS LINK\原作\CLAUDE_CODE_YDIJ_HANDOFF\02_CHARACTER_ART_STRUCTURE\digimon_runtime_manifest.json,DECODED_REFERENCE,RAW_ENTITY_M420_KNIGHTMON,NDS_2D,PIXIJS_2D,NEEDS_REBUILD,ORIGINAL_REPLACEMENT_REQUIRED,VERIFIED_CROSSCHECK,ROM_COPYRIGHTED_REFERENCE,true,,,,,,,,,REBUILD,,[],"[""NEXUS_IDENTITY_AND_RIGHTS_REPLACEMENT_REQUIRED""]","digimon; 8 gameplay files per entity contract (Main/Sub x NANR, graphics, NCER, NCLR). Rendered sheets are research-only; do not copy identity pixels into shipping art."
art:character:m422-parrotmon:rom-reference,CHARACTER,CHARACTER_ENTITY_REFERENCE,m422_parrotmon,YDIJ decoded character runtime manifest,R:\NEXUS LINK\原作\CLAUDE_CODE_YDIJ_HANDOFF\02_CHARACTER_ART_STRUCTURE\digimon_runtime_manifest.json,DECODED_REFERENCE,RAW_ENTITY_M422_PARROTMON,NDS_2D,PIXIJS_2D,NEEDS_REBUILD,ORIGINAL_REPLACEMENT_REQUIRED,VERIFIED_CROSSCHECK,ROM_COPYRIGHTED_REFERENCE,true,,,,,,,,,REBUILD,,[],"[""NEXUS_IDENTITY_AND_RIGHTS_REPLACEMENT_REQUIRED""]","digimon; 8 gameplay files per entity contract (Main/Sub x NANR, graphics, NCER, NCLR). Rendered sheets are research-only; do not copy identity pixels into shipping art."
art:character:m423-hangyomon:rom-reference,CHARACTER,CHARACTER_ENTITY_REFERENCE,m423_hangyomon,YDIJ decoded character runtime manifest,R:\NEXUS LINK\原作\CLAUDE_CODE_YDIJ_HANDOFF\02_CHARACTER_ART_STRUCTURE\digimon_runtime_manifest.json,DECODED_REFERENCE,RAW_ENTITY_M423_HANGYOMON,NDS_2D,PIXIJS_2D,NEEDS_REBUILD,ORIGINAL_REPLACEMENT_REQUIRED,VERIFIED_CROSSCHECK,ROM_COPYRIGHTED_REFERENCE,true,,,,,,,,,REBUILD,,[],"[""NEXUS_IDENTITY_AND_RIGHTS_REPLACEMENT_REQUIRED""]","digimon; 8 gameplay files per entity contract (Main/Sub x NANR, graphics, NCER, NCLR). Rendered sheets are research-only; do not copy identity pixels into shipping art."
art:character:m424-pandamon:rom-reference,CHARACTER,CHARACTER_ENTITY_REFERENCE,m424_pandamon,YDIJ decoded character runtime manifest,R:\NEXUS LINK\原作\CLAUDE_CODE_YDIJ_HANDOFF\02_CHARACTER_ART_STRUCTURE\digimon_runtime_manifest.json,DECODED_REFERENCE,RAW_ENTITY_M424_PANDAMON,NDS_2D,PIXIJS_2D,NEEDS_REBUILD,ORIGINAL_REPLACEMENT_REQUIRED,VERIFIED_CROSSCHECK,ROM_COPYRIGHTED_REFERENCE,true,,,,,,,,,REBUILD,,[],"[""NEXUS_IDENTITY_AND_RIGHTS_REPLACEMENT_REQUIRED""]","digimon; 8 gameplay files per entity contract (Main/Sub x NANR, graphics, NCER, NCLR). Rendered sheets are research-only; do not copy identity pixels into shipping art."
art:character:m426-bigmamemon:rom-reference,CHARACTER,CHARACTER_ENTITY_REFERENCE,m426_bigmamemon,YDIJ decoded character runtime manifest,R:\NEXUS LINK\原作\CLAUDE_CODE_YDIJ_HANDOFF\02_CHARACTER_ART_STRUCTURE\digimon_runtime_manifest.json,DECODED_REFERENCE,RAW_ENTITY_M426_BIGMAMEMON,NDS_2D,PIXIJS_2D,NEEDS_REBUILD,ORIGINAL_REPLACEMENT_REQUIRED,VERIFIED_CROSSCHECK,ROM_COPYRIGHTED_REFERENCE,true,,,,,,,,,REBUILD,,[],"[""NEXUS_IDENTITY_AND_RIGHTS_REPLACEMENT_REQUIRED""]","digimon; 8 gameplay files per entity contract (Main/Sub x NANR, graphics, NCER, NCLR). Rendered sheets are research-only; do not copy identity pixels into shipping art."
art:character:m427-picklemon:rom-reference,CHARACTER,CHARACTER_ENTITY_REFERENCE,m427_picklemon,YDIJ decoded character runtime manifest,R:\NEXUS LINK\原作\CLAUDE_CODE_YDIJ_HANDOFF\02_CHARACTER_ART_STRUCTURE\digimon_runtime_manifest.json,DECODED_REFERENCE,RAW_ENTITY_M427_PICKLEMON,NDS_2D,PIXIJS_2D,NEEDS_REBUILD,ORIGINAL_REPLACEMENT_REQUIRED,VERIFIED_CROSSCHECK,ROM_COPYRIGHTED_REFERENCE,true,,,,,,,,,REBUILD,,[],"[""NEXUS_IDENTITY_AND_RIGHTS_REPLACEMENT_REQUIRED""]","digimon; 8 gameplay files per entity contract (Main/Sub x NANR, graphics, NCER, NCLR). Rendered sheets are research-only; do not copy identity pixels into shipping art."
art:character:m428-fantomon:rom-reference,CHARACTER,CHARACTER_ENTITY_REFERENCE,m428_fantomon,YDIJ decoded character runtime manifest,R:\NEXUS LINK\原作\CLAUDE_CODE_YDIJ_HANDOFF\02_CHARACTER_ART_STRUCTURE\digimon_runtime_manifest.json,DECODED_REFERENCE,RAW_ENTITY_M428_FANTOMON,NDS_2D,PIXIJS_2D,NEEDS_REBUILD,ORIGINAL_REPLACEMENT_REQUIRED,VERIFIED_CROSSCHECK,ROM_COPYRIGHTED_REFERENCE,true,,,,,,,,,REBUILD,,[],"[""NEXUS_IDENTITY_AND_RIGHTS_REPLACEMENT_REQUIRED""]","digimon; 8 gameplay files per entity contract (Main/Sub x NANR, graphics, NCER, NCLR). Rendered sheets are research-only; do not copy identity pixels into shipping art."
art:character:m430-vademon:rom-reference,CHARACTER,CHARACTER_ENTITY_REFERENCE,m430_vademon,YDIJ decoded character runtime manifest,R:\NEXUS LINK\原作\CLAUDE_CODE_YDIJ_HANDOFF\02_CHARACTER_ART_STRUCTURE\digimon_runtime_manifest.json,DECODED_REFERENCE,RAW_ENTITY_M430_VADEMON,NDS_2D,PIXIJS_2D,NEEDS_REBUILD,ORIGINAL_REPLACEMENT_REQUIRED,VERIFIED_CROSSCHECK,ROM_COPYRIGHTED_REFERENCE,true,,,,,,,,,REBUILD,,[],"[""NEXUS_IDENTITY_AND_RIGHTS_REPLACEMENT_REQUIRED""]","digimon; 8 gameplay files per entity contract (Main/Sub x NANR, graphics, NCER, NCLR). Rendered sheets are research-only; do not copy identity pixels into shipping art."
art:character:m431-whamon:rom-reference,CHARACTER,CHARACTER_ENTITY_REFERENCE,m431_whamon,YDIJ decoded character runtime manifest,R:\NEXUS LINK\原作\CLAUDE_CODE_YDIJ_HANDOFF\02_CHARACTER_ART_STRUCTURE\digimon_runtime_manifest.json,DECODED_REFERENCE,RAW_ENTITY_M431_WHAMON,NDS_2D,PIXIJS_2D,NEEDS_REBUILD,ORIGINAL_REPLACEMENT_REQUIRED,VERIFIED_CROSSCHECK,ROM_COPYRIGHTED_REFERENCE,true,,,,,,,,,REBUILD,,[],"[""NEXUS_IDENTITY_AND_RIGHTS_REPLACEMENT_REQUIRED""]","digimon; 8 gameplay files per entity contract (Main/Sub x NANR, graphics, NCER, NCLR). Rendered sheets are research-only; do not copy identity pixels into shipping art."
art:character:m432-holyangemon:rom-reference,CHARACTER,CHARACTER_ENTITY_REFERENCE,m432_holyangemon,YDIJ decoded character runtime manifest,R:\NEXUS LINK\原作\CLAUDE_CODE_YDIJ_HANDOFF\02_CHARACTER_ART_STRUCTURE\digimon_runtime_manifest.json,DECODED_REFERENCE,RAW_ENTITY_M432_HOLYANGEMON,NDS_2D,PIXIJS_2D,NEEDS_REBUILD,ORIGINAL_REPLACEMENT_REQUIRED,VERIFIED_CROSSCHECK,ROM_COPYRIGHTED_REFERENCE,true,,,,,,,,,REBUILD,,[],"[""NEXUS_IDENTITY_AND_RIGHTS_REPLACEMENT_REQUIRED""]","digimon; 8 gameplay files per entity contract (Main/Sub x NANR, graphics, NCER, NCLR). Rendered sheets are research-only; do not copy identity pixels into shipping art."
art:character:m433-machgaogamon:rom-reference,CHARACTER,CHARACTER_ENTITY_REFERENCE,m433_machgaogamon,YDIJ decoded character runtime manifest,R:\NEXUS LINK\原作\CLAUDE_CODE_YDIJ_HANDOFF\02_CHARACTER_ART_STRUCTURE\digimon_runtime_manifest.json,DECODED_REFERENCE,RAW_ENTITY_M433_MACHGAOGAMON,NDS_2D,PIXIJS_2D,NEEDS_REBUILD,ORIGINAL_REPLACEMENT_REQUIRED,VERIFIED_CROSSCHECK,ROM_COPYRIGHTED_REFERENCE,true,,,,,,,,,REBUILD,,[],"[""NEXUS_IDENTITY_AND_RIGHTS_REPLACEMENT_REQUIRED""]","digimon; 8 gameplay files per entity contract (Main/Sub x NANR, graphics, NCER, NCLR). Rendered sheets are research-only; do not copy identity pixels into shipping art."
art:character:m435-mamemon:rom-reference,CHARACTER,CHARACTER_ENTITY_REFERENCE,m435_mamemon,YDIJ decoded character runtime manifest,R:\NEXUS LINK\原作\CLAUDE_CODE_YDIJ_HANDOFF\02_CHARACTER_ART_STRUCTURE\digimon_runtime_manifest.json,DECODED_REFERENCE,RAW_ENTITY_M435_MAMEMON,NDS_2D,PIXIJS_2D,NEEDS_REBUILD,ORIGINAL_REPLACEMENT_REQUIRED,VERIFIED_CROSSCHECK,ROM_COPYRIGHTED_REFERENCE,true,,,,,,,,,REBUILD,,[],"[""NEXUS_IDENTITY_AND_RIGHTS_REPLACEMENT_REQUIRED""]","digimon; 8 gameplay files per entity contract (Main/Sub x NANR, graphics, NCER, NCLR). Rendered sheets are research-only; do not copy identity pixels into shipping art."
art:character:m437-mammon:rom-reference,CHARACTER,CHARACTER_ENTITY_REFERENCE,m437_mammon,YDIJ decoded character runtime manifest,R:\NEXUS LINK\原作\CLAUDE_CODE_YDIJ_HANDOFF\02_CHARACTER_ART_STRUCTURE\digimon_runtime_manifest.json,DECODED_REFERENCE,RAW_ENTITY_M437_MAMMON,NDS_2D,PIXIJS_2D,NEEDS_REBUILD,ORIGINAL_REPLACEMENT_REQUIRED,VERIFIED_CROSSCHECK,ROM_COPYRIGHTED_REFERENCE,true,,,,,,,,,REBUILD,,[],"[""NEXUS_IDENTITY_AND_RIGHTS_REPLACEMENT_REQUIRED""]","digimon; 8 gameplay files per entity contract (Main/Sub x NANR, graphics, NCER, NCLR). Rendered sheets are research-only; do not copy identity pixels into shipping art."
art:character:m438-megaseadramon:rom-reference,CHARACTER,CHARACTER_ENTITY_REFERENCE,m438_megaseadramon,YDIJ decoded character runtime manifest,R:\NEXUS LINK\原作\CLAUDE_CODE_YDIJ_HANDOFF\02_CHARACTER_ART_STRUCTURE\digimon_runtime_manifest.json,DECODED_REFERENCE,RAW_ENTITY_M438_MEGASEADRAMON,NDS_2D,PIXIJS_2D,NEEDS_REBUILD,ORIGINAL_REPLACEMENT_REQUIRED,VERIFIED_CROSSCHECK,ROM_COPYRIGHTED_REFERENCE,true,,,,,,,,,REBUILD,,[],"[""NEXUS_IDENTITY_AND_RIGHTS_REPLACEMENT_REQUIRED""]","digimon; 8 gameplay files per entity contract (Main/Sub x NANR, graphics, NCER, NCLR). Rendered sheets are research-only; do not copy identity pixels into shipping art."
art:character:m439-megadramon:rom-reference,CHARACTER,CHARACTER_ENTITY_REFERENCE,m439_megadramon,YDIJ decoded character runtime manifest,R:\NEXUS LINK\原作\CLAUDE_CODE_YDIJ_HANDOFF\02_CHARACTER_ART_STRUCTURE\digimon_runtime_manifest.json,DECODED_REFERENCE,RAW_ENTITY_M439_MEGADRAMON,NDS_2D,PIXIJS_2D,NEEDS_REBUILD,ORIGINAL_REPLACEMENT_REQUIRED,VERIFIED_CROSSCHECK,ROM_COPYRIGHTED_REFERENCE,true,,,,,,,,,REBUILD,,[],"[""NEXUS_IDENTITY_AND_RIGHTS_REPLACEMENT_REQUIRED""]","digimon; 8 gameplay files per entity contract (Main/Sub x NANR, graphics, NCER, NCLR). Rendered sheets are research-only; do not copy identity pixels into shipping art."
art:character:m440-metalgreymon-vi:rom-reference,CHARACTER,CHARACTER_ENTITY_REFERENCE,m440_metalgreymon_vi,YDIJ decoded character runtime manifest,R:\NEXUS LINK\原作\CLAUDE_CODE_YDIJ_HANDOFF\02_CHARACTER_ART_STRUCTURE\digimon_runtime_manifest.json,DECODED_REFERENCE,RAW_ENTITY_M440_METALGREYMON_VI,NDS_2D,PIXIJS_2D,NEEDS_REBUILD,ORIGINAL_REPLACEMENT_REQUIRED,VERIFIED_CROSSCHECK,ROM_COPYRIGHTED_REFERENCE,true,,,,,,,,,REBUILD,,[],"[""NEXUS_IDENTITY_AND_RIGHTS_REPLACEMENT_REQUIRED""]","digimon; 8 gameplay files per entity contract (Main/Sub x NANR, graphics, NCER, NCLR). Rendered sheets are research-only; do not copy identity pixels into shipping art."
art:character:m441-metalgreymon-va:rom-reference,CHARACTER,CHARACTER_ENTITY_REFERENCE,m441_metalgreymon_va,YDIJ decoded character runtime manifest,R:\NEXUS LINK\原作\CLAUDE_CODE_YDIJ_HANDOFF\02_CHARACTER_ART_STRUCTURE\digimon_runtime_manifest.json,DECODED_REFERENCE,RAW_ENTITY_M441_METALGREYMON_VA,NDS_2D,PIXIJS_2D,NEEDS_REBUILD,ORIGINAL_REPLACEMENT_REQUIRED,VERIFIED_CROSSCHECK,ROM_COPYRIGHTED_REFERENCE,true,,,,,,,,,REBUILD,,[],"[""NEXUS_IDENTITY_AND_RIGHTS_REPLACEMENT_REQUIRED""]","digimon; 8 gameplay files per entity contract (Main/Sub x NANR, graphics, NCER, NCLR). Rendered sheets are research-only; do not copy identity pixels into shipping art."
art:character:m442-metaltyranomon:rom-reference,CHARACTER,CHARACTER_ENTITY_REFERENCE,m442_metaltyranomon,YDIJ decoded character runtime manifest,R:\NEXUS LINK\原作\CLAUDE_CODE_YDIJ_HANDOFF\02_CHARACTER_ART_STRUCTURE\digimon_runtime_manifest.json,DECODED_REFERENCE,RAW_ENTITY_M442_METALTYRANOMON,NDS_2D,PIXIJS_2D,NEEDS_REBUILD,ORIGINAL_REPLACEMENT_REQUIRED,VERIFIED_CROSSCHECK,ROM_COPYRIGHTED_REFERENCE,true,,,,,,,,,REBUILD,,[],"[""NEXUS_IDENTITY_AND_RIGHTS_REPLACEMENT_REQUIRED""]","digimon; 8 gameplay files per entity contract (Main/Sub x NANR, graphics, NCER, NCLR). Rendered sheets are research-only; do not copy identity pixels into shipping art."
art:character:m444-monzaemon:rom-reference,CHARACTER,CHARACTER_ENTITY_REFERENCE,m444_monzaemon,YDIJ decoded character runtime manifest,R:\NEXUS LINK\原作\CLAUDE_CODE_YDIJ_HANDOFF\02_CHARACTER_ART_STRUCTURE\digimon_runtime_manifest.json,DECODED_REFERENCE,RAW_ENTITY_M444_MONZAEMON,NDS_2D,PIXIJS_2D,NEEDS_REBUILD,ORIGINAL_REPLACEMENT_REQUIRED,VERIFIED_CROSSCHECK,ROM_COPYRIGHTED_REFERENCE,true,,,,,,,,,REBUILD,,[],"[""NEXUS_IDENTITY_AND_RIGHTS_REPLACEMENT_REQUIRED""]","digimon; 8 gameplay files per entity contract (Main/Sub x NANR, graphics, NCER, NCLR). Rendered sheets are research-only; do not copy identity pixels into shipping art."
art:character:m445-yatagaramon:rom-reference,CHARACTER,CHARACTER_ENTITY_REFERENCE,m445_yatagaramon,YDIJ decoded character runtime manifest,R:\NEXUS LINK\原作\CLAUDE_CODE_YDIJ_HANDOFF\02_CHARACTER_ART_STRUCTURE\digimon_runtime_manifest.json,DECODED_REFERENCE,RAW_ENTITY_M445_YATAGARAMON,NDS_2D,PIXIJS_2D,NEEDS_REBUILD,ORIGINAL_REPLACEMENT_REQUIRED,VERIFIED_CROSSCHECK,ROM_COPYRIGHTED_REFERENCE,true,,,,,,,,,REBUILD,,[],"[""NEXUS_IDENTITY_AND_RIGHTS_REPLACEMENT_REQUIRED""]","digimon; 8 gameplay files per entity contract (Main/Sub x NANR, graphics, NCER, NCLR). Rendered sheets are research-only; do not copy identity pixels into shipping art."
art:character:m446-rizegreymon:rom-reference,CHARACTER,CHARACTER_ENTITY_REFERENCE,m446_rizegreymon,YDIJ decoded character runtime manifest,R:\NEXUS LINK\原作\CLAUDE_CODE_YDIJ_HANDOFF\02_CHARACTER_ART_STRUCTURE\digimon_runtime_manifest.json,DECODED_REFERENCE,RAW_ENTITY_M446_RIZEGREYMON,NDS_2D,PIXIJS_2D,NEEDS_REBUILD,ORIGINAL_REPLACEMENT_REQUIRED,VERIFIED_CROSSCHECK,ROM_COPYRIGHTED_REFERENCE,true,,,,,,,,,REBUILD,,[],"[""NEXUS_IDENTITY_AND_RIGHTS_REPLACEMENT_REQUIRED""]","digimon; 8 gameplay files per entity contract (Main/Sub x NANR, graphics, NCER, NCLR). Rendered sheets are research-only; do not copy identity pixels into shipping art."
art:character:m447-rapidmon:rom-reference,CHARACTER,CHARACTER_ENTITY_REFERENCE,m447_rapidmon,YDIJ decoded character runtime manifest,R:\NEXUS LINK\原作\CLAUDE_CODE_YDIJ_HANDOFF\02_CHARACTER_ART_STRUCTURE\digimon_runtime_manifest.json,DECODED_REFERENCE,RAW_ENTITY_M447_RAPIDMON,NDS_2D,PIXIJS_2D,NEEDS_REBUILD,ORIGINAL_REPLACEMENT_REQUIRED,VERIFIED_CROSSCHECK,ROM_COPYRIGHTED_REFERENCE,true,,,,,,,,,REBUILD,,[],"[""NEXUS_IDENTITY_AND_RIGHTS_REPLACEMENT_REQUIRED""]","digimon; 8 gameplay files per entity contract (Main/Sub x NANR, graphics, NCER, NCLR). Rendered sheets are research-only; do not copy identity pixels into shipping art."
art:character:m448-lilimon:rom-reference,CHARACTER,CHARACTER_ENTITY_REFERENCE,m448_lilimon,YDIJ decoded character runtime manifest,R:\NEXUS LINK\原作\CLAUDE_CODE_YDIJ_HANDOFF\02_CHARACTER_ART_STRUCTURE\digimon_runtime_manifest.json,DECODED_REFERENCE,RAW_ENTITY_M448_LILIMON,NDS_2D,PIXIJS_2D,NEEDS_REBUILD,ORIGINAL_REPLACEMENT_REQUIRED,VERIFIED_CROSSCHECK,ROM_COPYRIGHTED_REFERENCE,true,,,,,,,,,REBUILD,,[],"[""NEXUS_IDENTITY_AND_RIGHTS_REPLACEMENT_REQUIRED""]","digimon; 8 gameplay files per entity contract (Main/Sub x NANR, graphics, NCER, NCLR). Rendered sheets are research-only; do not copy identity pixels into shipping art."
art:character:m449-ladydevimon:rom-reference,CHARACTER,CHARACTER_ENTITY_REFERENCE,m449_ladydevimon,YDIJ decoded character runtime manifest,R:\NEXUS LINK\原作\CLAUDE_CODE_YDIJ_HANDOFF\02_CHARACTER_ART_STRUCTURE\digimon_runtime_manifest.json,DECODED_REFERENCE,RAW_ENTITY_M449_LADYDEVIMON,NDS_2D,PIXIJS_2D,NEEDS_REBUILD,ORIGINAL_REPLACEMENT_REQUIRED,VERIFIED_CROSSCHECK,ROM_COPYRIGHTED_REFERENCE,true,,,,,,,,,REBUILD,,[],"[""NEXUS_IDENTITY_AND_RIGHTS_REPLACEMENT_REQUIRED""]","digimon; 8 gameplay files per entity contract (Main/Sub x NANR, graphics, NCER, NCLR). Rendered sheets are research-only; do not copy identity pixels into shipping art."
art:character:m450-warumonzaemon:rom-reference,CHARACTER,CHARACTER_ENTITY_REFERENCE,m450_warumonzaemon,YDIJ decoded character runtime manifest,R:\NEXUS LINK\原作\CLAUDE_CODE_YDIJ_HANDOFF\02_CHARACTER_ART_STRUCTURE\digimon_runtime_manifest.json,DECODED_REFERENCE,RAW_ENTITY_M450_WARUMONZAEMON,NDS_2D,PIXIJS_2D,NEEDS_REBUILD,ORIGINAL_REPLACEMENT_REQUIRED,VERIFIED_CROSSCHECK,ROM_COPYRIGHTED_REFERENCE,true,,,,,,,,,REBUILD,,[],"[""NEXUS_IDENTITY_AND_RIGHTS_REPLACEMENT_REQUIRED""]","digimon; 8 gameplay files per entity contract (Main/Sub x NANR, graphics, NCER, NCLR). Rendered sheets are research-only; do not copy identity pixels into shipping art."
art:character:m451-weregarurumon-va:rom-reference,CHARACTER,CHARACTER_ENTITY_REFERENCE,m451_weregarurumon_va,YDIJ decoded character runtime manifest,R:\NEXUS LINK\原作\CLAUDE_CODE_YDIJ_HANDOFF\02_CHARACTER_ART_STRUCTURE\digimon_runtime_manifest.json,DECODED_REFERENCE,RAW_ENTITY_M451_WEREGARURUMON_VA,NDS_2D,PIXIJS_2D,NEEDS_REBUILD,ORIGINAL_REPLACEMENT_REQUIRED,VERIFIED_CROSSCHECK,ROM_COPYRIGHTED_REFERENCE,true,,,,,,,,,REBUILD,,[],"[""NEXUS_IDENTITY_AND_RIGHTS_REPLACEMENT_REQUIRED""]","digimon; 8 gameplay files per entity contract (Main/Sub x NANR, graphics, NCER, NCLR). Rendered sheets are research-only; do not copy identity pixels into shipping art."
art:character:m452-weregarurumon-vi:rom-reference,CHARACTER,CHARACTER_ENTITY_REFERENCE,m452_weregarurumon_vi,YDIJ decoded character runtime manifest,R:\NEXUS LINK\原作\CLAUDE_CODE_YDIJ_HANDOFF\02_CHARACTER_ART_STRUCTURE\digimon_runtime_manifest.json,DECODED_REFERENCE,RAW_ENTITY_M452_WEREGARURUMON_VI,NDS_2D,PIXIJS_2D,NEEDS_REBUILD,ORIGINAL_REPLACEMENT_REQUIRED,VERIFIED_CROSSCHECK,ROM_COPYRIGHTED_REFERENCE,true,,,,,,,,,REBUILD,,[],"[""NEXUS_IDENTITY_AND_RIGHTS_REPLACEMENT_REQUIRED""]","digimon; 8 gameplay files per entity contract (Main/Sub x NANR, graphics, NCER, NCLR). Rendered sheets are research-only; do not copy identity pixels into shipping art."
art:character:m453-wingdramon:rom-reference,CHARACTER,CHARACTER_ENTITY_REFERENCE,m453_wingdramon,YDIJ decoded character runtime manifest,R:\NEXUS LINK\原作\CLAUDE_CODE_YDIJ_HANDOFF\02_CHARACTER_ART_STRUCTURE\digimon_runtime_manifest.json,DECODED_REFERENCE,RAW_ENTITY_M453_WINGDRAMON,NDS_2D,PIXIJS_2D,NEEDS_REBUILD,ORIGINAL_REPLACEMENT_REQUIRED,VERIFIED_CROSSCHECK,ROM_COPYRIGHTED_REFERENCE,true,,,,,,,,,REBUILD,,[],"[""NEXUS_IDENTITY_AND_RIGHTS_REPLACEMENT_REQUIRED""]","digimon; 8 gameplay files per entity contract (Main/Sub x NANR, graphics, NCER, NCLR). Rendered sheets are research-only; do not copy identity pixels into shipping art."
art:character:m454-grondramon:rom-reference,CHARACTER,CHARACTER_ENTITY_REFERENCE,m454_grondramon,YDIJ decoded character runtime manifest,R:\NEXUS LINK\原作\CLAUDE_CODE_YDIJ_HANDOFF\02_CHARACTER_ART_STRUCTURE\digimon_runtime_manifest.json,DECODED_REFERENCE,RAW_ENTITY_M454_GRONDRAMON,NDS_2D,PIXIJS_2D,NEEDS_REBUILD,ORIGINAL_REPLACEMENT_REQUIRED,VERIFIED_CROSSCHECK,ROM_COPYRIGHTED_REFERENCE,true,,,,,,,,,REBUILD,,[],"[""NEXUS_IDENTITY_AND_RIGHTS_REPLACEMENT_REQUIRED""]","digimon; 8 gameplay files per entity contract (Main/Sub x NANR, graphics, NCER, NCLR). Rendered sheets are research-only; do not copy identity pixels into shipping art."
art:character:m455-flaremon:rom-reference,CHARACTER,CHARACTER_ENTITY_REFERENCE,m455_flaremon,YDIJ decoded character runtime manifest,R:\NEXUS LINK\原作\CLAUDE_CODE_YDIJ_HANDOFF\02_CHARACTER_ART_STRUCTURE\digimon_runtime_manifest.json,DECODED_REFERENCE,RAW_ENTITY_M455_FLAREMON,NDS_2D,PIXIJS_2D,NEEDS_REBUILD,ORIGINAL_REPLACEMENT_REQUIRED,VERIFIED_CROSSCHECK,ROM_COPYRIGHTED_REFERENCE,true,,,,,,,,,REBUILD,,[],"[""NEXUS_IDENTITY_AND_RIGHTS_REPLACEMENT_REQUIRED""]","digimon; 8 gameplay files per entity contract (Main/Sub x NANR, graphics, NCER, NCLR). Rendered sheets are research-only; do not copy identity pixels into shipping art."
art:character:m456-crescemon:rom-reference,CHARACTER,CHARACTER_ENTITY_REFERENCE,m456_crescemon,YDIJ decoded character runtime manifest,R:\NEXUS LINK\原作\CLAUDE_CODE_YDIJ_HANDOFF\02_CHARACTER_ART_STRUCTURE\digimon_runtime_manifest.json,DECODED_REFERENCE,RAW_ENTITY_M456_CRESCEMON,NDS_2D,PIXIJS_2D,NEEDS_REBUILD,ORIGINAL_REPLACEMENT_REQUIRED,VERIFIED_CROSSCHECK,ROM_COPYRIGHTED_REFERENCE,true,,,,,,,,,REBUILD,,[],"[""NEXUS_IDENTITY_AND_RIGHTS_REPLACEMENT_REQUIRED""]","digimon; 8 gameplay files per entity contract (Main/Sub x NANR, graphics, NCER, NCLR). Rendered sheets are research-only; do not copy identity pixels into shipping art."
art:character:m457-superstarmon:rom-reference,CHARACTER,CHARACTER_ENTITY_REFERENCE,m457_superstarmon,YDIJ decoded character runtime manifest,R:\NEXUS LINK\原作\CLAUDE_CODE_YDIJ_HANDOFF\02_CHARACTER_ART_STRUCTURE\digimon_runtime_manifest.json,DECODED_REFERENCE,RAW_ENTITY_M457_SUPERSTARMON,NDS_2D,PIXIJS_2D,NEEDS_REBUILD,ORIGINAL_REPLACEMENT_REQUIRED,VERIFIED_CROSSCHECK,ROM_COPYRIGHTED_REFERENCE,true,,,,,,,,,REBUILD,,[],"[""NEXUS_IDENTITY_AND_RIGHTS_REPLACEMENT_REQUIRED""]","digimon; 8 gameplay files per entity contract (Main/Sub x NANR, graphics, NCER, NCLR). Rendered sheets are research-only; do not copy identity pixels into shipping art."
art:character:m458-blackrapidmon:rom-reference,CHARACTER,CHARACTER_ENTITY_REFERENCE,m458_blackrapidmon,YDIJ decoded character runtime manifest,R:\NEXUS LINK\原作\CLAUDE_CODE_YDIJ_HANDOFF\02_CHARACTER_ART_STRUCTURE\digimon_runtime_manifest.json,DECODED_REFERENCE,RAW_ENTITY_M458_BLACKRAPIDMON,NDS_2D,PIXIJS_2D,NEEDS_REBUILD,ORIGINAL_REPLACEMENT_REQUIRED,VERIFIED_CROSSCHECK,ROM_COPYRIGHTED_REFERENCE,true,,,,,,,,,REBUILD,,[],"[""NEXUS_IDENTITY_AND_RIGHTS_REPLACEMENT_REQUIRED""]","digimon; 8 gameplay files per entity contract (Main/Sub x NANR, graphics, NCER, NCLR). Rendered sheets are research-only; do not copy identity pixels into shipping art."
art:character:m501-vikemon:rom-reference,CHARACTER,CHARACTER_ENTITY_REFERENCE,m501_vikemon,YDIJ decoded character runtime manifest,R:\NEXUS LINK\原作\CLAUDE_CODE_YDIJ_HANDOFF\02_CHARACTER_ART_STRUCTURE\digimon_runtime_manifest.json,DECODED_REFERENCE,RAW_ENTITY_M501_VIKEMON,NDS_2D,PIXIJS_2D,NEEDS_REBUILD,ORIGINAL_REPLACEMENT_REQUIRED,VERIFIED_CROSSCHECK,ROM_COPYRIGHTED_REFERENCE,true,,,,,,,,,REBUILD,,[],"[""NEXUS_IDENTITY_AND_RIGHTS_REPLACEMENT_REQUIRED""]","digimon; 8 gameplay files per entity contract (Main/Sub x NANR, graphics, NCER, NCLR). Rendered sheets are research-only; do not copy identity pixels into shipping art."
art:character:m502-valkyrimon:rom-reference,CHARACTER,CHARACTER_ENTITY_REFERENCE,m502_valkyrimon,YDIJ decoded character runtime manifest,R:\NEXUS LINK\原作\CLAUDE_CODE_YDIJ_HANDOFF\02_CHARACTER_ART_STRUCTURE\digimon_runtime_manifest.json,DECODED_REFERENCE,RAW_ENTITY_M502_VALKYRIMON,NDS_2D,PIXIJS_2D,NEEDS_REBUILD,ORIGINAL_REPLACEMENT_REQUIRED,VERIFIED_CROSSCHECK,ROM_COPYRIGHTED_REFERENCE,true,,,,,,,,,REBUILD,,[],"[""NEXUS_IDENTITY_AND_RIGHTS_REPLACEMENT_REQUIRED""]","digimon; 8 gameplay files per entity contract (Main/Sub x NANR, graphics, NCER, NCLR). Rendered sheets are research-only; do not copy identity pixels into shipping art."
art:character:m503-warglaymon:rom-reference,CHARACTER,CHARACTER_ENTITY_REFERENCE,m503_warglaymon,YDIJ decoded character runtime manifest,R:\NEXUS LINK\原作\CLAUDE_CODE_YDIJ_HANDOFF\02_CHARACTER_ART_STRUCTURE\digimon_runtime_manifest.json,DECODED_REFERENCE,RAW_ENTITY_M503_WARGLAYMON,NDS_2D,PIXIJS_2D,NEEDS_REBUILD,ORIGINAL_REPLACEMENT_REQUIRED,VERIFIED_CROSSCHECK,ROM_COPYRIGHTED_REFERENCE,true,,,,,,,,,REBUILD,,[],"[""NEXUS_IDENTITY_AND_RIGHTS_REPLACEMENT_REQUIRED""]","digimon; 8 gameplay files per entity contract (Main/Sub x NANR, graphics, NCER, NCLR). Rendered sheets are research-only; do not copy identity pixels into shipping art."
art:character:m504-gigaseadramon:rom-reference,CHARACTER,CHARACTER_ENTITY_REFERENCE,m504_gigaseadramon,YDIJ decoded character runtime manifest,R:\NEXUS LINK\原作\CLAUDE_CODE_YDIJ_HANDOFF\02_CHARACTER_ART_STRUCTURE\digimon_runtime_manifest.json,DECODED_REFERENCE,RAW_ENTITY_M504_GIGASEADRAMON,NDS_2D,PIXIJS_2D,NEEDS_REBUILD,ORIGINAL_REPLACEMENT_REQUIRED,VERIFIED_CROSSCHECK,ROM_COPYRIGHTED_REFERENCE,true,,,,,,,,,REBUILD,,[],"[""NEXUS_IDENTITY_AND_RIGHTS_REPLACEMENT_REQUIRED""]","digimon; 8 gameplay files per entity contract (Main/Sub x NANR, graphics, NCER, NCLR). Rendered sheets are research-only; do not copy identity pixels into shipping art."
art:character:m505-grankuwagamon:rom-reference,CHARACTER,CHARACTER_ENTITY_REFERENCE,m505_grankuwagamon,YDIJ decoded character runtime manifest,R:\NEXUS LINK\原作\CLAUDE_CODE_YDIJ_HANDOFF\02_CHARACTER_ART_STRUCTURE\digimon_runtime_manifest.json,DECODED_REFERENCE,RAW_ENTITY_M505_GRANKUWAGAMON,NDS_2D,PIXIJS_2D,NEEDS_REBUILD,ORIGINAL_REPLACEMENT_REQUIRED,VERIFIED_CROSSCHECK,ROM_COPYRIGHTED_REFERENCE,true,,,,,,,,,REBUILD,,[],"[""NEXUS_IDENTITY_AND_RIGHTS_REPLACEMENT_REQUIRED""]","digimon; 8 gameplay files per entity contract (Main/Sub x NANR, graphics, NCER, NCLR). Rendered sheets are research-only; do not copy identity pixels into shipping art."
art:character:m506-griffomon:rom-reference,CHARACTER,CHARACTER_ENTITY_REFERENCE,m506_griffomon,YDIJ decoded character runtime manifest,R:\NEXUS LINK\原作\CLAUDE_CODE_YDIJ_HANDOFF\02_CHARACTER_ART_STRUCTURE\digimon_runtime_manifest.json,DECODED_REFERENCE,RAW_ENTITY_M506_GRIFFOMON,NDS_2D,PIXIJS_2D,NEEDS_REBUILD,ORIGINAL_REPLACEMENT_REQUIRED,VERIFIED_CROSSCHECK,ROM_COPYRIGHTED_REFERENCE,true,,,,,,,,,REBUILD,,[],"[""NEXUS_IDENTITY_AND_RIGHTS_REPLACEMENT_REQUIRED""]","digimon; 8 gameplay files per entity contract (Main/Sub x NANR, graphics, NCER, NCLR). Rendered sheets are research-only; do not copy identity pixels into shipping art."
art:character:m507-crossmon:rom-reference,CHARACTER,CHARACTER_ENTITY_REFERENCE,m507_crossmon,YDIJ decoded character runtime manifest,R:\NEXUS LINK\原作\CLAUDE_CODE_YDIJ_HANDOFF\02_CHARACTER_ART_STRUCTURE\digimon_runtime_manifest.json,DECODED_REFERENCE,RAW_ENTITY_M507_CROSSMON,NDS_2D,PIXIJS_2D,NEEDS_REBUILD,ORIGINAL_REPLACEMENT_REQUIRED,VERIFIED_CROSSCHECK,ROM_COPYRIGHTED_REFERENCE,true,,,,,,,,,REBUILD,,[],"[""NEXUS_IDENTITY_AND_RIGHTS_REPLACEMENT_REQUIRED""]","digimon; 8 gameplay files per entity contract (Main/Sub x NANR, graphics, NCER, NCLR). Rendered sheets are research-only; do not copy identity pixels into shipping art."
art:character:m508-saberleomon:rom-reference,CHARACTER,CHARACTER_ENTITY_REFERENCE,m508_saberleomon,YDIJ decoded character runtime manifest,R:\NEXUS LINK\原作\CLAUDE_CODE_YDIJ_HANDOFF\02_CHARACTER_ART_STRUCTURE\digimon_runtime_manifest.json,DECODED_REFERENCE,RAW_ENTITY_M508_SABERLEOMON,NDS_2D,PIXIJS_2D,NEEDS_REBUILD,ORIGINAL_REPLACEMENT_REQUIRED,VERIFIED_CROSSCHECK,ROM_COPYRIGHTED_REFERENCE,true,,,,,,,,,REBUILD,,[],"[""NEXUS_IDENTITY_AND_RIGHTS_REPLACEMENT_REQUIRED""]","digimon; 8 gameplay files per entity contract (Main/Sub x NANR, graphics, NCER, NCLR). Rendered sheets are research-only; do not copy identity pixels into shipping art."
art:character:m509-shinegraymon:rom-reference,CHARACTER,CHARACTER_ENTITY_REFERENCE,m509_shinegraymon,YDIJ decoded character runtime manifest,R:\NEXUS LINK\原作\CLAUDE_CODE_YDIJ_HANDOFF\02_CHARACTER_ART_STRUCTURE\digimon_runtime_manifest.json,DECODED_REFERENCE,RAW_ENTITY_M509_SHINEGRAYMON,NDS_2D,PIXIJS_2D,NEEDS_REBUILD,ORIGINAL_REPLACEMENT_REQUIRED,VERIFIED_CROSSCHECK,ROM_COPYRIGHTED_REFERENCE,true,,,,,,,,,REBUILD,,[],"[""NEXUS_IDENTITY_AND_RIGHTS_REPLACEMENT_REQUIRED""]","digimon; 8 gameplay files per entity contract (Main/Sub x NANR, graphics, NCER, NCLR). Rendered sheets are research-only; do not copy identity pixels into shipping art."
art:character:m510-skullmammon:rom-reference,CHARACTER,CHARACTER_ENTITY_REFERENCE,m510_skullmammon,YDIJ decoded character runtime manifest,R:\NEXUS LINK\原作\CLAUDE_CODE_YDIJ_HANDOFF\02_CHARACTER_ART_STRUCTURE\digimon_runtime_manifest.json,DECODED_REFERENCE,RAW_ENTITY_M510_SKULLMAMMON,NDS_2D,PIXIJS_2D,NEEDS_REBUILD,ORIGINAL_REPLACEMENT_REQUIRED,VERIFIED_CROSSCHECK,ROM_COPYRIGHTED_REFERENCE,true,,,,,,,,,REBUILD,,[],"[""NEXUS_IDENTITY_AND_RIGHTS_REPLACEMENT_REQUIRED""]","digimon; 8 gameplay files per entity contract (Main/Sub x NANR, graphics, NCER, NCLR). Rendered sheets are research-only; do not copy identity pixels into shipping art."
art:character:m511-saintgargomon:rom-reference,CHARACTER,CHARACTER_ENTITY_REFERENCE,m511_saintgargomon,YDIJ decoded character runtime manifest,R:\NEXUS LINK\原作\CLAUDE_CODE_YDIJ_HANDOFF\02_CHARACTER_ART_STRUCTURE\digimon_runtime_manifest.json,DECODED_REFERENCE,RAW_ENTITY_M511_SAINTGARGOMON,NDS_2D,PIXIJS_2D,NEEDS_REBUILD,ORIGINAL_REPLACEMENT_REQUIRED,VERIFIED_CROSSCHECK,ROM_COPYRIGHTED_REFERENCE,true,,,,,,,,,REBUILD,,[],"[""NEXUS_IDENTITY_AND_RIGHTS_REPLACEMENT_REQUIRED""]","digimon; 8 gameplay files per entity contract (Main/Sub x NANR, graphics, NCER, NCLR). Rendered sheets are research-only; do not copy identity pixels into shipping art."
art:character:m512-hiandromon:rom-reference,CHARACTER,CHARACTER_ENTITY_REFERENCE,m512_hiandromon,YDIJ decoded character runtime manifest,R:\NEXUS LINK\原作\CLAUDE_CODE_YDIJ_HANDOFF\02_CHARACTER_ART_STRUCTURE\digimon_runtime_manifest.json,DECODED_REFERENCE,RAW_ENTITY_M512_HIANDROMON,NDS_2D,PIXIJS_2D,NEEDS_REBUILD,ORIGINAL_REPLACEMENT_REQUIRED,VERIFIED_CROSSCHECK,ROM_COPYRIGHTED_REFERENCE,true,,,,,,,,,REBUILD,,[],"[""NEXUS_IDENTITY_AND_RIGHTS_REPLACEMENT_REQUIRED""]","digimon; 8 gameplay files per entity contract (Main/Sub x NANR, graphics, NCER, NCLR). Rendered sheets are research-only; do not copy identity pixels into shipping art."
art:character:m513-bantyoliomon:rom-reference,CHARACTER,CHARACTER_ENTITY_REFERENCE,m513_bantyoliomon,YDIJ decoded character runtime manifest,R:\NEXUS LINK\原作\CLAUDE_CODE_YDIJ_HANDOFF\02_CHARACTER_ART_STRUCTURE\digimon_runtime_manifest.json,DECODED_REFERENCE,RAW_ENTITY_M513_BANTYOLIOMON,NDS_2D,PIXIJS_2D,NEEDS_REBUILD,ORIGINAL_REPLACEMENT_REQUIRED,VERIFIED_CROSSCHECK,ROM_COPYRIGHTED_REFERENCE,true,,,,,,,,,REBUILD,,[],"[""NEXUS_IDENTITY_AND_RIGHTS_REPLACEMENT_REQUIRED""]","digimon; 8 gameplay files per entity contract (Main/Sub x NANR, graphics, NCER, NCLR). Rendered sheets are research-only; do not copy identity pixels into shipping art."
art:character:m514-piemon:rom-reference,CHARACTER,CHARACTER_ENTITY_REFERENCE,m514_piemon,YDIJ decoded character runtime manifest,R:\NEXUS LINK\原作\CLAUDE_CODE_YDIJ_HANDOFF\02_CHARACTER_ART_STRUCTURE\digimon_runtime_manifest.json,DECODED_REFERENCE,RAW_ENTITY_M514_PIEMON,NDS_2D,PIXIJS_2D,NEEDS_REBUILD,ORIGINAL_REPLACEMENT_REQUIRED,VERIFIED_CROSSCHECK,ROM_COPYRIGHTED_REFERENCE,true,,,,,,,,,REBUILD,,[],"[""NEXUS_IDENTITY_AND_RIGHTS_REPLACEMENT_REQUIRED""]","digimon; 8 gameplay files per entity contract (Main/Sub x NANR, graphics, NCER, NCLR). Rendered sheets are research-only; do not copy identity pixels into shipping art."
art:character:m515-pinochimon:rom-reference,CHARACTER,CHARACTER_ENTITY_REFERENCE,m515_pinochimon,YDIJ decoded character runtime manifest,R:\NEXUS LINK\原作\CLAUDE_CODE_YDIJ_HANDOFF\02_CHARACTER_ART_STRUCTURE\digimon_runtime_manifest.json,DECODED_REFERENCE,RAW_ENTITY_M515_PINOCHIMON,NDS_2D,PIXIJS_2D,NEEDS_REBUILD,ORIGINAL_REPLACEMENT_REQUIRED,VERIFIED_CROSSCHECK,ROM_COPYRIGHTED_REFERENCE,true,,,,,,,,,REBUILD,,[],"[""NEXUS_IDENTITY_AND_RIGHTS_REPLACEMENT_REQUIRED""]","digimon; 8 gameplay files per entity contract (Main/Sub x NANR, graphics, NCER, NCLR). Rendered sheets are research-only; do not copy identity pixels into shipping art."
art:character:m516-pharaohmon:rom-reference,CHARACTER,CHARACTER_ENTITY_REFERENCE,m516_pharaohmon,YDIJ decoded character runtime manifest,R:\NEXUS LINK\原作\CLAUDE_CODE_YDIJ_HANDOFF\02_CHARACTER_ART_STRUCTURE\digimon_runtime_manifest.json,DECODED_REFERENCE,RAW_ENTITY_M516_PHARAOHMON,NDS_2D,PIXIJS_2D,NEEDS_REBUILD,ORIGINAL_REPLACEMENT_REQUIRED,VERIFIED_CROSSCHECK,ROM_COPYRIGHTED_REFERENCE,true,,,,,,,,,REBUILD,,[],"[""NEXUS_IDENTITY_AND_RIGHTS_REPLACEMENT_REQUIRED""]","digimon; 8 gameplay files per entity contract (Main/Sub x NANR, graphics, NCER, NCLR). Rendered sheets are research-only; do not copy identity pixels into shipping art."
art:character:m517-pukumon:rom-reference,CHARACTER,CHARACTER_ENTITY_REFERENCE,m517_pukumon,YDIJ decoded character runtime manifest,R:\NEXUS LINK\原作\CLAUDE_CODE_YDIJ_HANDOFF\02_CHARACTER_ART_STRUCTURE\digimon_runtime_manifest.json,DECODED_REFERENCE,RAW_ENTITY_M517_PUKUMON,NDS_2D,PIXIJS_2D,NEEDS_REBUILD,ORIGINAL_REPLACEMENT_REQUIRED,VERIFIED_CROSSCHECK,ROM_COPYRIGHTED_REFERENCE,true,,,,,,,,,REBUILD,,[],"[""NEXUS_IDENTITY_AND_RIGHTS_REPLACEMENT_REQUIRED""]","digimon; 8 gameplay files per entity contract (Main/Sub x NANR, graphics, NCER, NCLR). Rendered sheets are research-only; do not copy identity pixels into shipping art."
art:character:m518-blackwargreymon:rom-reference,CHARACTER,CHARACTER_ENTITY_REFERENCE,m518_blackwargreymon,YDIJ decoded character runtime manifest,R:\NEXUS LINK\原作\CLAUDE_CODE_YDIJ_HANDOFF\02_CHARACTER_ART_STRUCTURE\digimon_runtime_manifest.json,DECODED_REFERENCE,RAW_ENTITY_M518_BLACKWARGREYMON,NDS_2D,PIXIJS_2D,NEEDS_REBUILD,ORIGINAL_REPLACEMENT_REQUIRED,VERIFIED_CROSSCHECK,ROM_COPYRIGHTED_REFERENCE,true,,,,,,,,,REBUILD,,[],"[""NEXUS_IDENTITY_AND_RIGHTS_REPLACEMENT_REQUIRED""]","digimon; 8 gameplay files per entity contract (Main/Sub x NANR, graphics, NCER, NCLR). Rendered sheets are research-only; do not copy identity pixels into shipping art."
art:character:m519-princemamemon:rom-reference,CHARACTER,CHARACTER_ENTITY_REFERENCE,m519_princemamemon,YDIJ decoded character runtime manifest,R:\NEXUS LINK\原作\CLAUDE_CODE_YDIJ_HANDOFF\02_CHARACTER_ART_STRUCTURE\digimon_runtime_manifest.json,DECODED_REFERENCE,RAW_ENTITY_M519_PRINCEMAMEMON,NDS_2D,PIXIJS_2D,NEEDS_REBUILD,ORIGINAL_REPLACEMENT_REQUIRED,VERIFIED_CROSSCHECK,ROM_COPYRIGHTED_REFERENCE,true,,,,,,,,,REBUILD,,[],"[""NEXUS_IDENTITY_AND_RIGHTS_REPLACEMENT_REQUIRED""]","digimon; 8 gameplay files per entity contract (Main/Sub x NANR, graphics, NCER, NCLR). Rendered sheets are research-only; do not copy identity pixels into shipping art."
art:character:m520-pilesiomon:rom-reference,CHARACTER,CHARACTER_ENTITY_REFERENCE,m520_pilesiomon,YDIJ decoded character runtime manifest,R:\NEXUS LINK\原作\CLAUDE_CODE_YDIJ_HANDOFF\02_CHARACTER_ART_STRUCTURE\digimon_runtime_manifest.json,DECODED_REFERENCE,RAW_ENTITY_M520_PILESIOMON,NDS_2D,PIXIJS_2D,NEEDS_REBUILD,ORIGINAL_REPLACEMENT_REQUIRED,VERIFIED_CROSSCHECK,ROM_COPYRIGHTED_REFERENCE,true,,,,,,,,,REBUILD,,[],"[""NEXUS_IDENTITY_AND_RIGHTS_REPLACEMENT_REQUIRED""]","digimon; 8 gameplay files per entity contract (Main/Sub x NANR, graphics, NCER, NCLR). Rendered sheets are research-only; do not copy identity pixels into shipping art."
art:character:m521-heraklekabuterimon:rom-reference,CHARACTER,CHARACTER_ENTITY_REFERENCE,m521_heraklekabuterimon,YDIJ decoded character runtime manifest,R:\NEXUS LINK\原作\CLAUDE_CODE_YDIJ_HANDOFF\02_CHARACTER_ART_STRUCTURE\digimon_runtime_manifest.json,DECODED_REFERENCE,RAW_ENTITY_M521_HERAKLEKABUTERIMON,NDS_2D,PIXIJS_2D,NEEDS_REBUILD,ORIGINAL_REPLACEMENT_REQUIRED,VERIFIED_CROSSCHECK,ROM_COPYRIGHTED_REFERENCE,true,,,,,,,,,REBUILD,,[],"[""NEXUS_IDENTITY_AND_RIGHTS_REPLACEMENT_REQUIRED""]","digimon; 8 gameplay files per entity contract (Main/Sub x NANR, graphics, NCER, NCLR). Rendered sheets are research-only; do not copy identity pixels into shipping art."
art:character:m522-hououmon:rom-reference,CHARACTER,CHARACTER_ENTITY_REFERENCE,m522_hououmon,YDIJ decoded character runtime manifest,R:\NEXUS LINK\原作\CLAUDE_CODE_YDIJ_HANDOFF\02_CHARACTER_ART_STRUCTURE\digimon_runtime_manifest.json,DECODED_REFERENCE,RAW_ENTITY_M522_HOUOUMON,NDS_2D,PIXIJS_2D,NEEDS_REBUILD,ORIGINAL_REPLACEMENT_REQUIRED,VERIFIED_CROSSCHECK,ROM_COPYRIGHTED_REFERENCE,true,,,,,,,,,REBUILD,,[],"[""NEXUS_IDENTITY_AND_RIGHTS_REPLACEMENT_REQUIRED""]","digimon; 8 gameplay files per entity contract (Main/Sub x NANR, graphics, NCER, NCLR). Rendered sheets are research-only; do not copy identity pixels into shipping art."
art:character:m526-miragegaogamon:rom-reference,CHARACTER,CHARACTER_ENTITY_REFERENCE,m526_miragegaogamon,YDIJ decoded character runtime manifest,R:\NEXUS LINK\原作\CLAUDE_CODE_YDIJ_HANDOFF\02_CHARACTER_ART_STRUCTURE\digimon_runtime_manifest.json,DECODED_REFERENCE,RAW_ENTITY_M526_MIRAGEGAOGAMON,NDS_2D,PIXIJS_2D,NEEDS_REBUILD,ORIGINAL_REPLACEMENT_REQUIRED,VERIFIED_CROSSCHECK,ROM_COPYRIGHTED_REFERENCE,true,,,,,,,,,REBUILD,,[],"[""NEXUS_IDENTITY_AND_RIGHTS_REPLACEMENT_REQUIRED""]","digimon; 8 gameplay files per entity contract (Main/Sub x NANR, graphics, NCER, NCLR). Rendered sheets are research-only; do not copy identity pixels into shipping art."
art:character:m527-mugendramon:rom-reference,CHARACTER,CHARACTER_ENTITY_REFERENCE,m527_mugendramon,YDIJ decoded character runtime manifest,R:\NEXUS LINK\原作\CLAUDE_CODE_YDIJ_HANDOFF\02_CHARACTER_ART_STRUCTURE\digimon_runtime_manifest.json,DECODED_REFERENCE,RAW_ENTITY_M527_MUGENDRAMON,NDS_2D,PIXIJS_2D,NEEDS_REBUILD,ORIGINAL_REPLACEMENT_REQUIRED,VERIFIED_CROSSCHECK,ROM_COPYRIGHTED_REFERENCE,true,,,,,,,,,REBUILD,,[],"[""NEXUS_IDENTITY_AND_RIGHTS_REPLACEMENT_REQUIRED""]","digimon; 8 gameplay files per entity contract (Main/Sub x NANR, graphics, NCER, NCLR). Rendered sheets are research-only; do not copy identity pixels into shipping art."
art:character:m528-metaletemon:rom-reference,CHARACTER,CHARACTER_ENTITY_REFERENCE,m528_metaletemon,YDIJ decoded character runtime manifest,R:\NEXUS LINK\原作\CLAUDE_CODE_YDIJ_HANDOFF\02_CHARACTER_ART_STRUCTURE\digimon_runtime_manifest.json,DECODED_REFERENCE,RAW_ENTITY_M528_METALETEMON,NDS_2D,PIXIJS_2D,NEEDS_REBUILD,ORIGINAL_REPLACEMENT_REQUIRED,VERIFIED_CROSSCHECK,ROM_COPYRIGHTED_REFERENCE,true,,,,,,,,,REBUILD,,[],"[""NEXUS_IDENTITY_AND_RIGHTS_REPLACEMENT_REQUIRED""]","digimon; 8 gameplay files per entity contract (Main/Sub x NANR, graphics, NCER, NCLR). Rendered sheets are research-only; do not copy identity pixels into shipping art."
art:character:m529-metalgarurumon-va:rom-reference,CHARACTER,CHARACTER_ENTITY_REFERENCE,m529_metalgarurumon_va,YDIJ decoded character runtime manifest,R:\NEXUS LINK\原作\CLAUDE_CODE_YDIJ_HANDOFF\02_CHARACTER_ART_STRUCTURE\digimon_runtime_manifest.json,DECODED_REFERENCE,RAW_ENTITY_M529_METALGARURUMON_VA,NDS_2D,PIXIJS_2D,NEEDS_REBUILD,ORIGINAL_REPLACEMENT_REQUIRED,VERIFIED_CROSSCHECK,ROM_COPYRIGHTED_REFERENCE,true,,,,,,,,,REBUILD,,[],"[""NEXUS_IDENTITY_AND_RIGHTS_REPLACEMENT_REQUIRED""]","digimon; 8 gameplay files per entity contract (Main/Sub x NANR, graphics, NCER, NCLR). Rendered sheets are research-only; do not copy identity pixels into shipping art."
art:character:m530-metalgarurumon-vi:rom-reference,CHARACTER,CHARACTER_ENTITY_REFERENCE,m530_metalgarurumon_vi,YDIJ decoded character runtime manifest,R:\NEXUS LINK\原作\CLAUDE_CODE_YDIJ_HANDOFF\02_CHARACTER_ART_STRUCTURE\digimon_runtime_manifest.json,DECODED_REFERENCE,RAW_ENTITY_M530_METALGARURUMON_VI,NDS_2D,PIXIJS_2D,NEEDS_REBUILD,ORIGINAL_REPLACEMENT_REQUIRED,VERIFIED_CROSSCHECK,ROM_COPYRIGHTED_REFERENCE,true,,,,,,,,,REBUILD,,[],"[""NEXUS_IDENTITY_AND_RIGHTS_REPLACEMENT_REQUIRED""]","digimon; 8 gameplay files per entity contract (Main/Sub x NANR, graphics, NCER, NCLR). Rendered sheets are research-only; do not copy identity pixels into shipping art."
art:character:m531-metalseadramon:rom-reference,CHARACTER,CHARACTER_ENTITY_REFERENCE,m531_metalseadramon,YDIJ decoded character runtime manifest,R:\NEXUS LINK\原作\CLAUDE_CODE_YDIJ_HANDOFF\02_CHARACTER_ART_STRUCTURE\digimon_runtime_manifest.json,DECODED_REFERENCE,RAW_ENTITY_M531_METALSEADRAMON,NDS_2D,PIXIJS_2D,NEEDS_REBUILD,ORIGINAL_REPLACEMENT_REQUIRED,VERIFIED_CROSSCHECK,ROM_COPYRIGHTED_REFERENCE,true,,,,,,,,,REBUILD,,[],"[""NEXUS_IDENTITY_AND_RIGHTS_REPLACEMENT_REQUIRED""]","digimon; 8 gameplay files per entity contract (Main/Sub x NANR, graphics, NCER, NCLR). Rendered sheets are research-only; do not copy identity pixels into shipping art."
art:character:m532-rosemon:rom-reference,CHARACTER,CHARACTER_ENTITY_REFERENCE,m532_rosemon,YDIJ decoded character runtime manifest,R:\NEXUS LINK\原作\CLAUDE_CODE_YDIJ_HANDOFF\02_CHARACTER_ART_STRUCTURE\digimon_runtime_manifest.json,DECODED_REFERENCE,RAW_ENTITY_M532_ROSEMON,NDS_2D,PIXIJS_2D,NEEDS_REBUILD,ORIGINAL_REPLACEMENT_REQUIRED,VERIFIED_CROSSCHECK,ROM_COPYRIGHTED_REFERENCE,true,,,,,,,,,REBUILD,,[],"[""NEXUS_IDENTITY_AND_RIGHTS_REPLACEMENT_REQUIRED""]","digimon; 8 gameplay files per entity contract (Main/Sub x NANR, graphics, NCER, NCLR). Rendered sheets are research-only; do not copy identity pixels into shipping art."
art:character:m533-zeedgarurumon:rom-reference,CHARACTER,CHARACTER_ENTITY_REFERENCE,m533_zeedgarurumon,YDIJ decoded character runtime manifest,R:\NEXUS LINK\原作\CLAUDE_CODE_YDIJ_HANDOFF\02_CHARACTER_ART_STRUCTURE\digimon_runtime_manifest.json,DECODED_REFERENCE,RAW_ENTITY_M533_ZEEDGARURUMON,NDS_2D,PIXIJS_2D,NEEDS_REBUILD,ORIGINAL_REPLACEMENT_REQUIRED,VERIFIED_CROSSCHECK,ROM_COPYRIGHTED_REFERENCE,true,,,,,,,,,REBUILD,,[],"[""NEXUS_IDENTITY_AND_RIGHTS_REPLACEMENT_REQUIRED""]","digimon; 8 gameplay files per entity contract (Main/Sub x NANR, graphics, NCER, NCLR). Rendered sheets are research-only; do not copy identity pixels into shipping art."
art:character:m534-victorygreymon:rom-reference,CHARACTER,CHARACTER_ENTITY_REFERENCE,m534_victorygreymon,YDIJ decoded character runtime manifest,R:\NEXUS LINK\原作\CLAUDE_CODE_YDIJ_HANDOFF\02_CHARACTER_ART_STRUCTURE\digimon_runtime_manifest.json,DECODED_REFERENCE,RAW_ENTITY_M534_VICTORYGREYMON,NDS_2D,PIXIJS_2D,NEEDS_REBUILD,ORIGINAL_REPLACEMENT_REQUIRED,VERIFIED_CROSSCHECK,ROM_COPYRIGHTED_REFERENCE,true,,,,,,,,,REBUILD,,[],"[""NEXUS_IDENTITY_AND_RIGHTS_REPLACEMENT_REQUIRED""]","digimon; 8 gameplay files per entity contract (Main/Sub x NANR, graphics, NCER, NCLR). Rendered sheets are research-only; do not copy identity pixels into shipping art."
art:character:m535-slayerdramon:rom-reference,CHARACTER,CHARACTER_ENTITY_REFERENCE,m535_slayerdramon,YDIJ decoded character runtime manifest,R:\NEXUS LINK\原作\CLAUDE_CODE_YDIJ_HANDOFF\02_CHARACTER_ART_STRUCTURE\digimon_runtime_manifest.json,DECODED_REFERENCE,RAW_ENTITY_M535_SLAYERDRAMON,NDS_2D,PIXIJS_2D,NEEDS_REBUILD,ORIGINAL_REPLACEMENT_REQUIRED,VERIFIED_CROSSCHECK,ROM_COPYRIGHTED_REFERENCE,true,,,,,,,,,REBUILD,,[],"[""NEXUS_IDENTITY_AND_RIGHTS_REPLACEMENT_REQUIRED""]","digimon; 8 gameplay files per entity contract (Main/Sub x NANR, graphics, NCER, NCLR). Rendered sheets are research-only; do not copy identity pixels into shipping art."
art:character:m536-brakedramon:rom-reference,CHARACTER,CHARACTER_ENTITY_REFERENCE,m536_brakedramon,YDIJ decoded character runtime manifest,R:\NEXUS LINK\原作\CLAUDE_CODE_YDIJ_HANDOFF\02_CHARACTER_ART_STRUCTURE\digimon_runtime_manifest.json,DECODED_REFERENCE,RAW_ENTITY_M536_BRAKEDRAMON,NDS_2D,PIXIJS_2D,NEEDS_REBUILD,ORIGINAL_REPLACEMENT_REQUIRED,VERIFIED_CROSSCHECK,ROM_COPYRIGHTED_REFERENCE,true,,,,,,,,,REBUILD,,[],"[""NEXUS_IDENTITY_AND_RIGHTS_REPLACEMENT_REQUIRED""]","digimon; 8 gameplay files per entity contract (Main/Sub x NANR, graphics, NCER, NCLR). Rendered sheets are research-only; do not copy identity pixels into shipping art."
art:character:m538-apollomon:rom-reference,CHARACTER,CHARACTER_ENTITY_REFERENCE,m538_apollomon,YDIJ decoded character runtime manifest,R:\NEXUS LINK\原作\CLAUDE_CODE_YDIJ_HANDOFF\02_CHARACTER_ART_STRUCTURE\digimon_runtime_manifest.json,DECODED_REFERENCE,RAW_ENTITY_M538_APOLLOMON,NDS_2D,PIXIJS_2D,NEEDS_REBUILD,ORIGINAL_REPLACEMENT_REQUIRED,VERIFIED_CROSSCHECK,ROM_COPYRIGHTED_REFERENCE,true,,,,,,,,,REBUILD,,[],"[""NEXUS_IDENTITY_AND_RIGHTS_REPLACEMENT_REQUIRED""]","digimon; 8 gameplay files per entity contract (Main/Sub x NANR, graphics, NCER, NCLR). Rendered sheets are research-only; do not copy identity pixels into shipping art."
art:character:m539-dianamon:rom-reference,CHARACTER,CHARACTER_ENTITY_REFERENCE,m539_dianamon,YDIJ decoded character runtime manifest,R:\NEXUS LINK\原作\CLAUDE_CODE_YDIJ_HANDOFF\02_CHARACTER_ART_STRUCTURE\digimon_runtime_manifest.json,DECODED_REFERENCE,RAW_ENTITY_M539_DIANAMON,NDS_2D,PIXIJS_2D,NEEDS_REBUILD,ORIGINAL_REPLACEMENT_REQUIRED,VERIFIED_CROSSCHECK,ROM_COPYRIGHTED_REFERENCE,true,,,,,,,,,REBUILD,,[],"[""NEXUS_IDENTITY_AND_RIGHTS_REPLACEMENT_REQUIRED""]","digimon; 8 gameplay files per entity contract (Main/Sub x NANR, graphics, NCER, NCLR). Rendered sheets are research-only; do not copy identity pixels into shipping art."
art:character:m540-imperialdramon-fm:rom-reference,CHARACTER,CHARACTER_ENTITY_REFERENCE,m540_imperialdramon_fm,YDIJ decoded character runtime manifest,R:\NEXUS LINK\原作\CLAUDE_CODE_YDIJ_HANDOFF\02_CHARACTER_ART_STRUCTURE\digimon_runtime_manifest.json,DECODED_REFERENCE,RAW_ENTITY_M540_IMPERIALDRAMON_FM,NDS_2D,PIXIJS_2D,NEEDS_REBUILD,ORIGINAL_REPLACEMENT_REQUIRED,VERIFIED_CROSSCHECK,ROM_COPYRIGHTED_REFERENCE,true,,,,,,,,,REBUILD,,[],"[""NEXUS_IDENTITY_AND_RIGHTS_REPLACEMENT_REQUIRED""]","digimon; 8 gameplay files per entity contract (Main/Sub x NANR, graphics, NCER, NCLR). Rendered sheets are research-only; do not copy identity pixels into shipping art."
art:character:m541-dukemon:rom-reference,CHARACTER,CHARACTER_ENTITY_REFERENCE,m541_dukemon,YDIJ decoded character runtime manifest,R:\NEXUS LINK\原作\CLAUDE_CODE_YDIJ_HANDOFF\02_CHARACTER_ART_STRUCTURE\digimon_runtime_manifest.json,DECODED_REFERENCE,RAW_ENTITY_M541_DUKEMON,NDS_2D,PIXIJS_2D,NEEDS_REBUILD,ORIGINAL_REPLACEMENT_REQUIRED,VERIFIED_CROSSCHECK,ROM_COPYRIGHTED_REFERENCE,true,,,,,,,,,REBUILD,,[],"[""NEXUS_IDENTITY_AND_RIGHTS_REPLACEMENT_REQUIRED""]","digimon; 8 gameplay files per entity contract (Main/Sub x NANR, graphics, NCER, NCLR). Rendered sheets are research-only; do not copy identity pixels into shipping art."
art:map:field-cm01-01:cage-reference,MAP,CAGE_ENVIRONMENT_REFERENCE,field_cm01_01,YDIJ Cage terrain visual map,R:\NEXUS LINK\原作\CLAUDE_CODE_YDIJ_HANDOFF\03_MAP_ART_STRUCTURE\original_reference\CAGE_TERRAIN_VISUAL_MAP_40.csv,RESEARCH_DOCUMENT,CAGE_ENVIRONMENT_01,NDS_2D,LAYERED_2D,REUSABLE_STRUCTURE,ORIGINAL_REPLACEMENT_REQUIRED,HIGH_CONFIDENCE_ENUM_ALIGNMENT,ROM_COPYRIGHTED_REFERENCE,true,,,,,,,,,REBUILD,,[],"[""ORIGINAL_ENVIRONMENT_REPLACEMENT_REQUIRED""]","Vacant Lot / あきち; preserve environment role, rebuild original visuals."
art:map:field-cm02-01:cage-reference,MAP,CAGE_ENVIRONMENT_REFERENCE,field_cm02_01,YDIJ Cage terrain visual map,R:\NEXUS LINK\原作\CLAUDE_CODE_YDIJ_HANDOFF\03_MAP_ART_STRUCTURE\original_reference\CAGE_TERRAIN_VISUAL_MAP_40.csv,RESEARCH_DOCUMENT,CAGE_ENVIRONMENT_02,NDS_2D,LAYERED_2D,REUSABLE_STRUCTURE,ORIGINAL_REPLACEMENT_REQUIRED,HIGH_CONFIDENCE_ENUM_ALIGNMENT,ROM_COPYRIGHTED_REFERENCE,true,,,,,,,,,REBUILD,,[],"[""ORIGINAL_ENVIRONMENT_REPLACEMENT_REQUIRED""]","Exercise Ground / うんどうじょう; preserve environment role, rebuild original visuals."
art:map:field-cm03-01:cage-reference,MAP,CAGE_ENVIRONMENT_REFERENCE,field_cm03_01,YDIJ Cage terrain visual map,R:\NEXUS LINK\原作\CLAUDE_CODE_YDIJ_HANDOFF\03_MAP_ART_STRUCTURE\original_reference\CAGE_TERRAIN_VISUAL_MAP_40.csv,RESEARCH_DOCUMENT,CAGE_ENVIRONMENT_03,NDS_2D,LAYERED_2D,REUSABLE_STRUCTURE,ORIGINAL_REPLACEMENT_REQUIRED,HIGH_CONFIDENCE_ENUM_ALIGNMENT,ROM_COPYRIGHTED_REFERENCE,true,,,,,,,,,REBUILD,,[],"[""ORIGINAL_ENVIRONMENT_REPLACEMENT_REQUIRED""]","Arena / きょうぎじょう; preserve environment role, rebuild original visuals."
art:map:field-cm04-01:cage-reference,MAP,CAGE_ENVIRONMENT_REFERENCE,field_cm04_01,YDIJ Cage terrain visual map,R:\NEXUS LINK\原作\CLAUDE_CODE_YDIJ_HANDOFF\03_MAP_ART_STRUCTURE\original_reference\CAGE_TERRAIN_VISUAL_MAP_40.csv,RESEARCH_DOCUMENT,CAGE_ENVIRONMENT_04,NDS_2D,LAYERED_2D,REUSABLE_STRUCTURE,ORIGINAL_REPLACEMENT_REQUIRED,HIGH_CONFIDENCE_ENUM_ALIGNMENT,ROM_COPYRIGHTED_REFERENCE,true,,,,,,,,,REBUILD,,[],"[""ORIGINAL_ENVIRONMENT_REPLACEMENT_REQUIRED""]","Dojo / どうじょう; preserve environment role, rebuild original visuals."
art:map:field-cm05-01:cage-reference,MAP,CAGE_ENVIRONMENT_REFERENCE,field_cm05_01,YDIJ Cage terrain visual map,R:\NEXUS LINK\原作\CLAUDE_CODE_YDIJ_HANDOFF\03_MAP_ART_STRUCTURE\original_reference\CAGE_TERRAIN_VISUAL_MAP_40.csv,RESEARCH_DOCUMENT,CAGE_ENVIRONMENT_05,NDS_2D,LAYERED_2D,REUSABLE_STRUCTURE,ORIGINAL_REPLACEMENT_REQUIRED,HIGH_CONFIDENCE_ENUM_ALIGNMENT,ROM_COPYRIGHTED_REFERENCE,true,,,,,,,,,REBUILD,,[],"[""ORIGINAL_ENVIRONMENT_REPLACEMENT_REQUIRED""]","Gym / ジム; preserve environment role, rebuild original visuals."
art:map:field-cm06-01:cage-reference,MAP,CAGE_ENVIRONMENT_REFERENCE,field_cm06_01,YDIJ Cage terrain visual map,R:\NEXUS LINK\原作\CLAUDE_CODE_YDIJ_HANDOFF\03_MAP_ART_STRUCTURE\original_reference\CAGE_TERRAIN_VISUAL_MAP_40.csv,RESEARCH_DOCUMENT,CAGE_ENVIRONMENT_06,NDS_2D,LAYERED_2D,REUSABLE_STRUCTURE,ORIGINAL_REPLACEMENT_REQUIRED,HIGH_CONFIDENCE_ENUM_ALIGNMENT,ROM_COPYRIGHTED_REFERENCE,true,,,,,,,,,REBUILD,,[],"[""ORIGINAL_ENVIRONMENT_REPLACEMENT_REQUIRED""]","Laboratory / けんきゅうじょ; preserve environment role, rebuild original visuals."
art:map:field-cm07-01:cage-reference,MAP,CAGE_ENVIRONMENT_REFERENCE,field_cm07_01,YDIJ Cage terrain visual map,R:\NEXUS LINK\原作\CLAUDE_CODE_YDIJ_HANDOFF\03_MAP_ART_STRUCTURE\original_reference\CAGE_TERRAIN_VISUAL_MAP_40.csv,RESEARCH_DOCUMENT,CAGE_ENVIRONMENT_07,NDS_2D,LAYERED_2D,REUSABLE_STRUCTURE,ORIGINAL_REPLACEMENT_REQUIRED,HIGH_CONFIDENCE_ENUM_ALIGNMENT,ROM_COPYRIGHTED_REFERENCE,true,,,,,,,,,REBUILD,,[],"[""ORIGINAL_ENVIRONMENT_REPLACEMENT_REQUIRED""]","Volcano / かざん; preserve environment role, rebuild original visuals."
art:map:field-cm08-01:cage-reference,MAP,CAGE_ENVIRONMENT_REFERENCE,field_cm08_01,YDIJ Cage terrain visual map,R:\NEXUS LINK\原作\CLAUDE_CODE_YDIJ_HANDOFF\03_MAP_ART_STRUCTURE\original_reference\CAGE_TERRAIN_VISUAL_MAP_40.csv,RESEARCH_DOCUMENT,CAGE_ENVIRONMENT_08,NDS_2D,LAYERED_2D,REUSABLE_STRUCTURE,ORIGINAL_REPLACEMENT_REQUIRED,HIGH_CONFIDENCE_ENUM_ALIGNMENT,ROM_COPYRIGHTED_REFERENCE,true,,,,,,,,,REBUILD,,[],"[""ORIGINAL_ENVIRONMENT_REPLACEMENT_REQUIRED""]","Grassland / そうげん; preserve environment role, rebuild original visuals."
art:map:field-cm09-01:cage-reference,MAP,CAGE_ENVIRONMENT_REFERENCE,field_cm09_01,YDIJ Cage terrain visual map,R:\NEXUS LINK\原作\CLAUDE_CODE_YDIJ_HANDOFF\03_MAP_ART_STRUCTURE\original_reference\CAGE_TERRAIN_VISUAL_MAP_40.csv,RESEARCH_DOCUMENT,CAGE_ENVIRONMENT_09,NDS_2D,LAYERED_2D,REUSABLE_STRUCTURE,ORIGINAL_REPLACEMENT_REQUIRED,HIGH_CONFIDENCE_ENUM_ALIGNMENT,ROM_COPYRIGHTED_REFERENCE,true,,,,,,,,,REBUILD,,[],"[""ORIGINAL_ENVIRONMENT_REPLACEMENT_REQUIRED""]","Beach / ビーチ; preserve environment role, rebuild original visuals."
art:map:field-cm10-01:cage-reference,MAP,CAGE_ENVIRONMENT_REFERENCE,field_cm10_01,YDIJ Cage terrain visual map,R:\NEXUS LINK\原作\CLAUDE_CODE_YDIJ_HANDOFF\03_MAP_ART_STRUCTURE\original_reference\CAGE_TERRAIN_VISUAL_MAP_40.csv,RESEARCH_DOCUMENT,CAGE_ENVIRONMENT_10,NDS_2D,LAYERED_2D,REUSABLE_STRUCTURE,ORIGINAL_REPLACEMENT_REQUIRED,HIGH_CONFIDENCE_ENUM_ALIGNMENT,ROM_COPYRIGHTED_REFERENCE,true,,,,,,,,,REBUILD,,[],"[""ORIGINAL_ENVIRONMENT_REPLACEMENT_REQUIRED""]","Mine / こうざん; preserve environment role, rebuild original visuals."
art:map:field-cm11-01:cage-reference,MAP,CAGE_ENVIRONMENT_REFERENCE,field_cm11_01,YDIJ Cage terrain visual map,R:\NEXUS LINK\原作\CLAUDE_CODE_YDIJ_HANDOFF\03_MAP_ART_STRUCTURE\original_reference\CAGE_TERRAIN_VISUAL_MAP_40.csv,RESEARCH_DOCUMENT,CAGE_ENVIRONMENT_11,NDS_2D,LAYERED_2D,REUSABLE_STRUCTURE,ORIGINAL_REPLACEMENT_REQUIRED,HIGH_CONFIDENCE_ENUM_ALIGNMENT,ROM_COPYRIGHTED_REFERENCE,true,,,,,,,,,REBUILD,,[],"[""ORIGINAL_ENVIRONMENT_REPLACEMENT_REQUIRED""]","Forest / もり; preserve environment role, rebuild original visuals."
art:map:field-cm12-01:cage-reference,MAP,CAGE_ENVIRONMENT_REFERENCE,field_cm12_01,YDIJ Cage terrain visual map,R:\NEXUS LINK\原作\CLAUDE_CODE_YDIJ_HANDOFF\03_MAP_ART_STRUCTURE\original_reference\CAGE_TERRAIN_VISUAL_MAP_40.csv,RESEARCH_DOCUMENT,CAGE_ENVIRONMENT_12,NDS_2D,LAYERED_2D,REUSABLE_STRUCTURE,ORIGINAL_REPLACEMENT_REQUIRED,HIGH_CONFIDENCE_ENUM_ALIGNMENT,ROM_COPYRIGHTED_REFERENCE,true,,,,,,,,,REBUILD,,[],"[""ORIGINAL_ENVIRONMENT_REPLACEMENT_REQUIRED""]","Jungle / ジャングル; preserve environment role, rebuild original visuals."
art:map:field-cm13-01:cage-reference,MAP,CAGE_ENVIRONMENT_REFERENCE,field_cm13_01,YDIJ Cage terrain visual map,R:\NEXUS LINK\原作\CLAUDE_CODE_YDIJ_HANDOFF\03_MAP_ART_STRUCTURE\original_reference\CAGE_TERRAIN_VISUAL_MAP_40.csv,RESEARCH_DOCUMENT,CAGE_ENVIRONMENT_13,NDS_2D,LAYERED_2D,REUSABLE_STRUCTURE,ORIGINAL_REPLACEMENT_REQUIRED,HIGH_CONFIDENCE_ENUM_ALIGNMENT,ROM_COPYRIGHTED_REFERENCE,true,,,,,,,,,REBUILD,,[],"[""ORIGINAL_ENVIRONMENT_REPLACEMENT_REQUIRED""]","Shrine / しんでん; preserve environment role, rebuild original visuals."
art:map:field-cm14-01:cage-reference,MAP,CAGE_ENVIRONMENT_REFERENCE,field_cm14_01,YDIJ Cage terrain visual map,R:\NEXUS LINK\原作\CLAUDE_CODE_YDIJ_HANDOFF\03_MAP_ART_STRUCTURE\original_reference\CAGE_TERRAIN_VISUAL_MAP_40.csv,RESEARCH_DOCUMENT,CAGE_ENVIRONMENT_14,NDS_2D,LAYERED_2D,REUSABLE_STRUCTURE,ORIGINAL_REPLACEMENT_REQUIRED,HIGH_CONFIDENCE_ENUM_ALIGNMENT,ROM_COPYRIGHTED_REFERENCE,true,,,,,,,,,REBUILD,,[],"[""ORIGINAL_ENVIRONMENT_REPLACEMENT_REQUIRED""]","Graveyard / はかば; preserve environment role, rebuild original visuals."
art:map:field-cm15-01:cage-reference,MAP,CAGE_ENVIRONMENT_REFERENCE,field_cm15_01,YDIJ Cage terrain visual map,R:\NEXUS LINK\原作\CLAUDE_CODE_YDIJ_HANDOFF\03_MAP_ART_STRUCTURE\original_reference\CAGE_TERRAIN_VISUAL_MAP_40.csv,RESEARCH_DOCUMENT,CAGE_ENVIRONMENT_15,NDS_2D,LAYERED_2D,REUSABLE_STRUCTURE,ORIGINAL_REPLACEMENT_REQUIRED,HIGH_CONFIDENCE_ENUM_ALIGNMENT,ROM_COPYRIGHTED_REFERENCE,true,,,,,,,,,REBUILD,,[],"[""ORIGINAL_ENVIRONMENT_REPLACEMENT_REQUIRED""]","Factory / こうじょう; preserve environment role, rebuild original visuals."
art:map:field-cm16-01:cage-reference,MAP,CAGE_ENVIRONMENT_REFERENCE,field_cm16_01,YDIJ Cage terrain visual map,R:\NEXUS LINK\原作\CLAUDE_CODE_YDIJ_HANDOFF\03_MAP_ART_STRUCTURE\original_reference\CAGE_TERRAIN_VISUAL_MAP_40.csv,RESEARCH_DOCUMENT,CAGE_ENVIRONMENT_16,NDS_2D,LAYERED_2D,REUSABLE_STRUCTURE,ORIGINAL_REPLACEMENT_REQUIRED,HIGH_CONFIDENCE_ENUM_ALIGNMENT,ROM_COPYRIGHTED_REFERENCE,true,,,,,,,,,REBUILD,,[],"[""ORIGINAL_ENVIRONMENT_REPLACEMENT_REQUIRED""]","Mini Clinic / ミニほけんしつ; preserve environment role, rebuild original visuals."
art:map:field-cm17-01:cage-reference,MAP,CAGE_ENVIRONMENT_REFERENCE,field_cm17_01,YDIJ Cage terrain visual map,R:\NEXUS LINK\原作\CLAUDE_CODE_YDIJ_HANDOFF\03_MAP_ART_STRUCTURE\original_reference\CAGE_TERRAIN_VISUAL_MAP_40.csv,RESEARCH_DOCUMENT,CAGE_ENVIRONMENT_17,NDS_2D,LAYERED_2D,REUSABLE_STRUCTURE,ORIGINAL_REPLACEMENT_REQUIRED,HIGH_CONFIDENCE_ENUM_ALIGNMENT,ROM_COPYRIGHTED_REFERENCE,true,,,,,,,,,REBUILD,,[],"[""ORIGINAL_ENVIRONMENT_REPLACEMENT_REQUIRED""]","Hospital / びょういん; preserve environment role, rebuild original visuals."
art:map:field-cm18-01:cage-reference,MAP,CAGE_ENVIRONMENT_REFERENCE,field_cm18_01,YDIJ Cage terrain visual map,R:\NEXUS LINK\原作\CLAUDE_CODE_YDIJ_HANDOFF\03_MAP_ART_STRUCTURE\original_reference\CAGE_TERRAIN_VISUAL_MAP_40.csv,RESEARCH_DOCUMENT,CAGE_ENVIRONMENT_18,NDS_2D,LAYERED_2D,REUSABLE_STRUCTURE,ORIGINAL_REPLACEMENT_REQUIRED,HIGH_CONFIDENCE_ENUM_ALIGNMENT,ROM_COPYRIGHTED_REFERENCE,true,,,,,,,,,REBUILD,,[],"[""ORIGINAL_ENVIRONMENT_REPLACEMENT_REQUIRED""]","Flower Garden / はなぞの; preserve environment role, rebuild original visuals."
art:map:field-cm19-01:cage-reference,MAP,CAGE_ENVIRONMENT_REFERENCE,field_cm19_01,YDIJ Cage terrain visual map,R:\NEXUS LINK\原作\CLAUDE_CODE_YDIJ_HANDOFF\03_MAP_ART_STRUCTURE\original_reference\CAGE_TERRAIN_VISUAL_MAP_40.csv,RESEARCH_DOCUMENT,CAGE_ENVIRONMENT_19,NDS_2D,LAYERED_2D,REUSABLE_STRUCTURE,ORIGINAL_REPLACEMENT_REQUIRED,HIGH_CONFIDENCE_ENUM_ALIGNMENT,ROM_COPYRIGHTED_REFERENCE,true,,,,,,,,,REBUILD,,[],"[""ORIGINAL_ENVIRONMENT_REPLACEMENT_REQUIRED""]","Hot Spring / おんせん; preserve environment role, rebuild original visuals."
art:map:field-cm20-01:cage-reference,MAP,CAGE_ENVIRONMENT_REFERENCE,field_cm20_01,YDIJ Cage terrain visual map,R:\NEXUS LINK\原作\CLAUDE_CODE_YDIJ_HANDOFF\03_MAP_ART_STRUCTURE\original_reference\CAGE_TERRAIN_VISUAL_MAP_40.csv,RESEARCH_DOCUMENT,CAGE_ENVIRONMENT_20,NDS_2D,LAYERED_2D,REUSABLE_STRUCTURE,ORIGINAL_REPLACEMENT_REQUIRED,HIGH_CONFIDENCE_ENUM_ALIGNMENT,ROM_COPYRIGHTED_REFERENCE,true,,,,,,,,,REBUILD,,[],"[""ORIGINAL_ENVIRONMENT_REPLACEMENT_REQUIRED""]","Desert / さばく; preserve environment role, rebuild original visuals."
art:map:field-cm21-01:cage-reference,MAP,CAGE_ENVIRONMENT_REFERENCE,field_cm21_01,YDIJ Cage terrain visual map,R:\NEXUS LINK\原作\CLAUDE_CODE_YDIJ_HANDOFF\03_MAP_ART_STRUCTURE\original_reference\CAGE_TERRAIN_VISUAL_MAP_40.csv,RESEARCH_DOCUMENT,CAGE_ENVIRONMENT_21,NDS_2D,LAYERED_2D,REUSABLE_STRUCTURE,ORIGINAL_REPLACEMENT_REQUIRED,HIGH_CONFIDENCE_ENUM_ALIGNMENT,ROM_COPYRIGHTED_REFERENCE,true,,,,,,,,,REBUILD,,[],"[""ORIGINAL_ENVIRONMENT_REPLACEMENT_REQUIRED""]","Ice / こおり; preserve environment role, rebuild original visuals."
art:map:field-cm22-01:cage-reference,MAP,CAGE_ENVIRONMENT_REFERENCE,field_cm22_01,YDIJ Cage terrain visual map,R:\NEXUS LINK\原作\CLAUDE_CODE_YDIJ_HANDOFF\03_MAP_ART_STRUCTURE\original_reference\CAGE_TERRAIN_VISUAL_MAP_40.csv,RESEARCH_DOCUMENT,CAGE_ENVIRONMENT_22,NDS_2D,LAYERED_2D,REUSABLE_STRUCTURE,ORIGINAL_REPLACEMENT_REQUIRED,HIGH_CONFIDENCE_ENUM_ALIGNMENT,ROM_COPYRIGHTED_REFERENCE,true,,,,,,,,,REBUILD,,[],"[""ORIGINAL_ENVIRONMENT_REPLACEMENT_REQUIRED""]","Power Plant / はつでんしょ; preserve environment role, rebuild original visuals."
art:map:field-cm23-01:cage-reference,MAP,CAGE_ENVIRONMENT_REFERENCE,field_cm23_01,YDIJ Cage terrain visual map,R:\NEXUS LINK\原作\CLAUDE_CODE_YDIJ_HANDOFF\03_MAP_ART_STRUCTURE\original_reference\CAGE_TERRAIN_VISUAL_MAP_40.csv,RESEARCH_DOCUMENT,CAGE_ENVIRONMENT_23,NDS_2D,LAYERED_2D,REUSABLE_STRUCTURE,ORIGINAL_REPLACEMENT_REQUIRED,HIGH_CONFIDENCE_ENUM_ALIGNMENT,ROM_COPYRIGHTED_REFERENCE,true,,,,,,,,,REBUILD,,[],"[""ORIGINAL_ENVIRONMENT_REPLACEMENT_REQUIRED""]","Gas Room / ガスルーム; preserve environment role, rebuild original visuals."
art:map:field-cm24-01:cage-reference,MAP,CAGE_ENVIRONMENT_REFERENCE,field_cm24_01,YDIJ Cage terrain visual map,R:\NEXUS LINK\原作\CLAUDE_CODE_YDIJ_HANDOFF\03_MAP_ART_STRUCTURE\original_reference\CAGE_TERRAIN_VISUAL_MAP_40.csv,RESEARCH_DOCUMENT,CAGE_ENVIRONMENT_24,NDS_2D,LAYERED_2D,REUSABLE_STRUCTURE,ORIGINAL_REPLACEMENT_REQUIRED,HIGH_CONFIDENCE_ENUM_ALIGNMENT,ROM_COPYRIGHTED_REFERENCE,true,,,,,,,,,REBUILD,,[],"[""ORIGINAL_ENVIRONMENT_REPLACEMENT_REQUIRED""]","Temple / おてら; preserve environment role, rebuild original visuals."
art:map:field-cm25-01:cage-reference,MAP,CAGE_ENVIRONMENT_REFERENCE,field_cm25_01,YDIJ Cage terrain visual map,R:\NEXUS LINK\原作\CLAUDE_CODE_YDIJ_HANDOFF\03_MAP_ART_STRUCTURE\original_reference\CAGE_TERRAIN_VISUAL_MAP_40.csv,RESEARCH_DOCUMENT,CAGE_ENVIRONMENT_25,NDS_2D,LAYERED_2D,REUSABLE_STRUCTURE,ORIGINAL_REPLACEMENT_REQUIRED,HIGH_CONFIDENCE_ENUM_ALIGNMENT,ROM_COPYRIGHTED_REFERENCE,true,,,,,,,,,REBUILD,,[],"[""ORIGINAL_ENVIRONMENT_REPLACEMENT_REQUIRED""]","Zoo / どうぶつえん; preserve environment role, rebuild original visuals."
art:map:field-cm26-01:cage-reference,MAP,CAGE_ENVIRONMENT_REFERENCE,field_cm26_01,YDIJ Cage terrain visual map,R:\NEXUS LINK\原作\CLAUDE_CODE_YDIJ_HANDOFF\03_MAP_ART_STRUCTURE\original_reference\CAGE_TERRAIN_VISUAL_MAP_40.csv,RESEARCH_DOCUMENT,CAGE_ENVIRONMENT_26,NDS_2D,LAYERED_2D,REUSABLE_STRUCTURE,ORIGINAL_REPLACEMENT_REQUIRED,HIGH_CONFIDENCE_ENUM_ALIGNMENT,ROM_COPYRIGHTED_REFERENCE,true,,,,,,,,,REBUILD,,[],"[""ORIGINAL_ENVIRONMENT_REPLACEMENT_REQUIRED""]","Ranch / ぼくじょう; preserve environment role, rebuild original visuals."
art:map:field-cm27-01:cage-reference,MAP,CAGE_ENVIRONMENT_REFERENCE,field_cm27_01,YDIJ Cage terrain visual map,R:\NEXUS LINK\原作\CLAUDE_CODE_YDIJ_HANDOFF\03_MAP_ART_STRUCTURE\original_reference\CAGE_TERRAIN_VISUAL_MAP_40.csv,RESEARCH_DOCUMENT,CAGE_ENVIRONMENT_27,NDS_2D,LAYERED_2D,REUSABLE_STRUCTURE,ORIGINAL_REPLACEMENT_REQUIRED,HIGH_CONFIDENCE_ENUM_ALIGNMENT,ROM_COPYRIGHTED_REFERENCE,true,,,,,,,,,REBUILD,,[],"[""ORIGINAL_ENVIRONMENT_REPLACEMENT_REQUIRED""]","Ring / リング; preserve environment role, rebuild original visuals."
art:map:field-cm28-01:cage-reference,MAP,CAGE_ENVIRONMENT_REFERENCE,field_cm28_01,YDIJ Cage terrain visual map,R:\NEXUS LINK\原作\CLAUDE_CODE_YDIJ_HANDOFF\03_MAP_ART_STRUCTURE\original_reference\CAGE_TERRAIN_VISUAL_MAP_40.csv,RESEARCH_DOCUMENT,CAGE_ENVIRONMENT_28,NDS_2D,LAYERED_2D,REUSABLE_STRUCTURE,ORIGINAL_REPLACEMENT_REQUIRED,HIGH_CONFIDENCE_ENUM_ALIGNMENT,ROM_COPYRIGHTED_REFERENCE,true,,,,,,,,,REBUILD,,[],"[""ORIGINAL_ENVIRONMENT_REPLACEMENT_REQUIRED""]","Waiting Room / ひかえしつ; preserve environment role, rebuild original visuals."
art:map:field-cm29-01:cage-reference,MAP,CAGE_ENVIRONMENT_REFERENCE,field_cm29_01,YDIJ Cage terrain visual map,R:\NEXUS LINK\原作\CLAUDE_CODE_YDIJ_HANDOFF\03_MAP_ART_STRUCTURE\original_reference\CAGE_TERRAIN_VISUAL_MAP_40.csv,RESEARCH_DOCUMENT,CAGE_ENVIRONMENT_29,NDS_2D,LAYERED_2D,REUSABLE_STRUCTURE,ORIGINAL_REPLACEMENT_REQUIRED,HIGH_CONFIDENCE_ENUM_ALIGNMENT,ROM_COPYRIGHTED_REFERENCE,true,,,,,,,,,REBUILD,,[],"[""ORIGINAL_ENVIRONMENT_REPLACEMENT_REQUIRED""]","Lid / ふた; preserve environment role, rebuild original visuals."
art:map:field-cm30-01:cage-reference,MAP,CAGE_ENVIRONMENT_REFERENCE,field_cm30_01,YDIJ Cage terrain visual map,R:\NEXUS LINK\原作\CLAUDE_CODE_YDIJ_HANDOFF\03_MAP_ART_STRUCTURE\original_reference\CAGE_TERRAIN_VISUAL_MAP_40.csv,RESEARCH_DOCUMENT,CAGE_ENVIRONMENT_30,NDS_2D,LAYERED_2D,REUSABLE_STRUCTURE,ORIGINAL_REPLACEMENT_REQUIRED,HIGH_CONFIDENCE_ENUM_ALIGNMENT,ROM_COPYRIGHTED_REFERENCE,true,,,,,,,,,REBUILD,,[],"[""ORIGINAL_ENVIRONMENT_REPLACEMENT_REQUIRED""]","Mini Exercise / ミニうんどうじょう; preserve environment role, rebuild original visuals."
art:map:field-cm31-01:cage-reference,MAP,CAGE_ENVIRONMENT_REFERENCE,field_cm31_01,YDIJ Cage terrain visual map,R:\NEXUS LINK\原作\CLAUDE_CODE_YDIJ_HANDOFF\03_MAP_ART_STRUCTURE\original_reference\CAGE_TERRAIN_VISUAL_MAP_40.csv,RESEARCH_DOCUMENT,CAGE_ENVIRONMENT_31,NDS_2D,LAYERED_2D,REUSABLE_STRUCTURE,ORIGINAL_REPLACEMENT_REQUIRED,HIGH_CONFIDENCE_ENUM_ALIGNMENT,ROM_COPYRIGHTED_REFERENCE,true,,,,,,,,,REBUILD,,[],"[""ORIGINAL_ENVIRONMENT_REPLACEMENT_REQUIRED""]","Clinic / ほけんしつ; preserve environment role, rebuild original visuals."
art:map:field-cm32-01:cage-reference,MAP,CAGE_ENVIRONMENT_REFERENCE,field_cm32_01,YDIJ Cage terrain visual map,R:\NEXUS LINK\原作\CLAUDE_CODE_YDIJ_HANDOFF\03_MAP_ART_STRUCTURE\original_reference\CAGE_TERRAIN_VISUAL_MAP_40.csv,RESEARCH_DOCUMENT,CAGE_ENVIRONMENT_32,NDS_2D,LAYERED_2D,REUSABLE_STRUCTURE,ORIGINAL_REPLACEMENT_REQUIRED,HIGH_CONFIDENCE_ENUM_ALIGNMENT,ROM_COPYRIGHTED_REFERENCE,true,,,,,,,,,REBUILD,,[],"[""ORIGINAL_ENVIRONMENT_REPLACEMENT_REQUIRED""]","Mini Flower Garden / ミニはなぞの; preserve environment role, rebuild original visuals."
art:map:field-cm33-01:cage-reference,MAP,CAGE_ENVIRONMENT_REFERENCE,field_cm33_01,YDIJ Cage terrain visual map,R:\NEXUS LINK\原作\CLAUDE_CODE_YDIJ_HANDOFF\03_MAP_ART_STRUCTURE\original_reference\CAGE_TERRAIN_VISUAL_MAP_40.csv,RESEARCH_DOCUMENT,CAGE_ENVIRONMENT_33,NDS_2D,LAYERED_2D,REUSABLE_STRUCTURE,ORIGINAL_REPLACEMENT_REQUIRED,HIGH_CONFIDENCE_ENUM_ALIGNMENT,ROM_COPYRIGHTED_REFERENCE,true,,,,,,,,,REBUILD,,[],"[""ORIGINAL_ENVIRONMENT_REPLACEMENT_REQUIRED""]","Mini Forest / ミニもり; preserve environment role, rebuild original visuals."
art:map:field-cm34-01:cage-reference,MAP,CAGE_ENVIRONMENT_REFERENCE,field_cm34_01,YDIJ Cage terrain visual map,R:\NEXUS LINK\原作\CLAUDE_CODE_YDIJ_HANDOFF\03_MAP_ART_STRUCTURE\original_reference\CAGE_TERRAIN_VISUAL_MAP_40.csv,RESEARCH_DOCUMENT,CAGE_ENVIRONMENT_34,NDS_2D,LAYERED_2D,REUSABLE_STRUCTURE,ORIGINAL_REPLACEMENT_REQUIRED,HIGH_CONFIDENCE_ENUM_ALIGNMENT,ROM_COPYRIGHTED_REFERENCE,true,,,,,,,,,REBUILD,,[],"[""ORIGINAL_ENVIRONMENT_REPLACEMENT_REQUIRED""]","Mini Gym / ミニジム; preserve environment role, rebuild original visuals."
art:map:field-cm35-01:cage-reference,MAP,CAGE_ENVIRONMENT_REFERENCE,field_cm35_01,YDIJ Cage terrain visual map,R:\NEXUS LINK\原作\CLAUDE_CODE_YDIJ_HANDOFF\03_MAP_ART_STRUCTURE\original_reference\CAGE_TERRAIN_VISUAL_MAP_40.csv,RESEARCH_DOCUMENT,CAGE_ENVIRONMENT_35,NDS_2D,LAYERED_2D,REUSABLE_STRUCTURE,ORIGINAL_REPLACEMENT_REQUIRED,HIGH_CONFIDENCE_ENUM_ALIGNMENT,ROM_COPYRIGHTED_REFERENCE,true,,,,,,,,,REBUILD,,[],"[""ORIGINAL_ENVIRONMENT_REPLACEMENT_REQUIRED""]","Mini Volcano / ミニかざん; preserve environment role, rebuild original visuals."
art:map:field-cm36-01:cage-reference,MAP,CAGE_ENVIRONMENT_REFERENCE,field_cm36_01,YDIJ Cage terrain visual map,R:\NEXUS LINK\原作\CLAUDE_CODE_YDIJ_HANDOFF\03_MAP_ART_STRUCTURE\original_reference\CAGE_TERRAIN_VISUAL_MAP_40.csv,RESEARCH_DOCUMENT,CAGE_ENVIRONMENT_36,NDS_2D,LAYERED_2D,REUSABLE_STRUCTURE,ORIGINAL_REPLACEMENT_REQUIRED,HIGH_CONFIDENCE_ENUM_ALIGNMENT,ROM_COPYRIGHTED_REFERENCE,true,,,,,,,,,REBUILD,,[],"[""ORIGINAL_ENVIRONMENT_REPLACEMENT_REQUIRED""]","Mini Ice / ミニこおり; preserve environment role, rebuild original visuals."
art:map:field-cm37-01:cage-reference,MAP,CAGE_ENVIRONMENT_REFERENCE,field_cm37_01,YDIJ Cage terrain visual map,R:\NEXUS LINK\原作\CLAUDE_CODE_YDIJ_HANDOFF\03_MAP_ART_STRUCTURE\original_reference\CAGE_TERRAIN_VISUAL_MAP_40.csv,RESEARCH_DOCUMENT,CAGE_ENVIRONMENT_37,NDS_2D,LAYERED_2D,REUSABLE_STRUCTURE,ORIGINAL_REPLACEMENT_REQUIRED,HIGH_CONFIDENCE_ENUM_ALIGNMENT,ROM_COPYRIGHTED_REFERENCE,true,,,,,,,,,REBUILD,,[],"[""ORIGINAL_ENVIRONMENT_REPLACEMENT_REQUIRED""]","Mini Mine / ミニこうざん; preserve environment role, rebuild original visuals."
art:map:field-cm38-01:cage-reference,MAP,CAGE_ENVIRONMENT_REFERENCE,field_cm38_01,YDIJ Cage terrain visual map,R:\NEXUS LINK\原作\CLAUDE_CODE_YDIJ_HANDOFF\03_MAP_ART_STRUCTURE\original_reference\CAGE_TERRAIN_VISUAL_MAP_40.csv,RESEARCH_DOCUMENT,CAGE_ENVIRONMENT_38,NDS_2D,LAYERED_2D,REUSABLE_STRUCTURE,ORIGINAL_REPLACEMENT_REQUIRED,HIGH_CONFIDENCE_ENUM_ALIGNMENT,ROM_COPYRIGHTED_REFERENCE,true,,,,,,,,,REBUILD,,[],"[""ORIGINAL_ENVIRONMENT_REPLACEMENT_REQUIRED""]","Mini Factory / ミニこうじょう; preserve environment role, rebuild original visuals."
art:map:field-cm39-01:cage-reference,MAP,CAGE_ENVIRONMENT_REFERENCE,field_cm39_01,YDIJ Cage terrain visual map,R:\NEXUS LINK\原作\CLAUDE_CODE_YDIJ_HANDOFF\03_MAP_ART_STRUCTURE\original_reference\CAGE_TERRAIN_VISUAL_MAP_40.csv,RESEARCH_DOCUMENT,CAGE_ENVIRONMENT_39,NDS_2D,LAYERED_2D,REUSABLE_STRUCTURE,ORIGINAL_REPLACEMENT_REQUIRED,HIGH_CONFIDENCE_ENUM_ALIGNMENT,ROM_COPYRIGHTED_REFERENCE,true,,,,,,,,,REBUILD,,[],"[""ORIGINAL_ENVIRONMENT_REPLACEMENT_REQUIRED""]","Mini Beach / ミニビーチ; preserve environment role, rebuild original visuals."
art:map:field-cm40-01:cage-reference,MAP,CAGE_ENVIRONMENT_REFERENCE,field_cm40_01,YDIJ Cage terrain visual map,R:\NEXUS LINK\原作\CLAUDE_CODE_YDIJ_HANDOFF\03_MAP_ART_STRUCTURE\original_reference\CAGE_TERRAIN_VISUAL_MAP_40.csv,RESEARCH_DOCUMENT,CAGE_ENVIRONMENT_40,NDS_2D,LAYERED_2D,REUSABLE_STRUCTURE,ORIGINAL_REPLACEMENT_REQUIRED,HIGH_CONFIDENCE_ENUM_ALIGNMENT,ROM_COPYRIGHTED_REFERENCE,true,,,,,,,,,REBUILD,,[],"[""ORIGINAL_ENVIRONMENT_REPLACEMENT_REQUIRED""]","Cave / どうくつ; preserve environment role, rebuild original visuals."
art:map:hm01:hunt-reference,MAP,HUNT_BIOME_REFERENCE,HM01,YDIJ terrain reference table,R:\NEXUS LINK\原作\CLAUDE_CODE_YDIJ_HANDOFF\03_MAP_ART_STRUCTURE\original_reference\ORIGINAL_TERRAIN_REFERENCE_v1.csv,RESEARCH_DOCUMENT,HUNT_BIOME_HM01,NDS_2D,LAYERED_2D,REUSABLE_STRUCTURE,ORIGINAL_REPLACEMENT_REQUIRED,HIGH_CONFIDENCE_STRUCTURE,ROM_COPYRIGHTED_REFERENCE,true,,,,,,,,,REBUILD,,[],"[""ORIGINAL_ENVIRONMENT_REPLACEMENT_REQUIRED""]",Grass / Dyna Grassland / 草原; 2D Hunt evidence routes to layered 2D. has_anim_layer=1.
art:map:hm02:hunt-reference,MAP,HUNT_BIOME_REFERENCE,HM02,YDIJ terrain reference table,R:\NEXUS LINK\原作\CLAUDE_CODE_YDIJ_HANDOFF\03_MAP_ART_STRUCTURE\original_reference\ORIGINAL_TERRAIN_REFERENCE_v1.csv,RESEARCH_DOCUMENT,HUNT_BIOME_HM02,NDS_2D,LAYERED_2D,REUSABLE_STRUCTURE,ORIGINAL_REPLACEMENT_REQUIRED,HIGH_CONFIDENCE_STRUCTURE,ROM_COPYRIGHTED_REFERENCE,true,,,,,,,,,REBUILD,,[],"[""ORIGINAL_ENVIRONMENT_REPLACEMENT_REQUIRED""]",Savanna / Drive Savanna / 稀樹草原; 2D Hunt evidence routes to layered 2D. has_anim_layer=0.
art:map:hm03:hunt-reference,MAP,HUNT_BIOME_REFERENCE,HM03,YDIJ terrain reference table,R:\NEXUS LINK\原作\CLAUDE_CODE_YDIJ_HANDOFF\03_MAP_ART_STRUCTURE\original_reference\ORIGINAL_TERRAIN_REFERENCE_v1.csv,RESEARCH_DOCUMENT,HUNT_BIOME_HM03,NDS_2D,LAYERED_2D,REUSABLE_STRUCTURE,ORIGINAL_REPLACEMENT_REQUIRED,HIGH_CONFIDENCE_STRUCTURE,ROM_COPYRIGHTED_REFERENCE,true,,,,,,,,,REBUILD,,[],"[""ORIGINAL_ENVIRONMENT_REPLACEMENT_REQUIRED""]",Forest / Modular Forest / 森林; 2D Hunt evidence routes to layered 2D. has_anim_layer=0.
art:map:hm04:hunt-reference,MAP,HUNT_BIOME_REFERENCE,HM04,YDIJ terrain reference table,R:\NEXUS LINK\原作\CLAUDE_CODE_YDIJ_HANDOFF\03_MAP_ART_STRUCTURE\original_reference\ORIGINAL_TERRAIN_REFERENCE_v1.csv,RESEARCH_DOCUMENT,HUNT_BIOME_HM04,NDS_2D,LAYERED_2D,REUSABLE_STRUCTURE,ORIGINAL_REPLACEMENT_REQUIRED,HIGH_CONFIDENCE_STRUCTURE,ROM_COPYRIGHTED_REFERENCE,true,,,,,,,,,REBUILD,,[],"[""ORIGINAL_ENVIRONMENT_REPLACEMENT_REQUIRED""]",Jungle / Boot Jungle / 叢林; 2D Hunt evidence routes to layered 2D. has_anim_layer=0.
art:map:hm05:hunt-reference,MAP,HUNT_BIOME_REFERENCE,HM05,YDIJ terrain reference table,R:\NEXUS LINK\原作\CLAUDE_CODE_YDIJ_HANDOFF\03_MAP_ART_STRUCTURE\original_reference\ORIGINAL_TERRAIN_REFERENCE_v1.csv,RESEARCH_DOCUMENT,HUNT_BIOME_HM05,NDS_2D,LAYERED_2D,REUSABLE_STRUCTURE,ORIGINAL_REPLACEMENT_REQUIRED,HIGH_CONFIDENCE_STRUCTURE,ROM_COPYRIGHTED_REFERENCE,true,,,,,,,,,REBUILD,,[],"[""ORIGINAL_ENVIRONMENT_REPLACEMENT_REQUIRED""]",Damp / Nuru-Nuru Swamp / 沼澤; 2D Hunt evidence routes to layered 2D. has_anim_layer=1.
art:map:hm06:hunt-reference,MAP,HUNT_BIOME_REFERENCE,HM06,YDIJ terrain reference table,R:\NEXUS LINK\原作\CLAUDE_CODE_YDIJ_HANDOFF\03_MAP_ART_STRUCTURE\original_reference\ORIGINAL_TERRAIN_REFERENCE_v1.csv,RESEARCH_DOCUMENT,HUNT_BIOME_HM06,NDS_2D,LAYERED_2D,REUSABLE_STRUCTURE,ORIGINAL_REPLACEMENT_REQUIRED,HIGH_CONFIDENCE_STRUCTURE,ROM_COPYRIGHTED_REFERENCE,true,,,,,,,,,REBUILD,,[],"[""ORIGINAL_ENVIRONMENT_REPLACEMENT_REQUIRED""]",Seaside / Wave Coast / 海岸; 2D Hunt evidence routes to layered 2D. has_anim_layer=1.
art:map:hm08:hunt-reference,MAP,HUNT_BIOME_REFERENCE,HM08,YDIJ terrain reference table,R:\NEXUS LINK\原作\CLAUDE_CODE_YDIJ_HANDOFF\03_MAP_ART_STRUCTURE\original_reference\ORIGINAL_TERRAIN_REFERENCE_v1.csv,RESEARCH_DOCUMENT,HUNT_BIOME_HM08,NDS_2D,LAYERED_2D,REUSABLE_STRUCTURE,ORIGINAL_REPLACEMENT_REQUIRED,HIGH_CONFIDENCE_STRUCTURE,ROM_COPYRIGHTED_REFERENCE,true,,,,,,,,,REBUILD,,[],"[""ORIGINAL_ENVIRONMENT_REPLACEMENT_REQUIRED""]",Canyon / South Bridge Valley / 峽谷; 2D Hunt evidence routes to layered 2D. has_anim_layer=0.
art:map:hm09:hunt-reference,MAP,HUNT_BIOME_REFERENCE,HM09,YDIJ terrain reference table,R:\NEXUS LINK\原作\CLAUDE_CODE_YDIJ_HANDOFF\03_MAP_ART_STRUCTURE\original_reference\ORIGINAL_TERRAIN_REFERENCE_v1.csv,RESEARCH_DOCUMENT,HUNT_BIOME_HM09,NDS_2D,LAYERED_2D,REUSABLE_STRUCTURE,ORIGINAL_REPLACEMENT_REQUIRED,HIGH_CONFIDENCE_STRUCTURE,ROM_COPYRIGHTED_REFERENCE,true,,,,,,,,,REBUILD,,[],"[""ORIGINAL_ENVIRONMENT_REPLACEMENT_REQUIRED""]",Mine / Kron Mines / 礦坑; 2D Hunt evidence routes to layered 2D. has_anim_layer=0.
art:map:hm10:hunt-reference,MAP,HUNT_BIOME_REFERENCE,HM10,YDIJ terrain reference table,R:\NEXUS LINK\原作\CLAUDE_CODE_YDIJ_HANDOFF\03_MAP_ART_STRUCTURE\original_reference\ORIGINAL_TERRAIN_REFERENCE_v1.csv,RESEARCH_DOCUMENT,HUNT_BIOME_HM10,NDS_2D,LAYERED_2D,REUSABLE_STRUCTURE,ORIGINAL_REPLACEMENT_REQUIRED,HIGH_CONFIDENCE_STRUCTURE,ROM_COPYRIGHTED_REFERENCE,true,,,,,,,,,REBUILD,,[],"[""ORIGINAL_ENVIRONMENT_REPLACEMENT_REQUIRED""]",Factory / Dolbi Plant / 工廠; 2D Hunt evidence routes to layered 2D. has_anim_layer=1.
art:map:hm11:hunt-reference,MAP,HUNT_BIOME_REFERENCE,HM11,YDIJ terrain reference table,R:\NEXUS LINK\原作\CLAUDE_CODE_YDIJ_HANDOFF\03_MAP_ART_STRUCTURE\original_reference\ORIGINAL_TERRAIN_REFERENCE_v1.csv,RESEARCH_DOCUMENT,HUNT_BIOME_HM11,NDS_2D,LAYERED_2D,REUSABLE_STRUCTURE,ORIGINAL_REPLACEMENT_REQUIRED,HIGH_CONFIDENCE_STRUCTURE,ROM_COPYRIGHTED_REFERENCE,true,,,,,,,,,REBUILD,,[],"[""ORIGINAL_ENVIRONMENT_REPLACEMENT_REQUIRED""]",Sewer / Gesui Road / 下水道; 2D Hunt evidence routes to layered 2D. has_anim_layer=1.
art:map:hm13:hunt-reference,MAP,HUNT_BIOME_REFERENCE,HM13,YDIJ terrain reference table,R:\NEXUS LINK\原作\CLAUDE_CODE_YDIJ_HANDOFF\03_MAP_ART_STRUCTURE\original_reference\ORIGINAL_TERRAIN_REFERENCE_v1.csv,RESEARCH_DOCUMENT,HUNT_BIOME_HM13,NDS_2D,LAYERED_2D,REUSABLE_STRUCTURE,ORIGINAL_REPLACEMENT_REQUIRED,HIGH_CONFIDENCE_STRUCTURE,ROM_COPYRIGHTED_REFERENCE,true,,,,,,,,,REBUILD,,[],"[""ORIGINAL_ENVIRONMENT_REPLACEMENT_REQUIRED""]",Ice / Snow Land / 雪地/冰原; 2D Hunt evidence routes to layered 2D. has_anim_layer=0.
art:map:hm14:hunt-reference,MAP,HUNT_BIOME_REFERENCE,HM14,YDIJ terrain reference table,R:\NEXUS LINK\原作\CLAUDE_CODE_YDIJ_HANDOFF\03_MAP_ART_STRUCTURE\original_reference\ORIGINAL_TERRAIN_REFERENCE_v1.csv,RESEARCH_DOCUMENT,HUNT_BIOME_HM14,NDS_2D,LAYERED_2D,REUSABLE_STRUCTURE,ORIGINAL_REPLACEMENT_REQUIRED,HIGH_CONFIDENCE_STRUCTURE,ROM_COPYRIGHTED_REFERENCE,true,,,,,,,,,REBUILD,,[],"[""ORIGINAL_ENVIRONMENT_REPLACEMENT_REQUIRED""]",Crag / Crack Rocks / 岩地; 2D Hunt evidence routes to layered 2D. has_anim_layer=0.
art:map:hm15:hunt-reference,MAP,HUNT_BIOME_REFERENCE,HM15,YDIJ terrain reference table,R:\NEXUS LINK\原作\CLAUDE_CODE_YDIJ_HANDOFF\03_MAP_ART_STRUCTURE\original_reference\ORIGINAL_TERRAIN_REFERENCE_v1.csv,RESEARCH_DOCUMENT,HUNT_BIOME_HM15,NDS_2D,LAYERED_2D,REUSABLE_STRUCTURE,ORIGINAL_REPLACEMENT_REQUIRED,HIGH_CONFIDENCE_STRUCTURE,ROM_COPYRIGHTED_REFERENCE,true,,,,,,,,,REBUILD,,[],"[""ORIGINAL_ENVIRONMENT_REPLACEMENT_REQUIRED""]",Volcano / Magma Mountain / 火山; 2D Hunt evidence routes to layered 2D. has_anim_layer=1.
art:map:hm16:hunt-reference,MAP,HUNT_BIOME_REFERENCE,HM16,YDIJ terrain reference table,R:\NEXUS LINK\原作\CLAUDE_CODE_YDIJ_HANDOFF\03_MAP_ART_STRUCTURE\original_reference\ORIGINAL_TERRAIN_REFERENCE_v1.csv,RESEARCH_DOCUMENT,HUNT_BIOME_HM16,NDS_2D,LAYERED_2D,REUSABLE_STRUCTURE,ORIGINAL_REPLACEMENT_REQUIRED,HIGH_CONFIDENCE_STRUCTURE,ROM_COPYRIGHTED_REFERENCE,true,,,,,,,,,REBUILD,,[],"[""ORIGINAL_ENVIRONMENT_REPLACEMENT_REQUIRED""]",Desert / Jirijiri Desert / 沙漠; 2D Hunt evidence routes to layered 2D. has_anim_layer=0.
art:map:hm17:hunt-reference,MAP,HUNT_BIOME_REFERENCE,HM17,YDIJ terrain reference table,R:\NEXUS LINK\原作\CLAUDE_CODE_YDIJ_HANDOFF\03_MAP_ART_STRUCTURE\original_reference\ORIGINAL_TERRAIN_REFERENCE_v1.csv,RESEARCH_DOCUMENT,HUNT_BIOME_HM17,NDS_2D,LAYERED_2D,REUSABLE_STRUCTURE,ORIGINAL_REPLACEMENT_REQUIRED,HIGH_CONFIDENCE_STRUCTURE,ROM_COPYRIGHTED_REFERENCE,true,,,,,,,,,REBUILD,,[],"[""ORIGINAL_ENVIRONMENT_REPLACEMENT_REQUIRED""]",Oasis / Clear Oasis / 綠洲; 2D Hunt evidence routes to layered 2D. has_anim_layer=1.
art:map:hm18:hunt-reference,MAP,HUNT_BIOME_REFERENCE,HM18,YDIJ terrain reference table,R:\NEXUS LINK\原作\CLAUDE_CODE_YDIJ_HANDOFF\03_MAP_ART_STRUCTURE\original_reference\ORIGINAL_TERRAIN_REFERENCE_v1.csv,RESEARCH_DOCUMENT,HUNT_BIOME_HM18,NDS_2D,LAYERED_2D,REUSABLE_STRUCTURE,ORIGINAL_REPLACEMENT_REQUIRED,HIGH_CONFIDENCE_STRUCTURE,ROM_COPYRIGHTED_REFERENCE,true,,,,,,,,,REBUILD,,[],"[""ORIGINAL_ENVIRONMENT_REPLACEMENT_REQUIRED""]",Ruins / Rinka Ruins / 遺跡; 2D Hunt evidence routes to layered 2D. has_anim_layer=0.
art:three-d:battle-menu-launcher13:nitro-reference,THREE_D,NITRO_3D_SCENE_ASSET,battle_menu/launcher13,YDIJ Nitro 3D inventory + decoded reference pack,R:\NEXUS LINK\原作\YDIJ_3D_RESEARCH_PACK_2026-08-24\3D_ASSET_INVENTORY.csv,ROM_BINARY,RAW_3D_BATTLE_MENU_LAUNCHER13,NITRO_3D,THREEJS_3D,NEEDS_REBUILD,ORIGINAL_REPLACEMENT_REQUIRED,VERIFIED_BINARY,ROM_COPYRIGHTED_REFERENCE,true,,,,,,,,,REBUILD,,[],"[""CLEAN_ROOM_ORIGINAL_REPLACEMENT_REQUIRED""]",Verified Nitro 3D source role; raw conversion remains research-only and cannot ship.
art:three-d:battle-world-map2:nitro-reference,THREE_D,NITRO_3D_SCENE_ASSET,battle/world_map2,YDIJ Nitro 3D inventory + decoded reference pack,R:\NEXUS LINK\原作\YDIJ_3D_RESEARCH_PACK_2026-08-24\3D_ASSET_INVENTORY.csv,ROM_BINARY,RAW_3D_BATTLE_WORLD_MAP2,NITRO_3D,THREEJS_3D,NEEDS_REBUILD,ORIGINAL_REPLACEMENT_REQUIRED,VERIFIED_BINARY,ROM_COPYRIGHTED_REFERENCE,true,,,,,,,,,REBUILD,,[],"[""CLEAN_ROOM_ORIGINAL_REPLACEMENT_REQUIRED""]",Verified Nitro 3D source role; raw conversion remains research-only and cannot ship.
art:three-d:battle-world-map:nitro-reference,THREE_D,NITRO_3D_SCENE_ASSET,battle/world_map,YDIJ Nitro 3D inventory + decoded reference pack,R:\NEXUS LINK\原作\YDIJ_3D_RESEARCH_PACK_2026-08-24\3D_ASSET_INVENTORY.csv,ROM_BINARY,RAW_3D_BATTLE_WORLD_MAP,NITRO_3D,THREEJS_3D,NEEDS_REBUILD,ORIGINAL_REPLACEMENT_REQUIRED,VERIFIED_BINARY,ROM_COPYRIGHTED_REFERENCE,true,,,,,,,,,REBUILD,,[],"[""CLEAN_ROOM_ORIGINAL_REPLACEMENT_REQUIRED""]",Verified Nitro 3D source role; raw conversion remains research-only and cannot ship.
art:three-d:desktop-desktop-launcher:nitro-reference,THREE_D,NITRO_3D_SCENE_ASSET,desktop/desktop_launcher,YDIJ Nitro 3D inventory + decoded reference pack,R:\NEXUS LINK\原作\YDIJ_3D_RESEARCH_PACK_2026-08-24\3D_ASSET_INVENTORY.csv,ROM_BINARY,RAW_3D_DESKTOP_DESKTOP_LAUNCHER,NITRO_3D,THREEJS_3D,NEEDS_REBUILD,ORIGINAL_REPLACEMENT_REQUIRED,VERIFIED_BINARY,ROM_COPYRIGHTED_REFERENCE,true,,,,,,,,,REBUILD,,[],"[""CLEAN_ROOM_ORIGINAL_REPLACEMENT_REQUIRED""]",Verified Nitro 3D source role; raw conversion remains research-only and cannot ship.
art:three-d:gate-select-3d-worldmap-model:nitro-reference,THREE_D,NITRO_3D_SCENE_ASSET,gate_select/3d_worldmap_model,YDIJ Nitro 3D inventory + decoded reference pack,R:\NEXUS LINK\原作\YDIJ_3D_RESEARCH_PACK_2026-08-24\3D_ASSET_INVENTORY.csv,ROM_BINARY,RAW_3D_GATE_SELECT_3D_WORLDMAP_MODEL,NITRO_3D,THREEJS_3D,NEEDS_REBUILD,ORIGINAL_REPLACEMENT_REQUIRED,HIGH_CONFIDENCE_STRUCTURE,ROM_COPYRIGHTED_REFERENCE,true,,,,,,,,,REBUILD,,[],"[""CLEAN_ROOM_ORIGINAL_REPLACEMENT_REQUIRED"",""GATE_CAMERA_INPUT_CALL_TRACE_REQUIRED""]",Verified Nitro 3D source role; raw conversion remains research-only and cannot ship.
art:three-d:gate-select-earth:nitro-reference,THREE_D,NITRO_3D_SCENE_ASSET,gate_select/earth,YDIJ Nitro 3D inventory + decoded reference pack,R:\NEXUS LINK\原作\YDIJ_3D_RESEARCH_PACK_2026-08-24\3D_ASSET_INVENTORY.csv,ROM_BINARY,RAW_3D_GATE_SELECT_EARTH,NITRO_3D,THREEJS_3D,NEEDS_REBUILD,ORIGINAL_REPLACEMENT_REQUIRED,HIGH_CONFIDENCE_STRUCTURE,ROM_COPYRIGHTED_REFERENCE,true,,,,,,,,,REBUILD,,[],"[""CLEAN_ROOM_ORIGINAL_REPLACEMENT_REQUIRED"",""GATE_CAMERA_INPUT_CALL_TRACE_REQUIRED""]",Verified Nitro 3D source role; raw conversion remains research-only and cannot ship.
art:ui:background-battle-menu-battle-setting-bg-main:rom-reference,UI,UI_BACKGROUND_REFERENCE,battle_menu/battle_setting_bg_main.nscr,YDIJ UI background extraction,R:\NEXUS LINK\原作\CLAUDE_CODE_YDIJ_HANDOFF\01_UI_ART_LAYOUT\extracted_reference\YDIJ_UI_REFERENCE\ui_backgrounds\battle_menu__battle_setting_bg_main.png,ROM_EXTRACTED_REFERENCE,RAW_UI_BACKGROUND_BATTLE_MENU_BATTLE_SETTING_BG_MAIN_NSCR,NDS_2D,LAYERED_2D,NEEDS_REBUILD,ORIGINAL_REPLACEMENT_REQUIRED,VERIFIED_CROSSCHECK,ROM_COPYRIGHTED_REFERENCE,true,,,,,,,,,REBUILD,,[],"[""ORIGINAL_VISUAL_REPLACEMENT_REQUIRED""]",Verified 512x512 reference; research-only source pixels.
art:ui:background-battle-menu-bg-battle-top1:rom-reference,UI,UI_BACKGROUND_REFERENCE,battle_menu/bg_battle_top1.nscr,YDIJ UI background extraction,R:\NEXUS LINK\原作\CLAUDE_CODE_YDIJ_HANDOFF\01_UI_ART_LAYOUT\extracted_reference\YDIJ_UI_REFERENCE\ui_backgrounds\battle_menu__bg_battle_top1.png,ROM_EXTRACTED_REFERENCE,RAW_UI_BACKGROUND_BATTLE_MENU_BG_BATTLE_TOP1_NSCR,NDS_2D,LAYERED_2D,NEEDS_REBUILD,ORIGINAL_REPLACEMENT_REQUIRED,VERIFIED_CROSSCHECK,ROM_COPYRIGHTED_REFERENCE,true,,,,,,,,,REBUILD,,[],"[""ORIGINAL_VISUAL_REPLACEMENT_REQUIRED""]",Verified 256x512 reference; research-only source pixels.
art:ui:background-battle-menu-net-desktop-top:rom-reference,UI,UI_BACKGROUND_REFERENCE,battle_menu_net/desktop_top.nscr,YDIJ UI background extraction,R:\NEXUS LINK\原作\CLAUDE_CODE_YDIJ_HANDOFF\01_UI_ART_LAYOUT\extracted_reference\YDIJ_UI_REFERENCE\ui_backgrounds\battle_menu_net__desktop_top.png,ROM_EXTRACTED_REFERENCE,RAW_UI_BACKGROUND_BATTLE_MENU_NET_DESKTOP_TOP_NSCR,NDS_2D,LAYERED_2D,NEEDS_REBUILD,ORIGINAL_REPLACEMENT_REQUIRED,VERIFIED_CROSSCHECK,ROM_COPYRIGHTED_REFERENCE,true,,,,,,,,,REBUILD,,[],"[""ORIGINAL_VISUAL_REPLACEMENT_REQUIRED""]",Verified 256x256 reference; research-only source pixels.
art:ui:background-battle-menu-net-desktop-under:rom-reference,UI,UI_BACKGROUND_REFERENCE,battle_menu_net/desktop_under.nscr,YDIJ UI background extraction,R:\NEXUS LINK\原作\CLAUDE_CODE_YDIJ_HANDOFF\01_UI_ART_LAYOUT\extracted_reference\YDIJ_UI_REFERENCE\ui_backgrounds\battle_menu_net__desktop_under.png,ROM_EXTRACTED_REFERENCE,RAW_UI_BACKGROUND_BATTLE_MENU_NET_DESKTOP_UNDER_NSCR,NDS_2D,LAYERED_2D,NEEDS_REBUILD,ORIGINAL_REPLACEMENT_REQUIRED,VERIFIED_CROSSCHECK,ROM_COPYRIGHTED_REFERENCE,true,,,,,,,,,REBUILD,,[],"[""ORIGINAL_VISUAL_REPLACEMENT_REQUIRED""]",Verified 256x256 reference; research-only source pixels.
art:ui:background-battle-menu-net-net-bg-main-btexly-bg1:rom-reference,UI,UI_BACKGROUND_REFERENCE,battle_menu_net/net_bg_main.BtExLy_bg1.nscr,YDIJ UI background extraction,R:\NEXUS LINK\原作\CLAUDE_CODE_YDIJ_HANDOFF\01_UI_ART_LAYOUT\extracted_reference\YDIJ_UI_REFERENCE\ui_backgrounds\battle_menu_net__net_bg_main.BtExLy_bg1.png,ROM_EXTRACTED_REFERENCE,RAW_UI_BACKGROUND_BATTLE_MENU_NET_NET_BG_MAIN_BTEXLY_BG1_NSCR,NDS_2D,LAYERED_2D,NEEDS_REBUILD,ORIGINAL_REPLACEMENT_REQUIRED,VERIFIED_CROSSCHECK,ROM_COPYRIGHTED_REFERENCE,true,,,,,,,,,REBUILD,,[],"[""ORIGINAL_VISUAL_REPLACEMENT_REQUIRED""]",Verified 256x256 reference; research-only source pixels.
art:ui:background-battle-menu-net-net-bg-main-btexly-bg2:rom-reference,UI,UI_BACKGROUND_REFERENCE,battle_menu_net/net_bg_main.BtExLy_bg2.nscr,YDIJ UI background extraction,R:\NEXUS LINK\原作\CLAUDE_CODE_YDIJ_HANDOFF\01_UI_ART_LAYOUT\extracted_reference\YDIJ_UI_REFERENCE\ui_backgrounds\battle_menu_net__net_bg_main.BtExLy_bg2.png,ROM_EXTRACTED_REFERENCE,RAW_UI_BACKGROUND_BATTLE_MENU_NET_NET_BG_MAIN_BTEXLY_BG2_NSCR,NDS_2D,LAYERED_2D,NEEDS_REBUILD,ORIGINAL_REPLACEMENT_REQUIRED,VERIFIED_CROSSCHECK,ROM_COPYRIGHTED_REFERENCE,true,,,,,,,,,REBUILD,,[],"[""ORIGINAL_VISUAL_REPLACEMENT_REQUIRED""]",Verified 256x256 reference; research-only source pixels.
art:ui:background-battle-menu-net-net-bg-main:rom-reference,UI,UI_BACKGROUND_REFERENCE,battle_menu_net/net_bg_main.nscr,YDIJ UI background extraction,R:\NEXUS LINK\原作\CLAUDE_CODE_YDIJ_HANDOFF\01_UI_ART_LAYOUT\extracted_reference\YDIJ_UI_REFERENCE\ui_backgrounds\battle_menu_net__net_bg_main.png,ROM_EXTRACTED_REFERENCE,RAW_UI_BACKGROUND_BATTLE_MENU_NET_NET_BG_MAIN_NSCR,NDS_2D,LAYERED_2D,NEEDS_REBUILD,ORIGINAL_REPLACEMENT_REQUIRED,VERIFIED_CROSSCHECK,ROM_COPYRIGHTED_REFERENCE,true,,,,,,,,,REBUILD,,[],"[""ORIGINAL_VISUAL_REPLACEMENT_REQUIRED""]",Verified 256x256 reference; research-only source pixels.
art:ui:background-battle-menu-net-net-bg-sub-btc8:rom-reference,UI,UI_BACKGROUND_REFERENCE,battle_menu_net/net_bg_sub.BtC8.nscr,YDIJ UI background extraction,R:\NEXUS LINK\原作\CLAUDE_CODE_YDIJ_HANDOFF\01_UI_ART_LAYOUT\extracted_reference\YDIJ_UI_REFERENCE\ui_backgrounds\battle_menu_net__net_bg_sub.BtC8.png,ROM_EXTRACTED_REFERENCE,RAW_UI_BACKGROUND_BATTLE_MENU_NET_NET_BG_SUB_BTC8_NSCR,NDS_2D,LAYERED_2D,NEEDS_REBUILD,ORIGINAL_REPLACEMENT_REQUIRED,VERIFIED_CROSSCHECK,ROM_COPYRIGHTED_REFERENCE,true,,,,,,,,,REBUILD,,[],"[""ORIGINAL_VISUAL_REPLACEMENT_REQUIRED""]",Verified 256x256 reference; research-only source pixels.
art:ui:background-battle-menu-net-net-bg-sub:rom-reference,UI,UI_BACKGROUND_REFERENCE,battle_menu_net/net_bg_sub.nscr,YDIJ UI background extraction,R:\NEXUS LINK\原作\CLAUDE_CODE_YDIJ_HANDOFF\01_UI_ART_LAYOUT\extracted_reference\YDIJ_UI_REFERENCE\ui_backgrounds\battle_menu_net__net_bg_sub.png,ROM_EXTRACTED_REFERENCE,RAW_UI_BACKGROUND_BATTLE_MENU_NET_NET_BG_SUB_NSCR,NDS_2D,LAYERED_2D,NEEDS_REBUILD,ORIGINAL_REPLACEMENT_REQUIRED,VERIFIED_CROSSCHECK,ROM_COPYRIGHTED_REFERENCE,true,,,,,,,,,REBUILD,,[],"[""ORIGINAL_VISUAL_REPLACEMENT_REQUIRED""]",Verified 256x256 reference; research-only source pixels.
art:ui:background-battle-result-desktop-top:rom-reference,UI,UI_BACKGROUND_REFERENCE,battle_result/desktop_top.nscr,YDIJ UI background extraction,R:\NEXUS LINK\原作\CLAUDE_CODE_YDIJ_HANDOFF\01_UI_ART_LAYOUT\extracted_reference\YDIJ_UI_REFERENCE\ui_backgrounds\battle_result__desktop_top.png,ROM_EXTRACTED_REFERENCE,RAW_UI_BACKGROUND_BATTLE_RESULT_DESKTOP_TOP_NSCR,NDS_2D,LAYERED_2D,NEEDS_REBUILD,ORIGINAL_REPLACEMENT_REQUIRED,VERIFIED_CROSSCHECK,ROM_COPYRIGHTED_REFERENCE,true,,,,,,,,,REBUILD,,[],"[""ORIGINAL_VISUAL_REPLACEMENT_REQUIRED""]",Verified 256x256 reference; research-only source pixels.
art:ui:background-battle-result-desktop-under:rom-reference,UI,UI_BACKGROUND_REFERENCE,battle_result/desktop_under.nscr,YDIJ UI background extraction,R:\NEXUS LINK\原作\CLAUDE_CODE_YDIJ_HANDOFF\01_UI_ART_LAYOUT\extracted_reference\YDIJ_UI_REFERENCE\ui_backgrounds\battle_result__desktop_under.png,ROM_EXTRACTED_REFERENCE,RAW_UI_BACKGROUND_BATTLE_RESULT_DESKTOP_UNDER_NSCR,NDS_2D,LAYERED_2D,NEEDS_REBUILD,ORIGINAL_REPLACEMENT_REQUIRED,VERIFIED_CROSSCHECK,ROM_COPYRIGHTED_REFERENCE,true,,,,,,,,,REBUILD,,[],"[""ORIGINAL_VISUAL_REPLACEMENT_REQUIRED""]",Verified 256x256 reference; research-only source pixels.
art:ui:background-battle-result-result-bg-main:rom-reference,UI,UI_BACKGROUND_REFERENCE,battle_result/result_bg_main.nscr,YDIJ UI background extraction,R:\NEXUS LINK\原作\CLAUDE_CODE_YDIJ_HANDOFF\01_UI_ART_LAYOUT\extracted_reference\YDIJ_UI_REFERENCE\ui_backgrounds\battle_result__result_bg_main.png,ROM_EXTRACTED_REFERENCE,RAW_UI_BACKGROUND_BATTLE_RESULT_RESULT_BG_MAIN_NSCR,NDS_2D,LAYERED_2D,NEEDS_REBUILD,ORIGINAL_REPLACEMENT_REQUIRED,VERIFIED_CROSSCHECK,ROM_COPYRIGHTED_REFERENCE,true,,,,,,,,,REBUILD,,[],"[""ORIGINAL_VISUAL_REPLACEMENT_REQUIRED""]",Verified 512x256 reference; research-only source pixels.
art:ui:background-battle-result-result-bg-sub:rom-reference,UI,UI_BACKGROUND_REFERENCE,battle_result/result_bg_sub.nscr,YDIJ UI background extraction,R:\NEXUS LINK\原作\CLAUDE_CODE_YDIJ_HANDOFF\01_UI_ART_LAYOUT\extracted_reference\YDIJ_UI_REFERENCE\ui_backgrounds\battle_result__result_bg_sub.png,ROM_EXTRACTED_REFERENCE,RAW_UI_BACKGROUND_BATTLE_RESULT_RESULT_BG_SUB_NSCR,NDS_2D,LAYERED_2D,NEEDS_REBUILD,ORIGINAL_REPLACEMENT_REQUIRED,VERIFIED_CROSSCHECK,ROM_COPYRIGHTED_REFERENCE,true,,,,,,,,,REBUILD,,[],"[""ORIGINAL_VISUAL_REPLACEMENT_REQUIRED""]",Verified 512x512 reference; research-only source pixels.
art:ui:background-battle-result-result-lose-palette:rom-reference,UI,UI_BACKGROUND_REFERENCE,battle_result/result_lose_palette.nscr,YDIJ UI background extraction,R:\NEXUS LINK\原作\CLAUDE_CODE_YDIJ_HANDOFF\01_UI_ART_LAYOUT\extracted_reference\YDIJ_UI_REFERENCE\ui_backgrounds\battle_result__result_lose_palette.png,ROM_EXTRACTED_REFERENCE,RAW_UI_BACKGROUND_BATTLE_RESULT_RESULT_LOSE_PALETTE_NSCR,NDS_2D,LAYERED_2D,NEEDS_REBUILD,ORIGINAL_REPLACEMENT_REQUIRED,VERIFIED_CROSSCHECK,ROM_COPYRIGHTED_REFERENCE,true,,,,,,,,,REBUILD,,[],"[""ORIGINAL_VISUAL_REPLACEMENT_REQUIRED""]",Verified 256x256 reference; research-only source pixels.
art:ui:background-battle-result-result-win-palette:rom-reference,UI,UI_BACKGROUND_REFERENCE,battle_result/result_win_palette.nscr,YDIJ UI background extraction,R:\NEXUS LINK\原作\CLAUDE_CODE_YDIJ_HANDOFF\01_UI_ART_LAYOUT\extracted_reference\YDIJ_UI_REFERENCE\ui_backgrounds\battle_result__result_win_palette.png,ROM_EXTRACTED_REFERENCE,RAW_UI_BACKGROUND_BATTLE_RESULT_RESULT_WIN_PALETTE_NSCR,NDS_2D,LAYERED_2D,NEEDS_REBUILD,ORIGINAL_REPLACEMENT_REQUIRED,VERIFIED_CROSSCHECK,ROM_COPYRIGHTED_REFERENCE,true,,,,,,,,,REBUILD,,[],"[""ORIGINAL_VISUAL_REPLACEMENT_REQUIRED""]",Verified 256x256 reference; research-only source pixels.
art:ui:background-cage-edit-desktop-top:rom-reference,UI,UI_BACKGROUND_REFERENCE,cage_edit/desktop_top.nscr,YDIJ UI background extraction,R:\NEXUS LINK\原作\CLAUDE_CODE_YDIJ_HANDOFF\01_UI_ART_LAYOUT\extracted_reference\YDIJ_UI_REFERENCE\ui_backgrounds\cage_edit__desktop_top.png,ROM_EXTRACTED_REFERENCE,RAW_UI_BACKGROUND_CAGE_EDIT_DESKTOP_TOP_NSCR,NDS_2D,LAYERED_2D,NEEDS_REBUILD,ORIGINAL_REPLACEMENT_REQUIRED,VERIFIED_CROSSCHECK,ROM_COPYRIGHTED_REFERENCE,true,,,,,,,,,REBUILD,,[],"[""ORIGINAL_VISUAL_REPLACEMENT_REQUIRED""]",Verified 256x256 reference; research-only source pixels.
art:ui:background-cage-edit-desktop-under:rom-reference,UI,UI_BACKGROUND_REFERENCE,cage_edit/desktop_under.nscr,YDIJ UI background extraction,R:\NEXUS LINK\原作\CLAUDE_CODE_YDIJ_HANDOFF\01_UI_ART_LAYOUT\extracted_reference\YDIJ_UI_REFERENCE\ui_backgrounds\cage_edit__desktop_under.png,ROM_EXTRACTED_REFERENCE,RAW_UI_BACKGROUND_CAGE_EDIT_DESKTOP_UNDER_NSCR,NDS_2D,LAYERED_2D,NEEDS_REBUILD,ORIGINAL_REPLACEMENT_REQUIRED,VERIFIED_CROSSCHECK,ROM_COPYRIGHTED_REFERENCE,true,,,,,,,,,REBUILD,,[],"[""ORIGINAL_VISUAL_REPLACEMENT_REQUIRED""]",Verified 256x256 reference; research-only source pixels.
art:ui:background-database-bg-database-main:rom-reference,UI,UI_BACKGROUND_REFERENCE,database/bg_database_main.nscr,YDIJ UI background extraction,R:\NEXUS LINK\原作\CLAUDE_CODE_YDIJ_HANDOFF\01_UI_ART_LAYOUT\extracted_reference\YDIJ_UI_REFERENCE\ui_backgrounds\database__bg_database_main.png,ROM_EXTRACTED_REFERENCE,RAW_UI_BACKGROUND_DATABASE_BG_DATABASE_MAIN_NSCR,NDS_2D,LAYERED_2D,NEEDS_REBUILD,ORIGINAL_REPLACEMENT_REQUIRED,VERIFIED_CROSSCHECK,ROM_COPYRIGHTED_REFERENCE,true,,,,,,,,,REBUILD,,[],"[""ORIGINAL_VISUAL_REPLACEMENT_REQUIRED""]",Verified 256x256 reference; research-only source pixels.
art:ui:background-database-bg-database-sub:rom-reference,UI,UI_BACKGROUND_REFERENCE,database/bg_database_sub.nscr,YDIJ UI background extraction,R:\NEXUS LINK\原作\CLAUDE_CODE_YDIJ_HANDOFF\01_UI_ART_LAYOUT\extracted_reference\YDIJ_UI_REFERENCE\ui_backgrounds\database__bg_database_sub.png,ROM_EXTRACTED_REFERENCE,RAW_UI_BACKGROUND_DATABASE_BG_DATABASE_SUB_NSCR,NDS_2D,LAYERED_2D,NEEDS_REBUILD,ORIGINAL_REPLACEMENT_REQUIRED,VERIFIED_CROSSCHECK,ROM_COPYRIGHTED_REFERENCE,true,,,,,,,,,REBUILD,,[],"[""ORIGINAL_VISUAL_REPLACEMENT_REQUIRED""]",Verified 256x256 reference; research-only source pixels.
art:ui:background-database-database-bg-main:rom-reference,UI,UI_BACKGROUND_REFERENCE,database/database_bg_main.nscr,YDIJ UI background extraction,R:\NEXUS LINK\原作\CLAUDE_CODE_YDIJ_HANDOFF\01_UI_ART_LAYOUT\extracted_reference\YDIJ_UI_REFERENCE\ui_backgrounds\database__database_bg_main.png,ROM_EXTRACTED_REFERENCE,RAW_UI_BACKGROUND_DATABASE_DATABASE_BG_MAIN_NSCR,NDS_2D,LAYERED_2D,NEEDS_REBUILD,ORIGINAL_REPLACEMENT_REQUIRED,VERIFIED_CROSSCHECK,ROM_COPYRIGHTED_REFERENCE,true,,,,,,,,,REBUILD,,[],"[""ORIGINAL_VISUAL_REPLACEMENT_REQUIRED""]",Verified 256x256 reference; research-only source pixels.
art:ui:background-database-database-bg-sub:rom-reference,UI,UI_BACKGROUND_REFERENCE,database/database_bg_sub.nscr,YDIJ UI background extraction,R:\NEXUS LINK\原作\CLAUDE_CODE_YDIJ_HANDOFF\01_UI_ART_LAYOUT\extracted_reference\YDIJ_UI_REFERENCE\ui_backgrounds\database__database_bg_sub.png,ROM_EXTRACTED_REFERENCE,RAW_UI_BACKGROUND_DATABASE_DATABASE_BG_SUB_NSCR,NDS_2D,LAYERED_2D,NEEDS_REBUILD,ORIGINAL_REPLACEMENT_REQUIRED,VERIFIED_CROSSCHECK,ROM_COPYRIGHTED_REFERENCE,true,,,,,,,,,REBUILD,,[],"[""ORIGINAL_VISUAL_REPLACEMENT_REQUIRED""]",Verified 256x256 reference; research-only source pixels.
art:ui:background-database-database-top-bg-sub:rom-reference,UI,UI_BACKGROUND_REFERENCE,database/database_top_bg_sub.nscr,YDIJ UI background extraction,R:\NEXUS LINK\原作\CLAUDE_CODE_YDIJ_HANDOFF\01_UI_ART_LAYOUT\extracted_reference\YDIJ_UI_REFERENCE\ui_backgrounds\database__database_top_bg_sub.png,ROM_EXTRACTED_REFERENCE,RAW_UI_BACKGROUND_DATABASE_DATABASE_TOP_BG_SUB_NSCR,NDS_2D,LAYERED_2D,NEEDS_REBUILD,ORIGINAL_REPLACEMENT_REQUIRED,VERIFIED_CROSSCHECK,ROM_COPYRIGHTED_REFERENCE,true,,,,,,,,,REBUILD,,[],"[""ORIGINAL_VISUAL_REPLACEMENT_REQUIRED""]",Verified 256x256 reference; research-only source pixels.
art:ui:background-database-prize-bg-main:rom-reference,UI,UI_BACKGROUND_REFERENCE,database/prize_bg_main.nscr,YDIJ UI background extraction,R:\NEXUS LINK\原作\CLAUDE_CODE_YDIJ_HANDOFF\01_UI_ART_LAYOUT\extracted_reference\YDIJ_UI_REFERENCE\ui_backgrounds\database__prize_bg_main.png,ROM_EXTRACTED_REFERENCE,RAW_UI_BACKGROUND_DATABASE_PRIZE_BG_MAIN_NSCR,NDS_2D,LAYERED_2D,NEEDS_REBUILD,ORIGINAL_REPLACEMENT_REQUIRED,VERIFIED_CROSSCHECK,ROM_COPYRIGHTED_REFERENCE,true,,,,,,,,,REBUILD,,[],"[""ORIGINAL_VISUAL_REPLACEMENT_REQUIRED""]",Verified 256x256 reference; research-only source pixels.
art:ui:background-database-prize-bg-sub:rom-reference,UI,UI_BACKGROUND_REFERENCE,database/prize_bg_sub.nscr,YDIJ UI background extraction,R:\NEXUS LINK\原作\CLAUDE_CODE_YDIJ_HANDOFF\01_UI_ART_LAYOUT\extracted_reference\YDIJ_UI_REFERENCE\ui_backgrounds\database__prize_bg_sub.png,ROM_EXTRACTED_REFERENCE,RAW_UI_BACKGROUND_DATABASE_PRIZE_BG_SUB_NSCR,NDS_2D,LAYERED_2D,NEEDS_REBUILD,ORIGINAL_REPLACEMENT_REQUIRED,VERIFIED_CROSSCHECK,ROM_COPYRIGHTED_REFERENCE,true,,,,,,,,,REBUILD,,[],"[""ORIGINAL_VISUAL_REPLACEMENT_REQUIRED""]",Verified 256x256 reference; research-only source pixels.
art:ui:background-database-zukan-bg-main:rom-reference,UI,UI_BACKGROUND_REFERENCE,database/zukan_bg_main.nscr,YDIJ UI background extraction,R:\NEXUS LINK\原作\CLAUDE_CODE_YDIJ_HANDOFF\01_UI_ART_LAYOUT\extracted_reference\YDIJ_UI_REFERENCE\ui_backgrounds\database__zukan_bg_main.png,ROM_EXTRACTED_REFERENCE,RAW_UI_BACKGROUND_DATABASE_ZUKAN_BG_MAIN_NSCR,NDS_2D,LAYERED_2D,NEEDS_REBUILD,ORIGINAL_REPLACEMENT_REQUIRED,VERIFIED_CROSSCHECK,ROM_COPYRIGHTED_REFERENCE,true,,,,,,,,,REBUILD,,[],"[""ORIGINAL_VISUAL_REPLACEMENT_REQUIRED""]",Verified 256x256 reference; research-only source pixels.
art:ui:background-database-zukan-bg1-sub:rom-reference,UI,UI_BACKGROUND_REFERENCE,database/zukan_bg1_sub.nscr,YDIJ UI background extraction,R:\NEXUS LINK\原作\CLAUDE_CODE_YDIJ_HANDOFF\01_UI_ART_LAYOUT\extracted_reference\YDIJ_UI_REFERENCE\ui_backgrounds\database__zukan_bg1_sub.png,ROM_EXTRACTED_REFERENCE,RAW_UI_BACKGROUND_DATABASE_ZUKAN_BG1_SUB_NSCR,NDS_2D,LAYERED_2D,NEEDS_REBUILD,ORIGINAL_REPLACEMENT_REQUIRED,VERIFIED_CROSSCHECK,ROM_COPYRIGHTED_REFERENCE,true,,,,,,,,,REBUILD,,[],"[""ORIGINAL_VISUAL_REPLACEMENT_REQUIRED""]",Verified 256x256 reference; research-only source pixels.
art:ui:background-desktop-bg-desktop-sub:rom-reference,UI,UI_BACKGROUND_REFERENCE,desktop/bg_desktop_sub.nscr,YDIJ UI background extraction,R:\NEXUS LINK\原作\CLAUDE_CODE_YDIJ_HANDOFF\01_UI_ART_LAYOUT\extracted_reference\YDIJ_UI_REFERENCE\ui_backgrounds\desktop__bg_desktop_sub.png,ROM_EXTRACTED_REFERENCE,RAW_UI_BACKGROUND_DESKTOP_BG_DESKTOP_SUB_NSCR,NDS_2D,LAYERED_2D,NEEDS_REBUILD,ORIGINAL_REPLACEMENT_REQUIRED,VERIFIED_CROSSCHECK,ROM_COPYRIGHTED_REFERENCE,true,,,,,,,,,REBUILD,,[],"[""ORIGINAL_VISUAL_REPLACEMENT_REQUIRED""]",Verified 256x256 reference; research-only source pixels.
art:ui:background-desktop-bg-desktop:rom-reference,UI,UI_BACKGROUND_REFERENCE,desktop/bg_desktop.nscr,YDIJ UI background extraction,R:\NEXUS LINK\原作\CLAUDE_CODE_YDIJ_HANDOFF\01_UI_ART_LAYOUT\extracted_reference\YDIJ_UI_REFERENCE\ui_backgrounds\desktop__bg_desktop.png,ROM_EXTRACTED_REFERENCE,RAW_UI_BACKGROUND_DESKTOP_BG_DESKTOP_NSCR,NDS_2D,LAYERED_2D,NEEDS_REBUILD,ORIGINAL_REPLACEMENT_REQUIRED,VERIFIED_CROSSCHECK,ROM_COPYRIGHTED_REFERENCE,true,,,,,,,,,REBUILD,,[],"[""ORIGINAL_VISUAL_REPLACEMENT_REQUIRED""]",Verified 256x256 reference; research-only source pixels.
art:ui:background-ending-desktop-top:rom-reference,UI,UI_BACKGROUND_REFERENCE,ending/desktop_top.nscr,YDIJ UI background extraction,R:\NEXUS LINK\原作\CLAUDE_CODE_YDIJ_HANDOFF\01_UI_ART_LAYOUT\extracted_reference\YDIJ_UI_REFERENCE\ui_backgrounds\ending__desktop_top.png,ROM_EXTRACTED_REFERENCE,RAW_UI_BACKGROUND_ENDING_DESKTOP_TOP_NSCR,NDS_2D,LAYERED_2D,NEEDS_REBUILD,ORIGINAL_REPLACEMENT_REQUIRED,VERIFIED_CROSSCHECK,ROM_COPYRIGHTED_REFERENCE,true,,,,,,,,,REBUILD,,[],"[""ORIGINAL_VISUAL_REPLACEMENT_REQUIRED""]",Verified 256x256 reference; research-only source pixels.
art:ui:background-ending-desktop-under:rom-reference,UI,UI_BACKGROUND_REFERENCE,ending/desktop_under.nscr,YDIJ UI background extraction,R:\NEXUS LINK\原作\CLAUDE_CODE_YDIJ_HANDOFF\01_UI_ART_LAYOUT\extracted_reference\YDIJ_UI_REFERENCE\ui_backgrounds\ending__desktop_under.png,ROM_EXTRACTED_REFERENCE,RAW_UI_BACKGROUND_ENDING_DESKTOP_UNDER_NSCR,NDS_2D,LAYERED_2D,NEEDS_REBUILD,ORIGINAL_REPLACEMENT_REQUIRED,VERIFIED_CROSSCHECK,ROM_COPYRIGHTED_REFERENCE,true,,,,,,,,,REBUILD,,[],"[""ORIGINAL_VISUAL_REPLACEMENT_REQUIRED""]",Verified 256x256 reference; research-only source pixels.
art:ui:background-gate-select-bg-earth-sub-bg2:rom-reference,UI,UI_BACKGROUND_REFERENCE,gate_select/bg_earth_sub_bg2.nscr,YDIJ UI background extraction,R:\NEXUS LINK\原作\CLAUDE_CODE_YDIJ_HANDOFF\01_UI_ART_LAYOUT\extracted_reference\YDIJ_UI_REFERENCE\ui_backgrounds\gate_select__bg_earth_sub_bg2.png,ROM_EXTRACTED_REFERENCE,RAW_UI_BACKGROUND_GATE_SELECT_BG_EARTH_SUB_BG2_NSCR,NDS_2D,LAYERED_2D,NEEDS_REBUILD,ORIGINAL_REPLACEMENT_REQUIRED,VERIFIED_CROSSCHECK,ROM_COPYRIGHTED_REFERENCE,true,,,,,,,,,REBUILD,,[],"[""ORIGINAL_VISUAL_REPLACEMENT_REQUIRED""]",Verified 256x256 reference; research-only source pixels.
art:ui:background-gate-select-bg-earth-sub-bg3:rom-reference,UI,UI_BACKGROUND_REFERENCE,gate_select/bg_earth_sub_bg3.nscr,YDIJ UI background extraction,R:\NEXUS LINK\原作\CLAUDE_CODE_YDIJ_HANDOFF\01_UI_ART_LAYOUT\extracted_reference\YDIJ_UI_REFERENCE\ui_backgrounds\gate_select__bg_earth_sub_bg3.png,ROM_EXTRACTED_REFERENCE,RAW_UI_BACKGROUND_GATE_SELECT_BG_EARTH_SUB_BG3_NSCR,NDS_2D,LAYERED_2D,NEEDS_REBUILD,ORIGINAL_REPLACEMENT_REQUIRED,VERIFIED_CROSSCHECK,ROM_COPYRIGHTED_REFERENCE,true,,,,,,,,,REBUILD,,[],"[""ORIGINAL_VISUAL_REPLACEMENT_REQUIRED""]",Verified 256x256 reference; research-only source pixels.
art:ui:background-gate-select-bg-earth:rom-reference,UI,UI_BACKGROUND_REFERENCE,gate_select/bg_earth.nscr,YDIJ UI background extraction,R:\NEXUS LINK\原作\CLAUDE_CODE_YDIJ_HANDOFF\01_UI_ART_LAYOUT\extracted_reference\YDIJ_UI_REFERENCE\ui_backgrounds\gate_select__bg_earth.png,ROM_EXTRACTED_REFERENCE,RAW_UI_BACKGROUND_GATE_SELECT_BG_EARTH_NSCR,NDS_2D,LAYERED_2D,NEEDS_REBUILD,ORIGINAL_REPLACEMENT_REQUIRED,VERIFIED_CROSSCHECK,ROM_COPYRIGHTED_REFERENCE,true,,,,,,,,,REBUILD,,[],"[""ORIGINAL_VISUAL_REPLACEMENT_REQUIRED""]",Verified 256x256 reference; research-only source pixels.
art:ui:background-gate-select-bg-world-sub:rom-reference,UI,UI_BACKGROUND_REFERENCE,gate_select/bg_world_sub.nscr,YDIJ UI background extraction,R:\NEXUS LINK\原作\CLAUDE_CODE_YDIJ_HANDOFF\01_UI_ART_LAYOUT\extracted_reference\YDIJ_UI_REFERENCE\ui_backgrounds\gate_select__bg_world_sub.png,ROM_EXTRACTED_REFERENCE,RAW_UI_BACKGROUND_GATE_SELECT_BG_WORLD_SUB_NSCR,NDS_2D,LAYERED_2D,NEEDS_REBUILD,ORIGINAL_REPLACEMENT_REQUIRED,VERIFIED_CROSSCHECK,ROM_COPYRIGHTED_REFERENCE,true,,,,,,,,,REBUILD,,[],"[""ORIGINAL_VISUAL_REPLACEMENT_REQUIRED""]",Verified 256x256 reference; research-only source pixels.
art:ui:background-gate-select-bg-world:rom-reference,UI,UI_BACKGROUND_REFERENCE,gate_select/bg_world.nscr,YDIJ UI background extraction,R:\NEXUS LINK\原作\CLAUDE_CODE_YDIJ_HANDOFF\01_UI_ART_LAYOUT\extracted_reference\YDIJ_UI_REFERENCE\ui_backgrounds\gate_select__bg_world.png,ROM_EXTRACTED_REFERENCE,RAW_UI_BACKGROUND_GATE_SELECT_BG_WORLD_NSCR,NDS_2D,LAYERED_2D,NEEDS_REBUILD,ORIGINAL_REPLACEMENT_REQUIRED,VERIFIED_CROSSCHECK,ROM_COPYRIGHTED_REFERENCE,true,,,,,,,,,REBUILD,,[],"[""ORIGINAL_VISUAL_REPLACEMENT_REQUIRED""]",Verified 256x256 reference; research-only source pixels.
art:ui:background-help-help-bg-main:rom-reference,UI,UI_BACKGROUND_REFERENCE,help/help_bg_main.nscr,YDIJ UI background extraction,R:\NEXUS LINK\原作\CLAUDE_CODE_YDIJ_HANDOFF\01_UI_ART_LAYOUT\extracted_reference\YDIJ_UI_REFERENCE\ui_backgrounds\help__help_bg_main.png,ROM_EXTRACTED_REFERENCE,RAW_UI_BACKGROUND_HELP_HELP_BG_MAIN_NSCR,NDS_2D,LAYERED_2D,NEEDS_REBUILD,ORIGINAL_REPLACEMENT_REQUIRED,VERIFIED_CROSSCHECK,ROM_COPYRIGHTED_REFERENCE,true,,,,,,,,,REBUILD,,[],"[""ORIGINAL_VISUAL_REPLACEMENT_REQUIRED""]",Verified 256x256 reference; research-only source pixels.
art:ui:background-help-help-bg-sub:rom-reference,UI,UI_BACKGROUND_REFERENCE,help/help_bg_sub.nscr,YDIJ UI background extraction,R:\NEXUS LINK\原作\CLAUDE_CODE_YDIJ_HANDOFF\01_UI_ART_LAYOUT\extracted_reference\YDIJ_UI_REFERENCE\ui_backgrounds\help__help_bg_sub.png,ROM_EXTRACTED_REFERENCE,RAW_UI_BACKGROUND_HELP_HELP_BG_SUB_NSCR,NDS_2D,LAYERED_2D,NEEDS_REBUILD,ORIGINAL_REPLACEMENT_REQUIRED,VERIFIED_CROSSCHECK,ROM_COPYRIGHTED_REFERENCE,true,,,,,,,,,REBUILD,,[],"[""ORIGINAL_VISUAL_REPLACEMENT_REQUIRED""]",Verified 256x256 reference; research-only source pixels.
art:ui:background-hunt-result-desktop-top:rom-reference,UI,UI_BACKGROUND_REFERENCE,hunt_result/desktop_top.nscr,YDIJ UI background extraction,R:\NEXUS LINK\原作\CLAUDE_CODE_YDIJ_HANDOFF\01_UI_ART_LAYOUT\extracted_reference\YDIJ_UI_REFERENCE\ui_backgrounds\hunt_result__desktop_top.png,ROM_EXTRACTED_REFERENCE,RAW_UI_BACKGROUND_HUNT_RESULT_DESKTOP_TOP_NSCR,NDS_2D,LAYERED_2D,NEEDS_REBUILD,ORIGINAL_REPLACEMENT_REQUIRED,VERIFIED_CROSSCHECK,ROM_COPYRIGHTED_REFERENCE,true,,,,,,,,,REBUILD,,[],"[""ORIGINAL_VISUAL_REPLACEMENT_REQUIRED""]",Verified 256x256 reference; research-only source pixels.
art:ui:background-hunt-result-desktop-under:rom-reference,UI,UI_BACKGROUND_REFERENCE,hunt_result/desktop_under.nscr,YDIJ UI background extraction,R:\NEXUS LINK\原作\CLAUDE_CODE_YDIJ_HANDOFF\01_UI_ART_LAYOUT\extracted_reference\YDIJ_UI_REFERENCE\ui_backgrounds\hunt_result__desktop_under.png,ROM_EXTRACTED_REFERENCE,RAW_UI_BACKGROUND_HUNT_RESULT_DESKTOP_UNDER_NSCR,NDS_2D,LAYERED_2D,NEEDS_REBUILD,ORIGINAL_REPLACEMENT_REQUIRED,VERIFIED_CROSSCHECK,ROM_COPYRIGHTED_REFERENCE,true,,,,,,,,,REBUILD,,[],"[""ORIGINAL_VISUAL_REPLACEMENT_REQUIRED""]",Verified 256x256 reference; research-only source pixels.
art:ui:background-shop-shop-bg-main:rom-reference,UI,UI_BACKGROUND_REFERENCE,shop/shop_bg_main.nscr,YDIJ UI background extraction,R:\NEXUS LINK\原作\CLAUDE_CODE_YDIJ_HANDOFF\01_UI_ART_LAYOUT\extracted_reference\YDIJ_UI_REFERENCE\ui_backgrounds\shop__shop_bg_main.png,ROM_EXTRACTED_REFERENCE,RAW_UI_BACKGROUND_SHOP_SHOP_BG_MAIN_NSCR,NDS_2D,LAYERED_2D,NEEDS_REBUILD,ORIGINAL_REPLACEMENT_REQUIRED,VERIFIED_CROSSCHECK,ROM_COPYRIGHTED_REFERENCE,true,,,,,,,,,REBUILD,,[],"[""ORIGINAL_VISUAL_REPLACEMENT_REQUIRED""]",Verified 256x256 reference; research-only source pixels.
art:ui:background-shop-shop-bg-sub:rom-reference,UI,UI_BACKGROUND_REFERENCE,shop/shop_bg_sub.nscr,YDIJ UI background extraction,R:\NEXUS LINK\原作\CLAUDE_CODE_YDIJ_HANDOFF\01_UI_ART_LAYOUT\extracted_reference\YDIJ_UI_REFERENCE\ui_backgrounds\shop__shop_bg_sub.png,ROM_EXTRACTED_REFERENCE,RAW_UI_BACKGROUND_SHOP_SHOP_BG_SUB_NSCR,NDS_2D,LAYERED_2D,NEEDS_REBUILD,ORIGINAL_REPLACEMENT_REQUIRED,VERIFIED_CROSSCHECK,ROM_COPYRIGHTED_REFERENCE,true,,,,,,,,,REBUILD,,[],"[""ORIGINAL_VISUAL_REPLACEMENT_REQUIRED""]",Verified 256x512 reference; research-only source pixels.
art:ui:background-tamer-info-tamer-info-bg-main:rom-reference,UI,UI_BACKGROUND_REFERENCE,tamer_info/tamer_info_bg_main.nscr,YDIJ UI background extraction,R:\NEXUS LINK\原作\CLAUDE_CODE_YDIJ_HANDOFF\01_UI_ART_LAYOUT\extracted_reference\YDIJ_UI_REFERENCE\ui_backgrounds\tamer_info__tamer_info_bg_main.png,ROM_EXTRACTED_REFERENCE,RAW_UI_BACKGROUND_TAMER_INFO_TAMER_INFO_BG_MAIN_NSCR,NDS_2D,LAYERED_2D,NEEDS_REBUILD,ORIGINAL_REPLACEMENT_REQUIRED,VERIFIED_CROSSCHECK,ROM_COPYRIGHTED_REFERENCE,true,,,,,,,,,REBUILD,,[],"[""ORIGINAL_VISUAL_REPLACEMENT_REQUIRED""]",Verified 256x256 reference; research-only source pixels.
art:ui:background-tamer-info-tamer-info-bg-sub:rom-reference,UI,UI_BACKGROUND_REFERENCE,tamer_info/tamer_info_bg_sub.nscr,YDIJ UI background extraction,R:\NEXUS LINK\原作\CLAUDE_CODE_YDIJ_HANDOFF\01_UI_ART_LAYOUT\extracted_reference\YDIJ_UI_REFERENCE\ui_backgrounds\tamer_info__tamer_info_bg_sub.png,ROM_EXTRACTED_REFERENCE,RAW_UI_BACKGROUND_TAMER_INFO_TAMER_INFO_BG_SUB_NSCR,NDS_2D,LAYERED_2D,NEEDS_REBUILD,ORIGINAL_REPLACEMENT_REQUIRED,VERIFIED_CROSSCHECK,ROM_COPYRIGHTED_REFERENCE,true,,,,,,,,,REBUILD,,[],"[""ORIGINAL_VISUAL_REPLACEMENT_REQUIRED""]",Verified 256x256 reference; research-only source pixels.
art:ui:background-title-menu-start-back-bg-main:rom-reference,UI,UI_BACKGROUND_REFERENCE,title_menu/start_back_bg_main.nscr,YDIJ UI background extraction,R:\NEXUS LINK\原作\CLAUDE_CODE_YDIJ_HANDOFF\01_UI_ART_LAYOUT\extracted_reference\YDIJ_UI_REFERENCE\ui_backgrounds\title_menu__start_back_bg_main.png,ROM_EXTRACTED_REFERENCE,RAW_UI_BACKGROUND_TITLE_MENU_START_BACK_BG_MAIN_NSCR,NDS_2D,LAYERED_2D,NEEDS_REBUILD,ORIGINAL_REPLACEMENT_REQUIRED,VERIFIED_CROSSCHECK,ROM_COPYRIGHTED_REFERENCE,true,,,,,,,,,REBUILD,,[],"[""ORIGINAL_VISUAL_REPLACEMENT_REQUIRED""]",Verified 256x256 reference; research-only source pixels.
art:ui:background-title-menu-start-back-bg-sub:rom-reference,UI,UI_BACKGROUND_REFERENCE,title_menu/start_back_bg_sub.nscr,YDIJ UI background extraction,R:\NEXUS LINK\原作\CLAUDE_CODE_YDIJ_HANDOFF\01_UI_ART_LAYOUT\extracted_reference\YDIJ_UI_REFERENCE\ui_backgrounds\title_menu__start_back_bg_sub.png,ROM_EXTRACTED_REFERENCE,RAW_UI_BACKGROUND_TITLE_MENU_START_BACK_BG_SUB_NSCR,NDS_2D,LAYERED_2D,NEEDS_REBUILD,ORIGINAL_REPLACEMENT_REQUIRED,VERIFIED_CROSSCHECK,ROM_COPYRIGHTED_REFERENCE,true,,,,,,,,,REBUILD,,[],"[""ORIGINAL_VISUAL_REPLACEMENT_REQUIRED""]",Verified 256x256 reference; research-only source pixels.
art:ui:background-title-menu-title-bg-main:rom-reference,UI,UI_BACKGROUND_REFERENCE,title_menu/title_bg_main.nscr,YDIJ UI background extraction,R:\NEXUS LINK\原作\CLAUDE_CODE_YDIJ_HANDOFF\01_UI_ART_LAYOUT\extracted_reference\YDIJ_UI_REFERENCE\ui_backgrounds\title_menu__title_bg_main.png,ROM_EXTRACTED_REFERENCE,RAW_UI_BACKGROUND_TITLE_MENU_TITLE_BG_MAIN_NSCR,NDS_2D,LAYERED_2D,NEEDS_REBUILD,ORIGINAL_REPLACEMENT_REQUIRED,VERIFIED_CROSSCHECK,ROM_COPYRIGHTED_REFERENCE,true,,,,,,,,,REBUILD,,[],"[""ORIGINAL_VISUAL_REPLACEMENT_REQUIRED""]",Verified 256x256 reference; research-only source pixels.
art:ui:background-title-menu-title-common-bottom:rom-reference,UI,UI_BACKGROUND_REFERENCE,title_menu/title_common_bottom.nscr,YDIJ UI background extraction,R:\NEXUS LINK\原作\CLAUDE_CODE_YDIJ_HANDOFF\01_UI_ART_LAYOUT\extracted_reference\YDIJ_UI_REFERENCE\ui_backgrounds\title_menu__title_common_bottom.png,ROM_EXTRACTED_REFERENCE,RAW_UI_BACKGROUND_TITLE_MENU_TITLE_COMMON_BOTTOM_NSCR,NDS_2D,LAYERED_2D,NEEDS_REBUILD,ORIGINAL_REPLACEMENT_REQUIRED,VERIFIED_CROSSCHECK,ROM_COPYRIGHTED_REFERENCE,true,,,,,,,,,REBUILD,,[],"[""ORIGINAL_VISUAL_REPLACEMENT_REQUIRED""]",Verified 256x256 reference; research-only source pixels.
art:ui:background-title-menu-title-top:rom-reference,UI,UI_BACKGROUND_REFERENCE,title_menu/title_top.nscr,YDIJ UI background extraction,R:\NEXUS LINK\原作\CLAUDE_CODE_YDIJ_HANDOFF\01_UI_ART_LAYOUT\extracted_reference\YDIJ_UI_REFERENCE\ui_backgrounds\title_menu__title_top.png,ROM_EXTRACTED_REFERENCE,RAW_UI_BACKGROUND_TITLE_MENU_TITLE_TOP_NSCR,NDS_2D,LAYERED_2D,NEEDS_REBUILD,ORIGINAL_REPLACEMENT_REQUIRED,VERIFIED_CROSSCHECK,ROM_COPYRIGHTED_REFERENCE,true,,,,,,,,,REBUILD,,[],"[""ORIGINAL_VISUAL_REPLACEMENT_REQUIRED""]",Verified 256x256 reference; research-only source pixels.
art:ui:background-training-bg-training-cageedit-main-bg02:rom-reference,UI,UI_BACKGROUND_REFERENCE,training/bg_training_cageedit_main_bg02.nscr,YDIJ UI background extraction,R:\NEXUS LINK\原作\CLAUDE_CODE_YDIJ_HANDOFF\01_UI_ART_LAYOUT\extracted_reference\YDIJ_UI_REFERENCE\ui_backgrounds\training__bg_training_cageedit_main_bg02.png,ROM_EXTRACTED_REFERENCE,RAW_UI_BACKGROUND_TRAINING_BG_TRAINING_CAGEEDIT_MAIN_BG02_NSCR,NDS_2D,LAYERED_2D,NEEDS_REBUILD,ORIGINAL_REPLACEMENT_REQUIRED,VERIFIED_CROSSCHECK,ROM_COPYRIGHTED_REFERENCE,true,,,,,,,,,REBUILD,,[],"[""ORIGINAL_VISUAL_REPLACEMENT_REQUIRED""]",Verified 256x256 reference; research-only source pixels.
art:ui:background-training-bg-training-cageedit-main-bg03:rom-reference,UI,UI_BACKGROUND_REFERENCE,training/bg_training_cageedit_main_bg03.nscr,YDIJ UI background extraction,R:\NEXUS LINK\原作\CLAUDE_CODE_YDIJ_HANDOFF\01_UI_ART_LAYOUT\extracted_reference\YDIJ_UI_REFERENCE\ui_backgrounds\training__bg_training_cageedit_main_bg03.png,ROM_EXTRACTED_REFERENCE,RAW_UI_BACKGROUND_TRAINING_BG_TRAINING_CAGEEDIT_MAIN_BG03_NSCR,NDS_2D,LAYERED_2D,NEEDS_REBUILD,ORIGINAL_REPLACEMENT_REQUIRED,VERIFIED_CROSSCHECK,ROM_COPYRIGHTED_REFERENCE,true,,,,,,,,,REBUILD,,[],"[""ORIGINAL_VISUAL_REPLACEMENT_REQUIRED""]",Verified 256x256 reference; research-only source pixels.
art:ui:background-training-bg-training-cageedit-sub-bg01:rom-reference,UI,UI_BACKGROUND_REFERENCE,training/bg_training_cageedit_sub_bg01.nscr,YDIJ UI background extraction,R:\NEXUS LINK\原作\CLAUDE_CODE_YDIJ_HANDOFF\01_UI_ART_LAYOUT\extracted_reference\YDIJ_UI_REFERENCE\ui_backgrounds\training__bg_training_cageedit_sub_bg01.png,ROM_EXTRACTED_REFERENCE,RAW_UI_BACKGROUND_TRAINING_BG_TRAINING_CAGEEDIT_SUB_BG01_NSCR,NDS_2D,LAYERED_2D,NEEDS_REBUILD,ORIGINAL_REPLACEMENT_REQUIRED,VERIFIED_CROSSCHECK,ROM_COPYRIGHTED_REFERENCE,true,,,,,,,,,REBUILD,,[],"[""ORIGINAL_VISUAL_REPLACEMENT_REQUIRED""]",Verified 256x256 reference; research-only source pixels.
art:ui:background-training-bg-training-cageedit-sub-bg02:rom-reference,UI,UI_BACKGROUND_REFERENCE,training/bg_training_cageedit_sub_bg02.nscr,YDIJ UI background extraction,R:\NEXUS LINK\原作\CLAUDE_CODE_YDIJ_HANDOFF\01_UI_ART_LAYOUT\extracted_reference\YDIJ_UI_REFERENCE\ui_backgrounds\training__bg_training_cageedit_sub_bg02.png,ROM_EXTRACTED_REFERENCE,RAW_UI_BACKGROUND_TRAINING_BG_TRAINING_CAGEEDIT_SUB_BG02_NSCR,NDS_2D,LAYERED_2D,NEEDS_REBUILD,ORIGINAL_REPLACEMENT_REQUIRED,VERIFIED_CROSSCHECK,ROM_COPYRIGHTED_REFERENCE,true,,,,,,,,,REBUILD,,[],"[""ORIGINAL_VISUAL_REPLACEMENT_REQUIRED""]",Verified 256x256 reference; research-only source pixels.
art:ui:background-training-bg-training-cageedit-sub-bg03:rom-reference,UI,UI_BACKGROUND_REFERENCE,training/bg_training_cageedit_sub_bg03.nscr,YDIJ UI background extraction,R:\NEXUS LINK\原作\CLAUDE_CODE_YDIJ_HANDOFF\01_UI_ART_LAYOUT\extracted_reference\YDIJ_UI_REFERENCE\ui_backgrounds\training__bg_training_cageedit_sub_bg03.png,ROM_EXTRACTED_REFERENCE,RAW_UI_BACKGROUND_TRAINING_BG_TRAINING_CAGEEDIT_SUB_BG03_NSCR,NDS_2D,LAYERED_2D,NEEDS_REBUILD,ORIGINAL_REPLACEMENT_REQUIRED,VERIFIED_CROSSCHECK,ROM_COPYRIGHTED_REFERENCE,true,,,,,,,,,REBUILD,,[],"[""ORIGINAL_VISUAL_REPLACEMENT_REQUIRED""]",Verified 256x256 reference; research-only source pixels.
art:ui:background-training-bg-training-main:rom-reference,UI,UI_BACKGROUND_REFERENCE,training/BG_training_main.nscr,YDIJ UI background extraction,R:\NEXUS LINK\原作\CLAUDE_CODE_YDIJ_HANDOFF\01_UI_ART_LAYOUT\extracted_reference\YDIJ_UI_REFERENCE\ui_backgrounds\training__BG_training_main.png,ROM_EXTRACTED_REFERENCE,RAW_UI_BACKGROUND_TRAINING_BG_TRAINING_MAIN_NSCR,NDS_2D,LAYERED_2D,NEEDS_REBUILD,ORIGINAL_REPLACEMENT_REQUIRED,VERIFIED_CROSSCHECK,ROM_COPYRIGHTED_REFERENCE,true,,,,,,,,,REBUILD,,[],"[""ORIGINAL_VISUAL_REPLACEMENT_REQUIRED""]",Verified 256x256 reference; research-only source pixels.
art:ui:background-training-bg-training-sub-bg2:rom-reference,UI,UI_BACKGROUND_REFERENCE,training/BG_training_sub_bg2.nscr,YDIJ UI background extraction,R:\NEXUS LINK\原作\CLAUDE_CODE_YDIJ_HANDOFF\01_UI_ART_LAYOUT\extracted_reference\YDIJ_UI_REFERENCE\ui_backgrounds\training__BG_training_sub_bg2.png,ROM_EXTRACTED_REFERENCE,RAW_UI_BACKGROUND_TRAINING_BG_TRAINING_SUB_BG2_NSCR,NDS_2D,LAYERED_2D,NEEDS_REBUILD,ORIGINAL_REPLACEMENT_REQUIRED,VERIFIED_CROSSCHECK,ROM_COPYRIGHTED_REFERENCE,true,,,,,,,,,REBUILD,,[],"[""ORIGINAL_VISUAL_REPLACEMENT_REQUIRED""]",Verified 256x256 reference; research-only source pixels.
art:ui:background-training-bg-training-sub-bg3:rom-reference,UI,UI_BACKGROUND_REFERENCE,training/BG_training_sub_bg3.nscr,YDIJ UI background extraction,R:\NEXUS LINK\原作\CLAUDE_CODE_YDIJ_HANDOFF\01_UI_ART_LAYOUT\extracted_reference\YDIJ_UI_REFERENCE\ui_backgrounds\training__BG_training_sub_bg3.png,ROM_EXTRACTED_REFERENCE,RAW_UI_BACKGROUND_TRAINING_BG_TRAINING_SUB_BG3_NSCR,NDS_2D,LAYERED_2D,NEEDS_REBUILD,ORIGINAL_REPLACEMENT_REQUIRED,VERIFIED_CROSSCHECK,ROM_COPYRIGHTED_REFERENCE,true,,,,,,,,,REBUILD,,[],"[""ORIGINAL_VISUAL_REPLACEMENT_REQUIRED""]",Verified 256x256 reference; research-only source pixels.
art:ui:background-training-cage-edit-bg-main14:rom-reference,UI,UI_BACKGROUND_REFERENCE,training/cage_edit_bg_main14.nscr,YDIJ UI background extraction,R:\NEXUS LINK\原作\CLAUDE_CODE_YDIJ_HANDOFF\01_UI_ART_LAYOUT\extracted_reference\YDIJ_UI_REFERENCE\ui_backgrounds\training__cage_edit_bg_main14.png,ROM_EXTRACTED_REFERENCE,RAW_UI_BACKGROUND_TRAINING_CAGE_EDIT_BG_MAIN14_NSCR,NDS_2D,LAYERED_2D,NEEDS_REBUILD,ORIGINAL_REPLACEMENT_REQUIRED,VERIFIED_CROSSCHECK,ROM_COPYRIGHTED_REFERENCE,true,,,,,,,,,REBUILD,,[],"[""ORIGINAL_VISUAL_REPLACEMENT_REQUIRED""]",Verified 256x256 reference; research-only source pixels.
art:ui:background-training-cage-edit-bg-main16:rom-reference,UI,UI_BACKGROUND_REFERENCE,training/cage_edit_bg_main16.nscr,YDIJ UI background extraction,R:\NEXUS LINK\原作\CLAUDE_CODE_YDIJ_HANDOFF\01_UI_ART_LAYOUT\extracted_reference\YDIJ_UI_REFERENCE\ui_backgrounds\training__cage_edit_bg_main16.png,ROM_EXTRACTED_REFERENCE,RAW_UI_BACKGROUND_TRAINING_CAGE_EDIT_BG_MAIN16_NSCR,NDS_2D,LAYERED_2D,NEEDS_REBUILD,ORIGINAL_REPLACEMENT_REQUIRED,VERIFIED_CROSSCHECK,ROM_COPYRIGHTED_REFERENCE,true,,,,,,,,,REBUILD,,[],"[""ORIGINAL_VISUAL_REPLACEMENT_REQUIRED""]",Verified 256x256 reference; research-only source pixels.
art:ui:background-training-cage-edit-bg-main18:rom-reference,UI,UI_BACKGROUND_REFERENCE,training/cage_edit_bg_main18.nscr,YDIJ UI background extraction,R:\NEXUS LINK\原作\CLAUDE_CODE_YDIJ_HANDOFF\01_UI_ART_LAYOUT\extracted_reference\YDIJ_UI_REFERENCE\ui_backgrounds\training__cage_edit_bg_main18.png,ROM_EXTRACTED_REFERENCE,RAW_UI_BACKGROUND_TRAINING_CAGE_EDIT_BG_MAIN18_NSCR,NDS_2D,LAYERED_2D,NEEDS_REBUILD,ORIGINAL_REPLACEMENT_REQUIRED,VERIFIED_CROSSCHECK,ROM_COPYRIGHTED_REFERENCE,true,,,,,,,,,REBUILD,,[],"[""ORIGINAL_VISUAL_REPLACEMENT_REQUIRED""]",Verified 256x256 reference; research-only source pixels.
art:ui:background-training-cage-edit-bg-main20:rom-reference,UI,UI_BACKGROUND_REFERENCE,training/cage_edit_bg_main20.nscr,YDIJ UI background extraction,R:\NEXUS LINK\原作\CLAUDE_CODE_YDIJ_HANDOFF\01_UI_ART_LAYOUT\extracted_reference\YDIJ_UI_REFERENCE\ui_backgrounds\training__cage_edit_bg_main20.png,ROM_EXTRACTED_REFERENCE,RAW_UI_BACKGROUND_TRAINING_CAGE_EDIT_BG_MAIN20_NSCR,NDS_2D,LAYERED_2D,NEEDS_REBUILD,ORIGINAL_REPLACEMENT_REQUIRED,VERIFIED_CROSSCHECK,ROM_COPYRIGHTED_REFERENCE,true,,,,,,,,,REBUILD,,[],"[""ORIGINAL_VISUAL_REPLACEMENT_REQUIRED""]",Verified 256x256 reference; research-only source pixels.
art:ui:background-training-cage-edit-bg-main:rom-reference,UI,UI_BACKGROUND_REFERENCE,training/cage_edit_bg_main.nscr,YDIJ UI background extraction,R:\NEXUS LINK\原作\CLAUDE_CODE_YDIJ_HANDOFF\01_UI_ART_LAYOUT\extracted_reference\YDIJ_UI_REFERENCE\ui_backgrounds\training__cage_edit_bg_main.png,ROM_EXTRACTED_REFERENCE,RAW_UI_BACKGROUND_TRAINING_CAGE_EDIT_BG_MAIN_NSCR,NDS_2D,LAYERED_2D,NEEDS_REBUILD,ORIGINAL_REPLACEMENT_REQUIRED,VERIFIED_CROSSCHECK,ROM_COPYRIGHTED_REFERENCE,true,,,,,,,,,REBUILD,,[],"[""ORIGINAL_VISUAL_REPLACEMENT_REQUIRED""]",Verified 256x256 reference; research-only source pixels.
art:ui:background-training-cage-edit-bg-sub:rom-reference,UI,UI_BACKGROUND_REFERENCE,training/cage_edit_bg_sub.nscr,YDIJ UI background extraction,R:\NEXUS LINK\原作\CLAUDE_CODE_YDIJ_HANDOFF\01_UI_ART_LAYOUT\extracted_reference\YDIJ_UI_REFERENCE\ui_backgrounds\training__cage_edit_bg_sub.png,ROM_EXTRACTED_REFERENCE,RAW_UI_BACKGROUND_TRAINING_CAGE_EDIT_BG_SUB_NSCR,NDS_2D,LAYERED_2D,NEEDS_REBUILD,ORIGINAL_REPLACEMENT_REQUIRED,VERIFIED_CROSSCHECK,ROM_COPYRIGHTED_REFERENCE,true,,,,,,,,,REBUILD,,[],"[""ORIGINAL_VISUAL_REPLACEMENT_REQUIRED""]",Verified 256x256 reference; research-only source pixels.
art:ui:background-training-cagebg-a:rom-reference,UI,UI_BACKGROUND_REFERENCE,training/cageBG_A.nscr,YDIJ UI background extraction,R:\NEXUS LINK\原作\CLAUDE_CODE_YDIJ_HANDOFF\01_UI_ART_LAYOUT\extracted_reference\YDIJ_UI_REFERENCE\ui_backgrounds\training__cageBG_A.png,ROM_EXTRACTED_REFERENCE,RAW_UI_BACKGROUND_TRAINING_CAGEBG_A_NSCR,NDS_2D,LAYERED_2D,NEEDS_REBUILD,ORIGINAL_REPLACEMENT_REQUIRED,VERIFIED_CROSSCHECK,ROM_COPYRIGHTED_REFERENCE,true,,,,,,,,,REBUILD,,[],"[""ORIGINAL_VISUAL_REPLACEMENT_REQUIRED""]",Verified 256x256 reference; research-only source pixels.
art:ui:background-training-cagebg-b:rom-reference,UI,UI_BACKGROUND_REFERENCE,training/cageBG_B.nscr,YDIJ UI background extraction,R:\NEXUS LINK\原作\CLAUDE_CODE_YDIJ_HANDOFF\01_UI_ART_LAYOUT\extracted_reference\YDIJ_UI_REFERENCE\ui_backgrounds\training__cageBG_B.png,ROM_EXTRACTED_REFERENCE,RAW_UI_BACKGROUND_TRAINING_CAGEBG_B_NSCR,NDS_2D,LAYERED_2D,NEEDS_REBUILD,ORIGINAL_REPLACEMENT_REQUIRED,VERIFIED_CROSSCHECK,ROM_COPYRIGHTED_REFERENCE,true,,,,,,,,,REBUILD,,[],"[""ORIGINAL_VISUAL_REPLACEMENT_REQUIRED""]",Verified 512x128 reference; research-only source pixels.
art:ui:background-training-cagebg-c:rom-reference,UI,UI_BACKGROUND_REFERENCE,training/cageBG_C.nscr,YDIJ UI background extraction,R:\NEXUS LINK\原作\CLAUDE_CODE_YDIJ_HANDOFF\01_UI_ART_LAYOUT\extracted_reference\YDIJ_UI_REFERENCE\ui_backgrounds\training__cageBG_C.png,ROM_EXTRACTED_REFERENCE,RAW_UI_BACKGROUND_TRAINING_CAGEBG_C_NSCR,NDS_2D,LAYERED_2D,NEEDS_REBUILD,ORIGINAL_REPLACEMENT_REQUIRED,VERIFIED_CROSSCHECK,ROM_COPYRIGHTED_REFERENCE,true,,,,,,,,,REBUILD,,[],"[""ORIGINAL_VISUAL_REPLACEMENT_REQUIRED""]",Verified 256x256 reference; research-only source pixels.
art:ui:background-training-cagebg-d:rom-reference,UI,UI_BACKGROUND_REFERENCE,training/cageBG_D.nscr,YDIJ UI background extraction,R:\NEXUS LINK\原作\CLAUDE_CODE_YDIJ_HANDOFF\01_UI_ART_LAYOUT\extracted_reference\YDIJ_UI_REFERENCE\ui_backgrounds\training__cageBG_D.png,ROM_EXTRACTED_REFERENCE,RAW_UI_BACKGROUND_TRAINING_CAGEBG_D_NSCR,NDS_2D,LAYERED_2D,NEEDS_REBUILD,ORIGINAL_REPLACEMENT_REQUIRED,VERIFIED_CROSSCHECK,ROM_COPYRIGHTED_REFERENCE,true,,,,,,,,,REBUILD,,[],"[""ORIGINAL_VISUAL_REPLACEMENT_REQUIRED""]",Verified 256x256 reference; research-only source pixels.
art:ui:background-training-cagebg-e:rom-reference,UI,UI_BACKGROUND_REFERENCE,training/cageBG_E.nscr,YDIJ UI background extraction,R:\NEXUS LINK\原作\CLAUDE_CODE_YDIJ_HANDOFF\01_UI_ART_LAYOUT\extracted_reference\YDIJ_UI_REFERENCE\ui_backgrounds\training__cageBG_E.png,ROM_EXTRACTED_REFERENCE,RAW_UI_BACKGROUND_TRAINING_CAGEBG_E_NSCR,NDS_2D,LAYERED_2D,NEEDS_REBUILD,ORIGINAL_REPLACEMENT_REQUIRED,VERIFIED_CROSSCHECK,ROM_COPYRIGHTED_REFERENCE,true,,,,,,,,,REBUILD,,[],"[""ORIGINAL_VISUAL_REPLACEMENT_REQUIRED""]",Verified 256x256 reference; research-only source pixels.
art:ui:background-training-tamer-info-main:rom-reference,UI,UI_BACKGROUND_REFERENCE,training/tamer_info_main.nscr,YDIJ UI background extraction,R:\NEXUS LINK\原作\CLAUDE_CODE_YDIJ_HANDOFF\01_UI_ART_LAYOUT\extracted_reference\YDIJ_UI_REFERENCE\ui_backgrounds\training__tamer_info_main.png,ROM_EXTRACTED_REFERENCE,RAW_UI_BACKGROUND_TRAINING_TAMER_INFO_MAIN_NSCR,NDS_2D,LAYERED_2D,NEEDS_REBUILD,ORIGINAL_REPLACEMENT_REQUIRED,VERIFIED_CROSSCHECK,ROM_COPYRIGHTED_REFERENCE,true,,,,,,,,,REBUILD,,[],"[""ORIGINAL_VISUAL_REPLACEMENT_REQUIRED""]",Verified 256x256 reference; research-only source pixels.
art:ui:background-training-tamer-info-sub:rom-reference,UI,UI_BACKGROUND_REFERENCE,training/tamer_info_sub.nscr,YDIJ UI background extraction,R:\NEXUS LINK\原作\CLAUDE_CODE_YDIJ_HANDOFF\01_UI_ART_LAYOUT\extracted_reference\YDIJ_UI_REFERENCE\ui_backgrounds\training__tamer_info_sub.png,ROM_EXTRACTED_REFERENCE,RAW_UI_BACKGROUND_TRAINING_TAMER_INFO_SUB_NSCR,NDS_2D,LAYERED_2D,NEEDS_REBUILD,ORIGINAL_REPLACEMENT_REQUIRED,VERIFIED_CROSSCHECK,ROM_COPYRIGHTED_REFERENCE,true,,,,,,,,,REBUILD,,[],"[""ORIGINAL_VISUAL_REPLACEMENT_REQUIRED""]",Verified 256x256 reference; research-only source pixels.
art:ui:background-training-training-bg-top1:rom-reference,UI,UI_BACKGROUND_REFERENCE,training/training_bg_top1.nscr,YDIJ UI background extraction,R:\NEXUS LINK\原作\CLAUDE_CODE_YDIJ_HANDOFF\01_UI_ART_LAYOUT\extracted_reference\YDIJ_UI_REFERENCE\ui_backgrounds\training__training_bg_top1.png,ROM_EXTRACTED_REFERENCE,RAW_UI_BACKGROUND_TRAINING_TRAINING_BG_TOP1_NSCR,NDS_2D,LAYERED_2D,NEEDS_REBUILD,ORIGINAL_REPLACEMENT_REQUIRED,VERIFIED_CROSSCHECK,ROM_COPYRIGHTED_REFERENCE,true,,,,,,,,,REBUILD,,[],"[""ORIGINAL_VISUAL_REPLACEMENT_REQUIRED""]",Verified 256x512 reference; research-only source pixels.
art:ui:background-training-training-bg-top:rom-reference,UI,UI_BACKGROUND_REFERENCE,training/training_bg_top.nscr,YDIJ UI background extraction,R:\NEXUS LINK\原作\CLAUDE_CODE_YDIJ_HANDOFF\01_UI_ART_LAYOUT\extracted_reference\YDIJ_UI_REFERENCE\ui_backgrounds\training__training_bg_top.png,ROM_EXTRACTED_REFERENCE,RAW_UI_BACKGROUND_TRAINING_TRAINING_BG_TOP_NSCR,NDS_2D,LAYERED_2D,NEEDS_REBUILD,ORIGINAL_REPLACEMENT_REQUIRED,VERIFIED_CROSSCHECK,ROM_COPYRIGHTED_REFERENCE,true,,,,,,,,,REBUILD,,[],"[""ORIGINAL_VISUAL_REPLACEMENT_REQUIRED""]",Verified 256x256 reference; research-only source pixels.
art:ui:background-training-traning-top:rom-reference,UI,UI_BACKGROUND_REFERENCE,training/traning_top.nscr,YDIJ UI background extraction,R:\NEXUS LINK\原作\CLAUDE_CODE_YDIJ_HANDOFF\01_UI_ART_LAYOUT\extracted_reference\YDIJ_UI_REFERENCE\ui_backgrounds\training__traning_top.png,ROM_EXTRACTED_REFERENCE,RAW_UI_BACKGROUND_TRAINING_TRANING_TOP_NSCR,NDS_2D,LAYERED_2D,NEEDS_REBUILD,ORIGINAL_REPLACEMENT_REQUIRED,VERIFIED_CROSSCHECK,ROM_COPYRIGHTED_REFERENCE,true,,,,,,,,,REBUILD,,[],"[""ORIGINAL_VISUAL_REPLACEMENT_REQUIRED""]",Verified 256x256 reference; research-only source pixels.
art:ui:background-training-traning-under:rom-reference,UI,UI_BACKGROUND_REFERENCE,training/traning_under.nscr,YDIJ UI background extraction,R:\NEXUS LINK\原作\CLAUDE_CODE_YDIJ_HANDOFF\01_UI_ART_LAYOUT\extracted_reference\YDIJ_UI_REFERENCE\ui_backgrounds\training__traning_under.png,ROM_EXTRACTED_REFERENCE,RAW_UI_BACKGROUND_TRAINING_TRANING_UNDER_NSCR,NDS_2D,LAYERED_2D,NEEDS_REBUILD,ORIGINAL_REPLACEMENT_REQUIRED,VERIFIED_CROSSCHECK,ROM_COPYRIGHTED_REFERENCE,true,,,,,,,,,REBUILD,,[],"[""ORIGINAL_VISUAL_REPLACEMENT_REQUIRED""]",Verified 256x256 reference; research-only source pixels.
art:ui:background-ui-common-bg-bottom:rom-reference,UI,UI_BACKGROUND_REFERENCE,ui/common_bg_bottom.nscr,YDIJ UI background extraction,R:\NEXUS LINK\原作\CLAUDE_CODE_YDIJ_HANDOFF\01_UI_ART_LAYOUT\extracted_reference\YDIJ_UI_REFERENCE\ui_backgrounds\ui__common_bg_bottom.png,ROM_EXTRACTED_REFERENCE,RAW_UI_BACKGROUND_UI_COMMON_BG_BOTTOM_NSCR,NDS_2D,LAYERED_2D,NEEDS_REBUILD,ORIGINAL_REPLACEMENT_REQUIRED,VERIFIED_CROSSCHECK,ROM_COPYRIGHTED_REFERENCE,true,,,,,,,,,REBUILD,,[],"[""ORIGINAL_VISUAL_REPLACEMENT_REQUIRED""]",Verified 256x256 reference; research-only source pixels.
art:ui:background-ui-common-bg-top:rom-reference,UI,UI_BACKGROUND_REFERENCE,ui/common_bg_top.nscr,YDIJ UI background extraction,R:\NEXUS LINK\原作\CLAUDE_CODE_YDIJ_HANDOFF\01_UI_ART_LAYOUT\extracted_reference\YDIJ_UI_REFERENCE\ui_backgrounds\ui__common_bg_top.png,ROM_EXTRACTED_REFERENCE,RAW_UI_BACKGROUND_UI_COMMON_BG_TOP_NSCR,NDS_2D,LAYERED_2D,NEEDS_REBUILD,ORIGINAL_REPLACEMENT_REQUIRED,VERIFIED_CROSSCHECK,ROM_COPYRIGHTED_REFERENCE,true,,,,,,,,,REBUILD,,[],"[""ORIGINAL_VISUAL_REPLACEMENT_REQUIRED""]",Verified 256x256 reference; research-only source pixels.
art:ui:background-ui-hunt-hunting-hunting-bg-sub:rom-reference,UI,UI_BACKGROUND_REFERENCE,ui/hunt/hunting/hunting_bg_sub.nscr,YDIJ UI background extraction,R:\NEXUS LINK\原作\CLAUDE_CODE_YDIJ_HANDOFF\01_UI_ART_LAYOUT\extracted_reference\YDIJ_UI_REFERENCE\ui_backgrounds\ui__hunt__hunting__hunting_bg_sub.png,ROM_EXTRACTED_REFERENCE,RAW_UI_BACKGROUND_UI_HUNT_HUNTING_HUNTING_BG_SUB_NSCR,NDS_2D,LAYERED_2D,NEEDS_REBUILD,ORIGINAL_REPLACEMENT_REQUIRED,VERIFIED_CROSSCHECK,ROM_COPYRIGHTED_REFERENCE,true,,,,,,,,,REBUILD,,[],"[""ORIGINAL_VISUAL_REPLACEMENT_REQUIRED""]",Verified 256x256 reference; research-only source pixels.
art:ui:background-ui-hunt-setting-bg-gear-setting-sub:rom-reference,UI,UI_BACKGROUND_REFERENCE,ui/hunt/setting/bg_gear_setting_sub.nscr,YDIJ UI background extraction,R:\NEXUS LINK\原作\CLAUDE_CODE_YDIJ_HANDOFF\01_UI_ART_LAYOUT\extracted_reference\YDIJ_UI_REFERENCE\ui_backgrounds\ui__hunt__setting__bg_gear_setting_sub.png,ROM_EXTRACTED_REFERENCE,RAW_UI_BACKGROUND_UI_HUNT_SETTING_BG_GEAR_SETTING_SUB_NSCR,NDS_2D,LAYERED_2D,NEEDS_REBUILD,ORIGINAL_REPLACEMENT_REQUIRED,VERIFIED_CROSSCHECK,ROM_COPYRIGHTED_REFERENCE,true,,,,,,,,,REBUILD,,[],"[""ORIGINAL_VISUAL_REPLACEMENT_REQUIRED""]",Verified 256x256 reference; research-only source pixels.
art:ui:background-ui-hunt-setting-setting-bg-sub-bg1:rom-reference,UI,UI_BACKGROUND_REFERENCE,ui/hunt/setting/setting_bg_sub_bg1.nscr,YDIJ UI background extraction,R:\NEXUS LINK\原作\CLAUDE_CODE_YDIJ_HANDOFF\01_UI_ART_LAYOUT\extracted_reference\YDIJ_UI_REFERENCE\ui_backgrounds\ui__hunt__setting__setting_bg_sub_bg1.png,ROM_EXTRACTED_REFERENCE,RAW_UI_BACKGROUND_UI_HUNT_SETTING_SETTING_BG_SUB_BG1_NSCR,NDS_2D,LAYERED_2D,NEEDS_REBUILD,ORIGINAL_REPLACEMENT_REQUIRED,VERIFIED_CROSSCHECK,ROM_COPYRIGHTED_REFERENCE,true,,,,,,,,,REBUILD,,[],"[""ORIGINAL_VISUAL_REPLACEMENT_REQUIRED""]",Verified 512x256 reference; research-only source pixels.
art:ui:background-ui-hunt-setting-setting-bg-sub-bg2:rom-reference,UI,UI_BACKGROUND_REFERENCE,ui/hunt/setting/setting_bg_sub_bg2.nscr,YDIJ UI background extraction,R:\NEXUS LINK\原作\CLAUDE_CODE_YDIJ_HANDOFF\01_UI_ART_LAYOUT\extracted_reference\YDIJ_UI_REFERENCE\ui_backgrounds\ui__hunt__setting__setting_bg_sub_bg2.png,ROM_EXTRACTED_REFERENCE,RAW_UI_BACKGROUND_UI_HUNT_SETTING_SETTING_BG_SUB_BG2_NSCR,NDS_2D,LAYERED_2D,NEEDS_REBUILD,ORIGINAL_REPLACEMENT_REQUIRED,VERIFIED_CROSSCHECK,ROM_COPYRIGHTED_REFERENCE,true,,,,,,,,,REBUILD,,[],"[""ORIGINAL_VISUAL_REPLACEMENT_REQUIRED""]",Verified 512x256 reference; research-only source pixels.
art:ui:background-ui-hunt-setting-setting-bg-sub-bg3:rom-reference,UI,UI_BACKGROUND_REFERENCE,ui/hunt/setting/setting_bg_sub_bg3.nscr,YDIJ UI background extraction,R:\NEXUS LINK\原作\CLAUDE_CODE_YDIJ_HANDOFF\01_UI_ART_LAYOUT\extracted_reference\YDIJ_UI_REFERENCE\ui_backgrounds\ui__hunt__setting__setting_bg_sub_bg3.png,ROM_EXTRACTED_REFERENCE,RAW_UI_BACKGROUND_UI_HUNT_SETTING_SETTING_BG_SUB_BG3_NSCR,NDS_2D,LAYERED_2D,NEEDS_REBUILD,ORIGINAL_REPLACEMENT_REQUIRED,VERIFIED_CROSSCHECK,ROM_COPYRIGHTED_REFERENCE,true,,,,,,,,,REBUILD,,[],"[""ORIGINAL_VISUAL_REPLACEMENT_REQUIRED""]",Verified 512x256 reference; research-only source pixels.
art:ui:background-ui-hunt-world-world-bg-sub:rom-reference,UI,UI_BACKGROUND_REFERENCE,ui/hunt/world/world_bg_sub.nscr,YDIJ UI background extraction,R:\NEXUS LINK\原作\CLAUDE_CODE_YDIJ_HANDOFF\01_UI_ART_LAYOUT\extracted_reference\YDIJ_UI_REFERENCE\ui_backgrounds\ui__hunt__world__world_bg_sub.png,ROM_EXTRACTED_REFERENCE,RAW_UI_BACKGROUND_UI_HUNT_WORLD_WORLD_BG_SUB_NSCR,NDS_2D,LAYERED_2D,NEEDS_REBUILD,ORIGINAL_REPLACEMENT_REQUIRED,VERIFIED_CROSSCHECK,ROM_COPYRIGHTED_REFERENCE,true,,,,,,,,,REBUILD,,[],"[""ORIGINAL_VISUAL_REPLACEMENT_REQUIRED""]",Verified 256x256 reference; research-only source pixels.
art:ui:background-ui-list-bg-sub:rom-reference,UI,UI_BACKGROUND_REFERENCE,ui/list_bg_sub.nscr,YDIJ UI background extraction,R:\NEXUS LINK\原作\CLAUDE_CODE_YDIJ_HANDOFF\01_UI_ART_LAYOUT\extracted_reference\YDIJ_UI_REFERENCE\ui_backgrounds\ui__list_bg_sub.png,ROM_EXTRACTED_REFERENCE,RAW_UI_BACKGROUND_UI_LIST_BG_SUB_NSCR,NDS_2D,LAYERED_2D,NEEDS_REBUILD,ORIGINAL_REPLACEMENT_REQUIRED,VERIFIED_CROSSCHECK,ROM_COPYRIGHTED_REFERENCE,true,,,,,,,,,REBUILD,,[],"[""ORIGINAL_VISUAL_REPLACEMENT_REQUIRED""]",Verified 256x256 reference; research-only source pixels.
art:ui:background-ui-opening-txt:rom-reference,UI,UI_BACKGROUND_REFERENCE,ui/opening_txt.nscr,YDIJ UI background extraction,R:\NEXUS LINK\原作\CLAUDE_CODE_YDIJ_HANDOFF\01_UI_ART_LAYOUT\extracted_reference\YDIJ_UI_REFERENCE\ui_backgrounds\ui__opening_txt.png,ROM_EXTRACTED_REFERENCE,RAW_UI_BACKGROUND_UI_OPENING_TXT_NSCR,NDS_2D,LAYERED_2D,NEEDS_REBUILD,ORIGINAL_REPLACEMENT_REQUIRED,VERIFIED_CROSSCHECK,ROM_COPYRIGHTED_REFERENCE,true,,,,,,,,,REBUILD,,[],"[""ORIGINAL_VISUAL_REPLACEMENT_REQUIRED""]",Verified 256x256 reference; research-only source pixels.
art:ui:background-ui-screen-wipe-bg-in:rom-reference,UI,UI_BACKGROUND_REFERENCE,ui/screen_wipe_bg_in.nscr,YDIJ UI background extraction,R:\NEXUS LINK\原作\CLAUDE_CODE_YDIJ_HANDOFF\01_UI_ART_LAYOUT\extracted_reference\YDIJ_UI_REFERENCE\ui_backgrounds\ui__screen_wipe_bg_in.png,ROM_EXTRACTED_REFERENCE,RAW_UI_BACKGROUND_UI_SCREEN_WIPE_BG_IN_NSCR,NDS_2D,LAYERED_2D,NEEDS_REBUILD,ORIGINAL_REPLACEMENT_REQUIRED,VERIFIED_CROSSCHECK,ROM_COPYRIGHTED_REFERENCE,true,,,,,,,,,REBUILD,,[],"[""ORIGINAL_VISUAL_REPLACEMENT_REQUIRED""]",Verified 512x512 reference; research-only source pixels.
art:ui:background-ui-screen-wipe-bg-out:rom-reference,UI,UI_BACKGROUND_REFERENCE,ui/screen_wipe_bg_out.nscr,YDIJ UI background extraction,R:\NEXUS LINK\原作\CLAUDE_CODE_YDIJ_HANDOFF\01_UI_ART_LAYOUT\extracted_reference\YDIJ_UI_REFERENCE\ui_backgrounds\ui__screen_wipe_bg_out.png,ROM_EXTRACTED_REFERENCE,RAW_UI_BACKGROUND_UI_SCREEN_WIPE_BG_OUT_NSCR,NDS_2D,LAYERED_2D,NEEDS_REBUILD,ORIGINAL_REPLACEMENT_REQUIRED,VERIFIED_CROSSCHECK,ROM_COPYRIGHTED_REFERENCE,true,,,,,,,,,REBUILD,,[],"[""ORIGINAL_VISUAL_REPLACEMENT_REQUIRED""]",Verified 512x512 reference; research-only source pixels.
art:ui:background-ui-winner-top-bg1:rom-reference,UI,UI_BACKGROUND_REFERENCE,ui/winner_top_bg1.nscr,YDIJ UI background extraction,R:\NEXUS LINK\原作\CLAUDE_CODE_YDIJ_HANDOFF\01_UI_ART_LAYOUT\extracted_reference\YDIJ_UI_REFERENCE\ui_backgrounds\ui__winner_top_bg1.png,ROM_EXTRACTED_REFERENCE,RAW_UI_BACKGROUND_UI_WINNER_TOP_BG1_NSCR,NDS_2D,LAYERED_2D,NEEDS_REBUILD,ORIGINAL_REPLACEMENT_REQUIRED,VERIFIED_CROSSCHECK,ROM_COPYRIGHTED_REFERENCE,true,,,,,,,,,REBUILD,,[],"[""ORIGINAL_VISUAL_REPLACEMENT_REQUIRED""]",Verified 256x256 reference; research-only source pixels.
art:ui:background-ui-winner-top-bg2:rom-reference,UI,UI_BACKGROUND_REFERENCE,ui/winner_top_bg2.nscr,YDIJ UI background extraction,R:\NEXUS LINK\原作\CLAUDE_CODE_YDIJ_HANDOFF\01_UI_ART_LAYOUT\extracted_reference\YDIJ_UI_REFERENCE\ui_backgrounds\ui__winner_top_bg2.png,ROM_EXTRACTED_REFERENCE,RAW_UI_BACKGROUND_UI_WINNER_TOP_BG2_NSCR,NDS_2D,LAYERED_2D,NEEDS_REBUILD,ORIGINAL_REPLACEMENT_REQUIRED,VERIFIED_CROSSCHECK,ROM_COPYRIGHTED_REFERENCE,true,,,,,,,,,REBUILD,,[],"[""ORIGINAL_VISUAL_REPLACEMENT_REQUIRED""]",Verified 256x256 reference; research-only source pixels.
art:ui:cell-bundle-battle-menu-battle-field-name:rom-reference,UI,UI_CELL_BUNDLE_REFERENCE,battle_menu/battle_field_name.ncer,YDIJ UI sprite bundle extraction,R:\NEXUS LINK\原作\CLAUDE_CODE_YDIJ_HANDOFF\01_UI_ART_LAYOUT\extracted_reference\YDIJ_UI_REFERENCE\ui_sprite_cells\battle_menu__battle_field_name__cells.png,ROM_EXTRACTED_REFERENCE,RAW_UI_CELL_BUNDLE_BATTLE_MENU_BATTLE_FIELD_NAME_NCER,NDS_2D,DOM_CSS,NEEDS_REBUILD,ORIGINAL_REPLACEMENT_REQUIRED,VERIFIED_CROSSCHECK,ROM_COPYRIGHTED_REFERENCE,true,,,,,,,,,REBUILD,,[],"[""ORIGINAL_VISUAL_REPLACEMENT_REQUIRED""]","Verified bundle with 11 cells; preserve function, rebuild visual language."
art:ui:cell-bundle-battle-menu-battle-menu-gage:rom-reference,UI,UI_CELL_BUNDLE_REFERENCE,battle_menu/battle_menu_gage.ncer,YDIJ UI sprite bundle extraction,R:\NEXUS LINK\原作\CLAUDE_CODE_YDIJ_HANDOFF\01_UI_ART_LAYOUT\extracted_reference\YDIJ_UI_REFERENCE\ui_sprite_cells\battle_menu__battle_menu_gage__cells.png,ROM_EXTRACTED_REFERENCE,RAW_UI_CELL_BUNDLE_BATTLE_MENU_BATTLE_MENU_GAGE_NCER,NDS_2D,DOM_CSS,NEEDS_REBUILD,ORIGINAL_REPLACEMENT_REQUIRED,VERIFIED_CROSSCHECK,ROM_COPYRIGHTED_REFERENCE,true,,,,,,,,,REBUILD,,[],"[""ORIGINAL_VISUAL_REPLACEMENT_REQUIRED""]","Verified bundle with 5 cells; preserve function, rebuild visual language."
art:ui:cell-bundle-battle-menu-battle-menu-gauge:rom-reference,UI,UI_CELL_BUNDLE_REFERENCE,battle_menu/battle_menu_gauge.ncer,YDIJ UI sprite bundle extraction,R:\NEXUS LINK\原作\CLAUDE_CODE_YDIJ_HANDOFF\01_UI_ART_LAYOUT\extracted_reference\YDIJ_UI_REFERENCE\ui_sprite_cells\battle_menu__battle_menu_gauge__cells.png,ROM_EXTRACTED_REFERENCE,RAW_UI_CELL_BUNDLE_BATTLE_MENU_BATTLE_MENU_GAUGE_NCER,NDS_2D,DOM_CSS,NEEDS_REBUILD,ORIGINAL_REPLACEMENT_REQUIRED,VERIFIED_CROSSCHECK,ROM_COPYRIGHTED_REFERENCE,true,,,,,,,,,REBUILD,,[],"[""ORIGINAL_VISUAL_REPLACEMENT_REQUIRED""]","Verified bundle with 5 cells; preserve function, rebuild visual language."
art:ui:cell-bundle-battle-menu-battle-obj-sub:rom-reference,UI,UI_CELL_BUNDLE_REFERENCE,battle_menu/battle_obj_sub.ncer,YDIJ UI sprite bundle extraction,R:\NEXUS LINK\原作\CLAUDE_CODE_YDIJ_HANDOFF\01_UI_ART_LAYOUT\extracted_reference\YDIJ_UI_REFERENCE\ui_sprite_cells\battle_menu__battle_obj_sub__cells.png,ROM_EXTRACTED_REFERENCE,RAW_UI_CELL_BUNDLE_BATTLE_MENU_BATTLE_OBJ_SUB_NCER,NDS_2D,DOM_CSS,NEEDS_REBUILD,ORIGINAL_REPLACEMENT_REQUIRED,VERIFIED_CROSSCHECK,ROM_COPYRIGHTED_REFERENCE,true,,,,,,,,,REBUILD,,[],"[""ORIGINAL_VISUAL_REPLACEMENT_REQUIRED""]","Verified bundle with 20 cells; preserve function, rebuild visual language."
art:ui:cell-bundle-battle-menu-battle-setting-obj-main:rom-reference,UI,UI_CELL_BUNDLE_REFERENCE,battle_menu/battle_setting_obj_main.ncer,YDIJ UI sprite bundle extraction,R:\NEXUS LINK\原作\CLAUDE_CODE_YDIJ_HANDOFF\01_UI_ART_LAYOUT\extracted_reference\YDIJ_UI_REFERENCE\ui_sprite_cells\battle_menu__battle_setting_obj_main__cells.png,ROM_EXTRACTED_REFERENCE,RAW_UI_CELL_BUNDLE_BATTLE_MENU_BATTLE_SETTING_OBJ_MAIN_NCER,NDS_2D,DOM_CSS,NEEDS_REBUILD,ORIGINAL_REPLACEMENT_REQUIRED,VERIFIED_CROSSCHECK,ROM_COPYRIGHTED_REFERENCE,true,,,,,,,,,REBUILD,,[],"[""ORIGINAL_VISUAL_REPLACEMENT_REQUIRED""]","Verified bundle with 23 cells; preserve function, rebuild visual language."
art:ui:cell-bundle-battle-menu-battle-setting-obj-sub:rom-reference,UI,UI_CELL_BUNDLE_REFERENCE,battle_menu/battle_setting_obj_sub.ncer,YDIJ UI sprite bundle extraction,R:\NEXUS LINK\原作\CLAUDE_CODE_YDIJ_HANDOFF\01_UI_ART_LAYOUT\extracted_reference\YDIJ_UI_REFERENCE\ui_sprite_cells\battle_menu__battle_setting_obj_sub__cells.png,ROM_EXTRACTED_REFERENCE,RAW_UI_CELL_BUNDLE_BATTLE_MENU_BATTLE_SETTING_OBJ_SUB_NCER,NDS_2D,DOM_CSS,NEEDS_REBUILD,ORIGINAL_REPLACEMENT_REQUIRED,VERIFIED_CROSSCHECK,ROM_COPYRIGHTED_REFERENCE,true,,,,,,,,,REBUILD,,[],"[""ORIGINAL_VISUAL_REPLACEMENT_REQUIRED""]","Verified bundle with 3 cells; preserve function, rebuild visual language."
art:ui:cell-bundle-battle-menu-battle-setting-window:rom-reference,UI,UI_CELL_BUNDLE_REFERENCE,battle_menu/battle_setting_window.ncer,YDIJ UI sprite bundle extraction,R:\NEXUS LINK\原作\CLAUDE_CODE_YDIJ_HANDOFF\01_UI_ART_LAYOUT\extracted_reference\YDIJ_UI_REFERENCE\ui_sprite_cells\battle_menu__battle_setting_window__cells.png,ROM_EXTRACTED_REFERENCE,RAW_UI_CELL_BUNDLE_BATTLE_MENU_BATTLE_SETTING_WINDOW_NCER,NDS_2D,DOM_CSS,NEEDS_REBUILD,ORIGINAL_REPLACEMENT_REQUIRED,VERIFIED_CROSSCHECK,ROM_COPYRIGHTED_REFERENCE,true,,,,,,,,,REBUILD,,[],"[""ORIGINAL_VISUAL_REPLACEMENT_REQUIRED""]","Verified bundle with 11 cells; preserve function, rebuild visual language."
art:ui:cell-bundle-battle-menu-battle-top-menu:rom-reference,UI,UI_CELL_BUNDLE_REFERENCE,battle_menu/battle_top_menu.ncer,YDIJ UI sprite bundle extraction,R:\NEXUS LINK\原作\CLAUDE_CODE_YDIJ_HANDOFF\01_UI_ART_LAYOUT\extracted_reference\YDIJ_UI_REFERENCE\ui_sprite_cells\battle_menu__battle_top_menu__cells.png,ROM_EXTRACTED_REFERENCE,RAW_UI_CELL_BUNDLE_BATTLE_MENU_BATTLE_TOP_MENU_NCER,NDS_2D,DOM_CSS,NEEDS_REBUILD,ORIGINAL_REPLACEMENT_REQUIRED,VERIFIED_CROSSCHECK,ROM_COPYRIGHTED_REFERENCE,true,,,,,,,,,REBUILD,,[],"[""ORIGINAL_VISUAL_REPLACEMENT_REQUIRED""]","Verified bundle with 3 cells; preserve function, rebuild visual language."
art:ui:cell-bundle-battle-menu-net-net-obj-main:rom-reference,UI,UI_CELL_BUNDLE_REFERENCE,battle_menu_net/net_obj_main.ncer,YDIJ UI sprite bundle extraction,R:\NEXUS LINK\原作\CLAUDE_CODE_YDIJ_HANDOFF\01_UI_ART_LAYOUT\extracted_reference\YDIJ_UI_REFERENCE\ui_sprite_cells\battle_menu_net__net_obj_main__cells.png,ROM_EXTRACTED_REFERENCE,RAW_UI_CELL_BUNDLE_BATTLE_MENU_NET_NET_OBJ_MAIN_NCER,NDS_2D,DOM_CSS,NEEDS_REBUILD,ORIGINAL_REPLACEMENT_REQUIRED,VERIFIED_CROSSCHECK,ROM_COPYRIGHTED_REFERENCE,true,,,,,,,,,REBUILD,,[],"[""ORIGINAL_VISUAL_REPLACEMENT_REQUIRED""]","Verified bundle with 37 cells; preserve function, rebuild visual language."
art:ui:cell-bundle-battle-menu-net-net-obj-sub:rom-reference,UI,UI_CELL_BUNDLE_REFERENCE,battle_menu_net/net_obj_sub.ncer,YDIJ UI sprite bundle extraction,R:\NEXUS LINK\原作\CLAUDE_CODE_YDIJ_HANDOFF\01_UI_ART_LAYOUT\extracted_reference\YDIJ_UI_REFERENCE\ui_sprite_cells\battle_menu_net__net_obj_sub__cells.png,ROM_EXTRACTED_REFERENCE,RAW_UI_CELL_BUNDLE_BATTLE_MENU_NET_NET_OBJ_SUB_NCER,NDS_2D,DOM_CSS,NEEDS_REBUILD,ORIGINAL_REPLACEMENT_REQUIRED,VERIFIED_CROSSCHECK,ROM_COPYRIGHTED_REFERENCE,true,,,,,,,,,REBUILD,,[],"[""ORIGINAL_VISUAL_REPLACEMENT_REQUIRED""]","Verified bundle with 14 cells; preserve function, rebuild visual language."
art:ui:cell-bundle-battle-result-result-medal-eff:rom-reference,UI,UI_CELL_BUNDLE_REFERENCE,battle_result/result_medal_eff.ncer,YDIJ UI sprite bundle extraction,R:\NEXUS LINK\原作\CLAUDE_CODE_YDIJ_HANDOFF\01_UI_ART_LAYOUT\extracted_reference\YDIJ_UI_REFERENCE\ui_sprite_cells\battle_result__result_medal_eff__cells.png,ROM_EXTRACTED_REFERENCE,RAW_UI_CELL_BUNDLE_BATTLE_RESULT_RESULT_MEDAL_EFF_NCER,NDS_2D,DOM_CSS,NEEDS_REBUILD,ORIGINAL_REPLACEMENT_REQUIRED,VERIFIED_CROSSCHECK,ROM_COPYRIGHTED_REFERENCE,true,,,,,,,,,REBUILD,,[],"[""ORIGINAL_VISUAL_REPLACEMENT_REQUIRED""]","Verified bundle with 9 cells; preserve function, rebuild visual language."
art:ui:cell-bundle-battle-result-result-medallight:rom-reference,UI,UI_CELL_BUNDLE_REFERENCE,battle_result/result_medallight.ncer,YDIJ UI sprite bundle extraction,R:\NEXUS LINK\原作\CLAUDE_CODE_YDIJ_HANDOFF\01_UI_ART_LAYOUT\extracted_reference\YDIJ_UI_REFERENCE\ui_sprite_cells\battle_result__result_medallight__cells.png,ROM_EXTRACTED_REFERENCE,RAW_UI_CELL_BUNDLE_BATTLE_RESULT_RESULT_MEDALLIGHT_NCER,NDS_2D,DOM_CSS,NEEDS_REBUILD,ORIGINAL_REPLACEMENT_REQUIRED,VERIFIED_CROSSCHECK,ROM_COPYRIGHTED_REFERENCE,true,,,,,,,,,REBUILD,,[],"[""ORIGINAL_VISUAL_REPLACEMENT_REQUIRED""]","Verified bundle with 7 cells; preserve function, rebuild visual language."
art:ui:cell-bundle-battle-result-result-obj-main:rom-reference,UI,UI_CELL_BUNDLE_REFERENCE,battle_result/result_obj_main.ncer,YDIJ UI sprite bundle extraction,R:\NEXUS LINK\原作\CLAUDE_CODE_YDIJ_HANDOFF\01_UI_ART_LAYOUT\extracted_reference\YDIJ_UI_REFERENCE\ui_sprite_cells\battle_result__result_obj_main__cells.png,ROM_EXTRACTED_REFERENCE,RAW_UI_CELL_BUNDLE_BATTLE_RESULT_RESULT_OBJ_MAIN_NCER,NDS_2D,DOM_CSS,NEEDS_REBUILD,ORIGINAL_REPLACEMENT_REQUIRED,VERIFIED_CROSSCHECK,ROM_COPYRIGHTED_REFERENCE,true,,,,,,,,,REBUILD,,[],"[""ORIGINAL_VISUAL_REPLACEMENT_REQUIRED""]","Verified bundle with 67 cells; preserve function, rebuild visual language."
art:ui:cell-bundle-battle-result-result-obj-sub:rom-reference,UI,UI_CELL_BUNDLE_REFERENCE,battle_result/result_obj_sub.ncer,YDIJ UI sprite bundle extraction,R:\NEXUS LINK\原作\CLAUDE_CODE_YDIJ_HANDOFF\01_UI_ART_LAYOUT\extracted_reference\YDIJ_UI_REFERENCE\ui_sprite_cells\battle_result__result_obj_sub__cells.png,ROM_EXTRACTED_REFERENCE,RAW_UI_CELL_BUNDLE_BATTLE_RESULT_RESULT_OBJ_SUB_NCER,NDS_2D,DOM_CSS,NEEDS_REBUILD,ORIGINAL_REPLACEMENT_REQUIRED,VERIFIED_CROSSCHECK,ROM_COPYRIGHTED_REFERENCE,true,,,,,,,,,REBUILD,,[],"[""ORIGINAL_VISUAL_REPLACEMENT_REQUIRED""]","Verified bundle with 2 cells; preserve function, rebuild visual language."
art:ui:cell-bundle-database-database-icon:rom-reference,UI,UI_CELL_BUNDLE_REFERENCE,database/database_icon.ncer,YDIJ UI sprite bundle extraction,R:\NEXUS LINK\原作\CLAUDE_CODE_YDIJ_HANDOFF\01_UI_ART_LAYOUT\extracted_reference\YDIJ_UI_REFERENCE\ui_sprite_cells\database__database_icon__cells.png,ROM_EXTRACTED_REFERENCE,RAW_UI_CELL_BUNDLE_DATABASE_DATABASE_ICON_NCER,NDS_2D,DOM_CSS,NEEDS_REBUILD,ORIGINAL_REPLACEMENT_REQUIRED,VERIFIED_CROSSCHECK,ROM_COPYRIGHTED_REFERENCE,true,,,,,,,,,REBUILD,,[],"[""ORIGINAL_VISUAL_REPLACEMENT_REQUIRED""]","Verified bundle with 3 cells; preserve function, rebuild visual language."
art:ui:cell-bundle-database-database-obj-main:rom-reference,UI,UI_CELL_BUNDLE_REFERENCE,database/database_obj_main.ncer,YDIJ UI sprite bundle extraction,R:\NEXUS LINK\原作\CLAUDE_CODE_YDIJ_HANDOFF\01_UI_ART_LAYOUT\extracted_reference\YDIJ_UI_REFERENCE\ui_sprite_cells\database__database_obj_main__cells.png,ROM_EXTRACTED_REFERENCE,RAW_UI_CELL_BUNDLE_DATABASE_DATABASE_OBJ_MAIN_NCER,NDS_2D,DOM_CSS,NEEDS_REBUILD,ORIGINAL_REPLACEMENT_REQUIRED,VERIFIED_CROSSCHECK,ROM_COPYRIGHTED_REFERENCE,true,,,,,,,,,REBUILD,,[],"[""ORIGINAL_VISUAL_REPLACEMENT_REQUIRED""]","Verified bundle with 5 cells; preserve function, rebuild visual language."
art:ui:cell-bundle-database-item-badge001:rom-reference,UI,UI_CELL_BUNDLE_REFERENCE,database/item_badge001.ncer,YDIJ UI sprite bundle extraction,R:\NEXUS LINK\原作\CLAUDE_CODE_YDIJ_HANDOFF\01_UI_ART_LAYOUT\extracted_reference\YDIJ_UI_REFERENCE\ui_sprite_cells\database__item_badge001__cells.png,ROM_EXTRACTED_REFERENCE,RAW_UI_CELL_BUNDLE_DATABASE_ITEM_BADGE001_NCER,NDS_2D,DOM_CSS,NEEDS_REBUILD,ORIGINAL_REPLACEMENT_REQUIRED,VERIFIED_CROSSCHECK,ROM_COPYRIGHTED_REFERENCE,true,,,,,,,,,REBUILD,,[],"[""ORIGINAL_VISUAL_REPLACEMENT_REQUIRED""]","Verified bundle with 1 cells; preserve function, rebuild visual language."
art:ui:cell-bundle-database-item-badge002:rom-reference,UI,UI_CELL_BUNDLE_REFERENCE,database/item_badge002.ncer,YDIJ UI sprite bundle extraction,R:\NEXUS LINK\原作\CLAUDE_CODE_YDIJ_HANDOFF\01_UI_ART_LAYOUT\extracted_reference\YDIJ_UI_REFERENCE\ui_sprite_cells\database__item_badge002__cells.png,ROM_EXTRACTED_REFERENCE,RAW_UI_CELL_BUNDLE_DATABASE_ITEM_BADGE002_NCER,NDS_2D,DOM_CSS,NEEDS_REBUILD,ORIGINAL_REPLACEMENT_REQUIRED,VERIFIED_CROSSCHECK,ROM_COPYRIGHTED_REFERENCE,true,,,,,,,,,REBUILD,,[],"[""ORIGINAL_VISUAL_REPLACEMENT_REQUIRED""]","Verified bundle with 1 cells; preserve function, rebuild visual language."
art:ui:cell-bundle-database-item-badge003:rom-reference,UI,UI_CELL_BUNDLE_REFERENCE,database/item_badge003.ncer,YDIJ UI sprite bundle extraction,R:\NEXUS LINK\原作\CLAUDE_CODE_YDIJ_HANDOFF\01_UI_ART_LAYOUT\extracted_reference\YDIJ_UI_REFERENCE\ui_sprite_cells\database__item_badge003__cells.png,ROM_EXTRACTED_REFERENCE,RAW_UI_CELL_BUNDLE_DATABASE_ITEM_BADGE003_NCER,NDS_2D,DOM_CSS,NEEDS_REBUILD,ORIGINAL_REPLACEMENT_REQUIRED,VERIFIED_CROSSCHECK,ROM_COPYRIGHTED_REFERENCE,true,,,,,,,,,REBUILD,,[],"[""ORIGINAL_VISUAL_REPLACEMENT_REQUIRED""]","Verified bundle with 1 cells; preserve function, rebuild visual language."
art:ui:cell-bundle-database-item-badge004:rom-reference,UI,UI_CELL_BUNDLE_REFERENCE,database/item_badge004.ncer,YDIJ UI sprite bundle extraction,R:\NEXUS LINK\原作\CLAUDE_CODE_YDIJ_HANDOFF\01_UI_ART_LAYOUT\extracted_reference\YDIJ_UI_REFERENCE\ui_sprite_cells\database__item_badge004__cells.png,ROM_EXTRACTED_REFERENCE,RAW_UI_CELL_BUNDLE_DATABASE_ITEM_BADGE004_NCER,NDS_2D,DOM_CSS,NEEDS_REBUILD,ORIGINAL_REPLACEMENT_REQUIRED,VERIFIED_CROSSCHECK,ROM_COPYRIGHTED_REFERENCE,true,,,,,,,,,REBUILD,,[],"[""ORIGINAL_VISUAL_REPLACEMENT_REQUIRED""]","Verified bundle with 1 cells; preserve function, rebuild visual language."
art:ui:cell-bundle-database-item-badge005:rom-reference,UI,UI_CELL_BUNDLE_REFERENCE,database/item_badge005.ncer,YDIJ UI sprite bundle extraction,R:\NEXUS LINK\原作\CLAUDE_CODE_YDIJ_HANDOFF\01_UI_ART_LAYOUT\extracted_reference\YDIJ_UI_REFERENCE\ui_sprite_cells\database__item_badge005__cells.png,ROM_EXTRACTED_REFERENCE,RAW_UI_CELL_BUNDLE_DATABASE_ITEM_BADGE005_NCER,NDS_2D,DOM_CSS,NEEDS_REBUILD,ORIGINAL_REPLACEMENT_REQUIRED,VERIFIED_CROSSCHECK,ROM_COPYRIGHTED_REFERENCE,true,,,,,,,,,REBUILD,,[],"[""ORIGINAL_VISUAL_REPLACEMENT_REQUIRED""]","Verified bundle with 1 cells; preserve function, rebuild visual language."
art:ui:cell-bundle-database-item-badge006:rom-reference,UI,UI_CELL_BUNDLE_REFERENCE,database/item_badge006.ncer,YDIJ UI sprite bundle extraction,R:\NEXUS LINK\原作\CLAUDE_CODE_YDIJ_HANDOFF\01_UI_ART_LAYOUT\extracted_reference\YDIJ_UI_REFERENCE\ui_sprite_cells\database__item_badge006__cells.png,ROM_EXTRACTED_REFERENCE,RAW_UI_CELL_BUNDLE_DATABASE_ITEM_BADGE006_NCER,NDS_2D,DOM_CSS,NEEDS_REBUILD,ORIGINAL_REPLACEMENT_REQUIRED,VERIFIED_CROSSCHECK,ROM_COPYRIGHTED_REFERENCE,true,,,,,,,,,REBUILD,,[],"[""ORIGINAL_VISUAL_REPLACEMENT_REQUIRED""]","Verified bundle with 1 cells; preserve function, rebuild visual language."
art:ui:cell-bundle-database-item-badge007:rom-reference,UI,UI_CELL_BUNDLE_REFERENCE,database/item_badge007.ncer,YDIJ UI sprite bundle extraction,R:\NEXUS LINK\原作\CLAUDE_CODE_YDIJ_HANDOFF\01_UI_ART_LAYOUT\extracted_reference\YDIJ_UI_REFERENCE\ui_sprite_cells\database__item_badge007__cells.png,ROM_EXTRACTED_REFERENCE,RAW_UI_CELL_BUNDLE_DATABASE_ITEM_BADGE007_NCER,NDS_2D,DOM_CSS,NEEDS_REBUILD,ORIGINAL_REPLACEMENT_REQUIRED,VERIFIED_CROSSCHECK,ROM_COPYRIGHTED_REFERENCE,true,,,,,,,,,REBUILD,,[],"[""ORIGINAL_VISUAL_REPLACEMENT_REQUIRED""]","Verified bundle with 1 cells; preserve function, rebuild visual language."
art:ui:cell-bundle-database-item-badge008:rom-reference,UI,UI_CELL_BUNDLE_REFERENCE,database/item_badge008.ncer,YDIJ UI sprite bundle extraction,R:\NEXUS LINK\原作\CLAUDE_CODE_YDIJ_HANDOFF\01_UI_ART_LAYOUT\extracted_reference\YDIJ_UI_REFERENCE\ui_sprite_cells\database__item_badge008__cells.png,ROM_EXTRACTED_REFERENCE,RAW_UI_CELL_BUNDLE_DATABASE_ITEM_BADGE008_NCER,NDS_2D,DOM_CSS,NEEDS_REBUILD,ORIGINAL_REPLACEMENT_REQUIRED,VERIFIED_CROSSCHECK,ROM_COPYRIGHTED_REFERENCE,true,,,,,,,,,REBUILD,,[],"[""ORIGINAL_VISUAL_REPLACEMENT_REQUIRED""]","Verified bundle with 1 cells; preserve function, rebuild visual language."
art:ui:cell-bundle-database-item-badge009:rom-reference,UI,UI_CELL_BUNDLE_REFERENCE,database/item_badge009.ncer,YDIJ UI sprite bundle extraction,R:\NEXUS LINK\原作\CLAUDE_CODE_YDIJ_HANDOFF\01_UI_ART_LAYOUT\extracted_reference\YDIJ_UI_REFERENCE\ui_sprite_cells\database__item_badge009__cells.png,ROM_EXTRACTED_REFERENCE,RAW_UI_CELL_BUNDLE_DATABASE_ITEM_BADGE009_NCER,NDS_2D,DOM_CSS,NEEDS_REBUILD,ORIGINAL_REPLACEMENT_REQUIRED,VERIFIED_CROSSCHECK,ROM_COPYRIGHTED_REFERENCE,true,,,,,,,,,REBUILD,,[],"[""ORIGINAL_VISUAL_REPLACEMENT_REQUIRED""]","Verified bundle with 1 cells; preserve function, rebuild visual language."
art:ui:cell-bundle-database-item-badge010:rom-reference,UI,UI_CELL_BUNDLE_REFERENCE,database/item_badge010.ncer,YDIJ UI sprite bundle extraction,R:\NEXUS LINK\原作\CLAUDE_CODE_YDIJ_HANDOFF\01_UI_ART_LAYOUT\extracted_reference\YDIJ_UI_REFERENCE\ui_sprite_cells\database__item_badge010__cells.png,ROM_EXTRACTED_REFERENCE,RAW_UI_CELL_BUNDLE_DATABASE_ITEM_BADGE010_NCER,NDS_2D,DOM_CSS,NEEDS_REBUILD,ORIGINAL_REPLACEMENT_REQUIRED,VERIFIED_CROSSCHECK,ROM_COPYRIGHTED_REFERENCE,true,,,,,,,,,REBUILD,,[],"[""ORIGINAL_VISUAL_REPLACEMENT_REQUIRED""]","Verified bundle with 1 cells; preserve function, rebuild visual language."
art:ui:cell-bundle-database-item-badge011:rom-reference,UI,UI_CELL_BUNDLE_REFERENCE,database/item_badge011.ncer,YDIJ UI sprite bundle extraction,R:\NEXUS LINK\原作\CLAUDE_CODE_YDIJ_HANDOFF\01_UI_ART_LAYOUT\extracted_reference\YDIJ_UI_REFERENCE\ui_sprite_cells\database__item_badge011__cells.png,ROM_EXTRACTED_REFERENCE,RAW_UI_CELL_BUNDLE_DATABASE_ITEM_BADGE011_NCER,NDS_2D,DOM_CSS,NEEDS_REBUILD,ORIGINAL_REPLACEMENT_REQUIRED,VERIFIED_CROSSCHECK,ROM_COPYRIGHTED_REFERENCE,true,,,,,,,,,REBUILD,,[],"[""ORIGINAL_VISUAL_REPLACEMENT_REQUIRED""]","Verified bundle with 1 cells; preserve function, rebuild visual language."
art:ui:cell-bundle-database-item-badge012:rom-reference,UI,UI_CELL_BUNDLE_REFERENCE,database/item_badge012.ncer,YDIJ UI sprite bundle extraction,R:\NEXUS LINK\原作\CLAUDE_CODE_YDIJ_HANDOFF\01_UI_ART_LAYOUT\extracted_reference\YDIJ_UI_REFERENCE\ui_sprite_cells\database__item_badge012__cells.png,ROM_EXTRACTED_REFERENCE,RAW_UI_CELL_BUNDLE_DATABASE_ITEM_BADGE012_NCER,NDS_2D,DOM_CSS,NEEDS_REBUILD,ORIGINAL_REPLACEMENT_REQUIRED,VERIFIED_CROSSCHECK,ROM_COPYRIGHTED_REFERENCE,true,,,,,,,,,REBUILD,,[],"[""ORIGINAL_VISUAL_REPLACEMENT_REQUIRED""]","Verified bundle with 1 cells; preserve function, rebuild visual language."
art:ui:cell-bundle-database-item-badge013:rom-reference,UI,UI_CELL_BUNDLE_REFERENCE,database/item_badge013.ncer,YDIJ UI sprite bundle extraction,R:\NEXUS LINK\原作\CLAUDE_CODE_YDIJ_HANDOFF\01_UI_ART_LAYOUT\extracted_reference\YDIJ_UI_REFERENCE\ui_sprite_cells\database__item_badge013__cells.png,ROM_EXTRACTED_REFERENCE,RAW_UI_CELL_BUNDLE_DATABASE_ITEM_BADGE013_NCER,NDS_2D,DOM_CSS,NEEDS_REBUILD,ORIGINAL_REPLACEMENT_REQUIRED,VERIFIED_CROSSCHECK,ROM_COPYRIGHTED_REFERENCE,true,,,,,,,,,REBUILD,,[],"[""ORIGINAL_VISUAL_REPLACEMENT_REQUIRED""]","Verified bundle with 1 cells; preserve function, rebuild visual language."
art:ui:cell-bundle-database-item-badge014:rom-reference,UI,UI_CELL_BUNDLE_REFERENCE,database/item_badge014.ncer,YDIJ UI sprite bundle extraction,R:\NEXUS LINK\原作\CLAUDE_CODE_YDIJ_HANDOFF\01_UI_ART_LAYOUT\extracted_reference\YDIJ_UI_REFERENCE\ui_sprite_cells\database__item_badge014__cells.png,ROM_EXTRACTED_REFERENCE,RAW_UI_CELL_BUNDLE_DATABASE_ITEM_BADGE014_NCER,NDS_2D,DOM_CSS,NEEDS_REBUILD,ORIGINAL_REPLACEMENT_REQUIRED,VERIFIED_CROSSCHECK,ROM_COPYRIGHTED_REFERENCE,true,,,,,,,,,REBUILD,,[],"[""ORIGINAL_VISUAL_REPLACEMENT_REQUIRED""]","Verified bundle with 1 cells; preserve function, rebuild visual language."
art:ui:cell-bundle-database-item-badge015:rom-reference,UI,UI_CELL_BUNDLE_REFERENCE,database/item_badge015.ncer,YDIJ UI sprite bundle extraction,R:\NEXUS LINK\原作\CLAUDE_CODE_YDIJ_HANDOFF\01_UI_ART_LAYOUT\extracted_reference\YDIJ_UI_REFERENCE\ui_sprite_cells\database__item_badge015__cells.png,ROM_EXTRACTED_REFERENCE,RAW_UI_CELL_BUNDLE_DATABASE_ITEM_BADGE015_NCER,NDS_2D,DOM_CSS,NEEDS_REBUILD,ORIGINAL_REPLACEMENT_REQUIRED,VERIFIED_CROSSCHECK,ROM_COPYRIGHTED_REFERENCE,true,,,,,,,,,REBUILD,,[],"[""ORIGINAL_VISUAL_REPLACEMENT_REQUIRED""]","Verified bundle with 1 cells; preserve function, rebuild visual language."
art:ui:cell-bundle-database-item-badge016:rom-reference,UI,UI_CELL_BUNDLE_REFERENCE,database/item_badge016.ncer,YDIJ UI sprite bundle extraction,R:\NEXUS LINK\原作\CLAUDE_CODE_YDIJ_HANDOFF\01_UI_ART_LAYOUT\extracted_reference\YDIJ_UI_REFERENCE\ui_sprite_cells\database__item_badge016__cells.png,ROM_EXTRACTED_REFERENCE,RAW_UI_CELL_BUNDLE_DATABASE_ITEM_BADGE016_NCER,NDS_2D,DOM_CSS,NEEDS_REBUILD,ORIGINAL_REPLACEMENT_REQUIRED,VERIFIED_CROSSCHECK,ROM_COPYRIGHTED_REFERENCE,true,,,,,,,,,REBUILD,,[],"[""ORIGINAL_VISUAL_REPLACEMENT_REQUIRED""]","Verified bundle with 1 cells; preserve function, rebuild visual language."
art:ui:cell-bundle-database-item-badge017:rom-reference,UI,UI_CELL_BUNDLE_REFERENCE,database/item_badge017.ncer,YDIJ UI sprite bundle extraction,R:\NEXUS LINK\原作\CLAUDE_CODE_YDIJ_HANDOFF\01_UI_ART_LAYOUT\extracted_reference\YDIJ_UI_REFERENCE\ui_sprite_cells\database__item_badge017__cells.png,ROM_EXTRACTED_REFERENCE,RAW_UI_CELL_BUNDLE_DATABASE_ITEM_BADGE017_NCER,NDS_2D,DOM_CSS,NEEDS_REBUILD,ORIGINAL_REPLACEMENT_REQUIRED,VERIFIED_CROSSCHECK,ROM_COPYRIGHTED_REFERENCE,true,,,,,,,,,REBUILD,,[],"[""ORIGINAL_VISUAL_REPLACEMENT_REQUIRED""]","Verified bundle with 1 cells; preserve function, rebuild visual language."
art:ui:cell-bundle-database-item-badge018:rom-reference,UI,UI_CELL_BUNDLE_REFERENCE,database/item_badge018.ncer,YDIJ UI sprite bundle extraction,R:\NEXUS LINK\原作\CLAUDE_CODE_YDIJ_HANDOFF\01_UI_ART_LAYOUT\extracted_reference\YDIJ_UI_REFERENCE\ui_sprite_cells\database__item_badge018__cells.png,ROM_EXTRACTED_REFERENCE,RAW_UI_CELL_BUNDLE_DATABASE_ITEM_BADGE018_NCER,NDS_2D,DOM_CSS,NEEDS_REBUILD,ORIGINAL_REPLACEMENT_REQUIRED,VERIFIED_CROSSCHECK,ROM_COPYRIGHTED_REFERENCE,true,,,,,,,,,REBUILD,,[],"[""ORIGINAL_VISUAL_REPLACEMENT_REQUIRED""]","Verified bundle with 1 cells; preserve function, rebuild visual language."
art:ui:cell-bundle-database-item-badge019:rom-reference,UI,UI_CELL_BUNDLE_REFERENCE,database/item_badge019.ncer,YDIJ UI sprite bundle extraction,R:\NEXUS LINK\原作\CLAUDE_CODE_YDIJ_HANDOFF\01_UI_ART_LAYOUT\extracted_reference\YDIJ_UI_REFERENCE\ui_sprite_cells\database__item_badge019__cells.png,ROM_EXTRACTED_REFERENCE,RAW_UI_CELL_BUNDLE_DATABASE_ITEM_BADGE019_NCER,NDS_2D,DOM_CSS,NEEDS_REBUILD,ORIGINAL_REPLACEMENT_REQUIRED,VERIFIED_CROSSCHECK,ROM_COPYRIGHTED_REFERENCE,true,,,,,,,,,REBUILD,,[],"[""ORIGINAL_VISUAL_REPLACEMENT_REQUIRED""]","Verified bundle with 1 cells; preserve function, rebuild visual language."
art:ui:cell-bundle-database-item-badge020:rom-reference,UI,UI_CELL_BUNDLE_REFERENCE,database/item_badge020.ncer,YDIJ UI sprite bundle extraction,R:\NEXUS LINK\原作\CLAUDE_CODE_YDIJ_HANDOFF\01_UI_ART_LAYOUT\extracted_reference\YDIJ_UI_REFERENCE\ui_sprite_cells\database__item_badge020__cells.png,ROM_EXTRACTED_REFERENCE,RAW_UI_CELL_BUNDLE_DATABASE_ITEM_BADGE020_NCER,NDS_2D,DOM_CSS,NEEDS_REBUILD,ORIGINAL_REPLACEMENT_REQUIRED,VERIFIED_CROSSCHECK,ROM_COPYRIGHTED_REFERENCE,true,,,,,,,,,REBUILD,,[],"[""ORIGINAL_VISUAL_REPLACEMENT_REQUIRED""]","Verified bundle with 1 cells; preserve function, rebuild visual language."
art:ui:cell-bundle-database-item-badge021:rom-reference,UI,UI_CELL_BUNDLE_REFERENCE,database/item_badge021.ncer,YDIJ UI sprite bundle extraction,R:\NEXUS LINK\原作\CLAUDE_CODE_YDIJ_HANDOFF\01_UI_ART_LAYOUT\extracted_reference\YDIJ_UI_REFERENCE\ui_sprite_cells\database__item_badge021__cells.png,ROM_EXTRACTED_REFERENCE,RAW_UI_CELL_BUNDLE_DATABASE_ITEM_BADGE021_NCER,NDS_2D,DOM_CSS,NEEDS_REBUILD,ORIGINAL_REPLACEMENT_REQUIRED,VERIFIED_CROSSCHECK,ROM_COPYRIGHTED_REFERENCE,true,,,,,,,,,REBUILD,,[],"[""ORIGINAL_VISUAL_REPLACEMENT_REQUIRED""]","Verified bundle with 1 cells; preserve function, rebuild visual language."
art:ui:cell-bundle-database-item-badge022:rom-reference,UI,UI_CELL_BUNDLE_REFERENCE,database/item_badge022.ncer,YDIJ UI sprite bundle extraction,R:\NEXUS LINK\原作\CLAUDE_CODE_YDIJ_HANDOFF\01_UI_ART_LAYOUT\extracted_reference\YDIJ_UI_REFERENCE\ui_sprite_cells\database__item_badge022__cells.png,ROM_EXTRACTED_REFERENCE,RAW_UI_CELL_BUNDLE_DATABASE_ITEM_BADGE022_NCER,NDS_2D,DOM_CSS,NEEDS_REBUILD,ORIGINAL_REPLACEMENT_REQUIRED,VERIFIED_CROSSCHECK,ROM_COPYRIGHTED_REFERENCE,true,,,,,,,,,REBUILD,,[],"[""ORIGINAL_VISUAL_REPLACEMENT_REQUIRED""]","Verified bundle with 1 cells; preserve function, rebuild visual language."
art:ui:cell-bundle-database-item-badge023:rom-reference,UI,UI_CELL_BUNDLE_REFERENCE,database/item_badge023.ncer,YDIJ UI sprite bundle extraction,R:\NEXUS LINK\原作\CLAUDE_CODE_YDIJ_HANDOFF\01_UI_ART_LAYOUT\extracted_reference\YDIJ_UI_REFERENCE\ui_sprite_cells\database__item_badge023__cells.png,ROM_EXTRACTED_REFERENCE,RAW_UI_CELL_BUNDLE_DATABASE_ITEM_BADGE023_NCER,NDS_2D,DOM_CSS,NEEDS_REBUILD,ORIGINAL_REPLACEMENT_REQUIRED,VERIFIED_CROSSCHECK,ROM_COPYRIGHTED_REFERENCE,true,,,,,,,,,REBUILD,,[],"[""ORIGINAL_VISUAL_REPLACEMENT_REQUIRED""]","Verified bundle with 1 cells; preserve function, rebuild visual language."
art:ui:cell-bundle-database-item-badge024:rom-reference,UI,UI_CELL_BUNDLE_REFERENCE,database/item_badge024.ncer,YDIJ UI sprite bundle extraction,R:\NEXUS LINK\原作\CLAUDE_CODE_YDIJ_HANDOFF\01_UI_ART_LAYOUT\extracted_reference\YDIJ_UI_REFERENCE\ui_sprite_cells\database__item_badge024__cells.png,ROM_EXTRACTED_REFERENCE,RAW_UI_CELL_BUNDLE_DATABASE_ITEM_BADGE024_NCER,NDS_2D,DOM_CSS,NEEDS_REBUILD,ORIGINAL_REPLACEMENT_REQUIRED,VERIFIED_CROSSCHECK,ROM_COPYRIGHTED_REFERENCE,true,,,,,,,,,REBUILD,,[],"[""ORIGINAL_VISUAL_REPLACEMENT_REQUIRED""]","Verified bundle with 1 cells; preserve function, rebuild visual language."
art:ui:cell-bundle-database-item-badge025:rom-reference,UI,UI_CELL_BUNDLE_REFERENCE,database/item_badge025.ncer,YDIJ UI sprite bundle extraction,R:\NEXUS LINK\原作\CLAUDE_CODE_YDIJ_HANDOFF\01_UI_ART_LAYOUT\extracted_reference\YDIJ_UI_REFERENCE\ui_sprite_cells\database__item_badge025__cells.png,ROM_EXTRACTED_REFERENCE,RAW_UI_CELL_BUNDLE_DATABASE_ITEM_BADGE025_NCER,NDS_2D,DOM_CSS,NEEDS_REBUILD,ORIGINAL_REPLACEMENT_REQUIRED,VERIFIED_CROSSCHECK,ROM_COPYRIGHTED_REFERENCE,true,,,,,,,,,REBUILD,,[],"[""ORIGINAL_VISUAL_REPLACEMENT_REQUIRED""]","Verified bundle with 1 cells; preserve function, rebuild visual language."
art:ui:cell-bundle-database-item-badge026:rom-reference,UI,UI_CELL_BUNDLE_REFERENCE,database/item_badge026.ncer,YDIJ UI sprite bundle extraction,R:\NEXUS LINK\原作\CLAUDE_CODE_YDIJ_HANDOFF\01_UI_ART_LAYOUT\extracted_reference\YDIJ_UI_REFERENCE\ui_sprite_cells\database__item_badge026__cells.png,ROM_EXTRACTED_REFERENCE,RAW_UI_CELL_BUNDLE_DATABASE_ITEM_BADGE026_NCER,NDS_2D,DOM_CSS,NEEDS_REBUILD,ORIGINAL_REPLACEMENT_REQUIRED,VERIFIED_CROSSCHECK,ROM_COPYRIGHTED_REFERENCE,true,,,,,,,,,REBUILD,,[],"[""ORIGINAL_VISUAL_REPLACEMENT_REQUIRED""]","Verified bundle with 1 cells; preserve function, rebuild visual language."
art:ui:cell-bundle-database-item-badge027:rom-reference,UI,UI_CELL_BUNDLE_REFERENCE,database/item_badge027.ncer,YDIJ UI sprite bundle extraction,R:\NEXUS LINK\原作\CLAUDE_CODE_YDIJ_HANDOFF\01_UI_ART_LAYOUT\extracted_reference\YDIJ_UI_REFERENCE\ui_sprite_cells\database__item_badge027__cells.png,ROM_EXTRACTED_REFERENCE,RAW_UI_CELL_BUNDLE_DATABASE_ITEM_BADGE027_NCER,NDS_2D,DOM_CSS,NEEDS_REBUILD,ORIGINAL_REPLACEMENT_REQUIRED,VERIFIED_CROSSCHECK,ROM_COPYRIGHTED_REFERENCE,true,,,,,,,,,REBUILD,,[],"[""ORIGINAL_VISUAL_REPLACEMENT_REQUIRED""]","Verified bundle with 1 cells; preserve function, rebuild visual language."
art:ui:cell-bundle-database-item-badge028:rom-reference,UI,UI_CELL_BUNDLE_REFERENCE,database/item_badge028.ncer,YDIJ UI sprite bundle extraction,R:\NEXUS LINK\原作\CLAUDE_CODE_YDIJ_HANDOFF\01_UI_ART_LAYOUT\extracted_reference\YDIJ_UI_REFERENCE\ui_sprite_cells\database__item_badge028__cells.png,ROM_EXTRACTED_REFERENCE,RAW_UI_CELL_BUNDLE_DATABASE_ITEM_BADGE028_NCER,NDS_2D,DOM_CSS,NEEDS_REBUILD,ORIGINAL_REPLACEMENT_REQUIRED,VERIFIED_CROSSCHECK,ROM_COPYRIGHTED_REFERENCE,true,,,,,,,,,REBUILD,,[],"[""ORIGINAL_VISUAL_REPLACEMENT_REQUIRED""]","Verified bundle with 1 cells; preserve function, rebuild visual language."
art:ui:cell-bundle-database-item-badge029:rom-reference,UI,UI_CELL_BUNDLE_REFERENCE,database/item_badge029.ncer,YDIJ UI sprite bundle extraction,R:\NEXUS LINK\原作\CLAUDE_CODE_YDIJ_HANDOFF\01_UI_ART_LAYOUT\extracted_reference\YDIJ_UI_REFERENCE\ui_sprite_cells\database__item_badge029__cells.png,ROM_EXTRACTED_REFERENCE,RAW_UI_CELL_BUNDLE_DATABASE_ITEM_BADGE029_NCER,NDS_2D,DOM_CSS,NEEDS_REBUILD,ORIGINAL_REPLACEMENT_REQUIRED,VERIFIED_CROSSCHECK,ROM_COPYRIGHTED_REFERENCE,true,,,,,,,,,REBUILD,,[],"[""ORIGINAL_VISUAL_REPLACEMENT_REQUIRED""]","Verified bundle with 1 cells; preserve function, rebuild visual language."
art:ui:cell-bundle-database-item-badge030:rom-reference,UI,UI_CELL_BUNDLE_REFERENCE,database/item_badge030.ncer,YDIJ UI sprite bundle extraction,R:\NEXUS LINK\原作\CLAUDE_CODE_YDIJ_HANDOFF\01_UI_ART_LAYOUT\extracted_reference\YDIJ_UI_REFERENCE\ui_sprite_cells\database__item_badge030__cells.png,ROM_EXTRACTED_REFERENCE,RAW_UI_CELL_BUNDLE_DATABASE_ITEM_BADGE030_NCER,NDS_2D,DOM_CSS,NEEDS_REBUILD,ORIGINAL_REPLACEMENT_REQUIRED,VERIFIED_CROSSCHECK,ROM_COPYRIGHTED_REFERENCE,true,,,,,,,,,REBUILD,,[],"[""ORIGINAL_VISUAL_REPLACEMENT_REQUIRED""]","Verified bundle with 1 cells; preserve function, rebuild visual language."
art:ui:cell-bundle-database-item-badge031:rom-reference,UI,UI_CELL_BUNDLE_REFERENCE,database/item_badge031.ncer,YDIJ UI sprite bundle extraction,R:\NEXUS LINK\原作\CLAUDE_CODE_YDIJ_HANDOFF\01_UI_ART_LAYOUT\extracted_reference\YDIJ_UI_REFERENCE\ui_sprite_cells\database__item_badge031__cells.png,ROM_EXTRACTED_REFERENCE,RAW_UI_CELL_BUNDLE_DATABASE_ITEM_BADGE031_NCER,NDS_2D,DOM_CSS,NEEDS_REBUILD,ORIGINAL_REPLACEMENT_REQUIRED,VERIFIED_CROSSCHECK,ROM_COPYRIGHTED_REFERENCE,true,,,,,,,,,REBUILD,,[],"[""ORIGINAL_VISUAL_REPLACEMENT_REQUIRED""]","Verified bundle with 1 cells; preserve function, rebuild visual language."
art:ui:cell-bundle-database-item-badge032:rom-reference,UI,UI_CELL_BUNDLE_REFERENCE,database/item_badge032.ncer,YDIJ UI sprite bundle extraction,R:\NEXUS LINK\原作\CLAUDE_CODE_YDIJ_HANDOFF\01_UI_ART_LAYOUT\extracted_reference\YDIJ_UI_REFERENCE\ui_sprite_cells\database__item_badge032__cells.png,ROM_EXTRACTED_REFERENCE,RAW_UI_CELL_BUNDLE_DATABASE_ITEM_BADGE032_NCER,NDS_2D,DOM_CSS,NEEDS_REBUILD,ORIGINAL_REPLACEMENT_REQUIRED,VERIFIED_CROSSCHECK,ROM_COPYRIGHTED_REFERENCE,true,,,,,,,,,REBUILD,,[],"[""ORIGINAL_VISUAL_REPLACEMENT_REQUIRED""]","Verified bundle with 1 cells; preserve function, rebuild visual language."
art:ui:cell-bundle-database-item-badge033:rom-reference,UI,UI_CELL_BUNDLE_REFERENCE,database/item_badge033.ncer,YDIJ UI sprite bundle extraction,R:\NEXUS LINK\原作\CLAUDE_CODE_YDIJ_HANDOFF\01_UI_ART_LAYOUT\extracted_reference\YDIJ_UI_REFERENCE\ui_sprite_cells\database__item_badge033__cells.png,ROM_EXTRACTED_REFERENCE,RAW_UI_CELL_BUNDLE_DATABASE_ITEM_BADGE033_NCER,NDS_2D,DOM_CSS,NEEDS_REBUILD,ORIGINAL_REPLACEMENT_REQUIRED,VERIFIED_CROSSCHECK,ROM_COPYRIGHTED_REFERENCE,true,,,,,,,,,REBUILD,,[],"[""ORIGINAL_VISUAL_REPLACEMENT_REQUIRED""]","Verified bundle with 1 cells; preserve function, rebuild visual language."
art:ui:cell-bundle-database-item-badge034:rom-reference,UI,UI_CELL_BUNDLE_REFERENCE,database/item_badge034.ncer,YDIJ UI sprite bundle extraction,R:\NEXUS LINK\原作\CLAUDE_CODE_YDIJ_HANDOFF\01_UI_ART_LAYOUT\extracted_reference\YDIJ_UI_REFERENCE\ui_sprite_cells\database__item_badge034__cells.png,ROM_EXTRACTED_REFERENCE,RAW_UI_CELL_BUNDLE_DATABASE_ITEM_BADGE034_NCER,NDS_2D,DOM_CSS,NEEDS_REBUILD,ORIGINAL_REPLACEMENT_REQUIRED,VERIFIED_CROSSCHECK,ROM_COPYRIGHTED_REFERENCE,true,,,,,,,,,REBUILD,,[],"[""ORIGINAL_VISUAL_REPLACEMENT_REQUIRED""]","Verified bundle with 1 cells; preserve function, rebuild visual language."
art:ui:cell-bundle-database-item-badge035:rom-reference,UI,UI_CELL_BUNDLE_REFERENCE,database/item_badge035.ncer,YDIJ UI sprite bundle extraction,R:\NEXUS LINK\原作\CLAUDE_CODE_YDIJ_HANDOFF\01_UI_ART_LAYOUT\extracted_reference\YDIJ_UI_REFERENCE\ui_sprite_cells\database__item_badge035__cells.png,ROM_EXTRACTED_REFERENCE,RAW_UI_CELL_BUNDLE_DATABASE_ITEM_BADGE035_NCER,NDS_2D,DOM_CSS,NEEDS_REBUILD,ORIGINAL_REPLACEMENT_REQUIRED,VERIFIED_CROSSCHECK,ROM_COPYRIGHTED_REFERENCE,true,,,,,,,,,REBUILD,,[],"[""ORIGINAL_VISUAL_REPLACEMENT_REQUIRED""]","Verified bundle with 1 cells; preserve function, rebuild visual language."
art:ui:cell-bundle-database-item-badge036:rom-reference,UI,UI_CELL_BUNDLE_REFERENCE,database/item_badge036.ncer,YDIJ UI sprite bundle extraction,R:\NEXUS LINK\原作\CLAUDE_CODE_YDIJ_HANDOFF\01_UI_ART_LAYOUT\extracted_reference\YDIJ_UI_REFERENCE\ui_sprite_cells\database__item_badge036__cells.png,ROM_EXTRACTED_REFERENCE,RAW_UI_CELL_BUNDLE_DATABASE_ITEM_BADGE036_NCER,NDS_2D,DOM_CSS,NEEDS_REBUILD,ORIGINAL_REPLACEMENT_REQUIRED,VERIFIED_CROSSCHECK,ROM_COPYRIGHTED_REFERENCE,true,,,,,,,,,REBUILD,,[],"[""ORIGINAL_VISUAL_REPLACEMENT_REQUIRED""]","Verified bundle with 1 cells; preserve function, rebuild visual language."
art:ui:cell-bundle-database-item-badge037:rom-reference,UI,UI_CELL_BUNDLE_REFERENCE,database/item_badge037.ncer,YDIJ UI sprite bundle extraction,R:\NEXUS LINK\原作\CLAUDE_CODE_YDIJ_HANDOFF\01_UI_ART_LAYOUT\extracted_reference\YDIJ_UI_REFERENCE\ui_sprite_cells\database__item_badge037__cells.png,ROM_EXTRACTED_REFERENCE,RAW_UI_CELL_BUNDLE_DATABASE_ITEM_BADGE037_NCER,NDS_2D,DOM_CSS,NEEDS_REBUILD,ORIGINAL_REPLACEMENT_REQUIRED,VERIFIED_CROSSCHECK,ROM_COPYRIGHTED_REFERENCE,true,,,,,,,,,REBUILD,,[],"[""ORIGINAL_VISUAL_REPLACEMENT_REQUIRED""]","Verified bundle with 1 cells; preserve function, rebuild visual language."
art:ui:cell-bundle-database-item-badge038:rom-reference,UI,UI_CELL_BUNDLE_REFERENCE,database/item_badge038.ncer,YDIJ UI sprite bundle extraction,R:\NEXUS LINK\原作\CLAUDE_CODE_YDIJ_HANDOFF\01_UI_ART_LAYOUT\extracted_reference\YDIJ_UI_REFERENCE\ui_sprite_cells\database__item_badge038__cells.png,ROM_EXTRACTED_REFERENCE,RAW_UI_CELL_BUNDLE_DATABASE_ITEM_BADGE038_NCER,NDS_2D,DOM_CSS,NEEDS_REBUILD,ORIGINAL_REPLACEMENT_REQUIRED,VERIFIED_CROSSCHECK,ROM_COPYRIGHTED_REFERENCE,true,,,,,,,,,REBUILD,,[],"[""ORIGINAL_VISUAL_REPLACEMENT_REQUIRED""]","Verified bundle with 1 cells; preserve function, rebuild visual language."
art:ui:cell-bundle-database-item-badge039:rom-reference,UI,UI_CELL_BUNDLE_REFERENCE,database/item_badge039.ncer,YDIJ UI sprite bundle extraction,R:\NEXUS LINK\原作\CLAUDE_CODE_YDIJ_HANDOFF\01_UI_ART_LAYOUT\extracted_reference\YDIJ_UI_REFERENCE\ui_sprite_cells\database__item_badge039__cells.png,ROM_EXTRACTED_REFERENCE,RAW_UI_CELL_BUNDLE_DATABASE_ITEM_BADGE039_NCER,NDS_2D,DOM_CSS,NEEDS_REBUILD,ORIGINAL_REPLACEMENT_REQUIRED,VERIFIED_CROSSCHECK,ROM_COPYRIGHTED_REFERENCE,true,,,,,,,,,REBUILD,,[],"[""ORIGINAL_VISUAL_REPLACEMENT_REQUIRED""]","Verified bundle with 1 cells; preserve function, rebuild visual language."
art:ui:cell-bundle-database-item-badge040:rom-reference,UI,UI_CELL_BUNDLE_REFERENCE,database/item_badge040.ncer,YDIJ UI sprite bundle extraction,R:\NEXUS LINK\原作\CLAUDE_CODE_YDIJ_HANDOFF\01_UI_ART_LAYOUT\extracted_reference\YDIJ_UI_REFERENCE\ui_sprite_cells\database__item_badge040__cells.png,ROM_EXTRACTED_REFERENCE,RAW_UI_CELL_BUNDLE_DATABASE_ITEM_BADGE040_NCER,NDS_2D,DOM_CSS,NEEDS_REBUILD,ORIGINAL_REPLACEMENT_REQUIRED,VERIFIED_CROSSCHECK,ROM_COPYRIGHTED_REFERENCE,true,,,,,,,,,REBUILD,,[],"[""ORIGINAL_VISUAL_REPLACEMENT_REQUIRED""]","Verified bundle with 1 cells; preserve function, rebuild visual language."
art:ui:cell-bundle-database-item-badge041:rom-reference,UI,UI_CELL_BUNDLE_REFERENCE,database/item_badge041.ncer,YDIJ UI sprite bundle extraction,R:\NEXUS LINK\原作\CLAUDE_CODE_YDIJ_HANDOFF\01_UI_ART_LAYOUT\extracted_reference\YDIJ_UI_REFERENCE\ui_sprite_cells\database__item_badge041__cells.png,ROM_EXTRACTED_REFERENCE,RAW_UI_CELL_BUNDLE_DATABASE_ITEM_BADGE041_NCER,NDS_2D,DOM_CSS,NEEDS_REBUILD,ORIGINAL_REPLACEMENT_REQUIRED,VERIFIED_CROSSCHECK,ROM_COPYRIGHTED_REFERENCE,true,,,,,,,,,REBUILD,,[],"[""ORIGINAL_VISUAL_REPLACEMENT_REQUIRED""]","Verified bundle with 1 cells; preserve function, rebuild visual language."
art:ui:cell-bundle-database-item-badge042:rom-reference,UI,UI_CELL_BUNDLE_REFERENCE,database/item_badge042.ncer,YDIJ UI sprite bundle extraction,R:\NEXUS LINK\原作\CLAUDE_CODE_YDIJ_HANDOFF\01_UI_ART_LAYOUT\extracted_reference\YDIJ_UI_REFERENCE\ui_sprite_cells\database__item_badge042__cells.png,ROM_EXTRACTED_REFERENCE,RAW_UI_CELL_BUNDLE_DATABASE_ITEM_BADGE042_NCER,NDS_2D,DOM_CSS,NEEDS_REBUILD,ORIGINAL_REPLACEMENT_REQUIRED,VERIFIED_CROSSCHECK,ROM_COPYRIGHTED_REFERENCE,true,,,,,,,,,REBUILD,,[],"[""ORIGINAL_VISUAL_REPLACEMENT_REQUIRED""]","Verified bundle with 1 cells; preserve function, rebuild visual language."
art:ui:cell-bundle-database-item-badge043:rom-reference,UI,UI_CELL_BUNDLE_REFERENCE,database/item_badge043.ncer,YDIJ UI sprite bundle extraction,R:\NEXUS LINK\原作\CLAUDE_CODE_YDIJ_HANDOFF\01_UI_ART_LAYOUT\extracted_reference\YDIJ_UI_REFERENCE\ui_sprite_cells\database__item_badge043__cells.png,ROM_EXTRACTED_REFERENCE,RAW_UI_CELL_BUNDLE_DATABASE_ITEM_BADGE043_NCER,NDS_2D,DOM_CSS,NEEDS_REBUILD,ORIGINAL_REPLACEMENT_REQUIRED,VERIFIED_CROSSCHECK,ROM_COPYRIGHTED_REFERENCE,true,,,,,,,,,REBUILD,,[],"[""ORIGINAL_VISUAL_REPLACEMENT_REQUIRED""]","Verified bundle with 1 cells; preserve function, rebuild visual language."
art:ui:cell-bundle-database-item-badge044:rom-reference,UI,UI_CELL_BUNDLE_REFERENCE,database/item_badge044.ncer,YDIJ UI sprite bundle extraction,R:\NEXUS LINK\原作\CLAUDE_CODE_YDIJ_HANDOFF\01_UI_ART_LAYOUT\extracted_reference\YDIJ_UI_REFERENCE\ui_sprite_cells\database__item_badge044__cells.png,ROM_EXTRACTED_REFERENCE,RAW_UI_CELL_BUNDLE_DATABASE_ITEM_BADGE044_NCER,NDS_2D,DOM_CSS,NEEDS_REBUILD,ORIGINAL_REPLACEMENT_REQUIRED,VERIFIED_CROSSCHECK,ROM_COPYRIGHTED_REFERENCE,true,,,,,,,,,REBUILD,,[],"[""ORIGINAL_VISUAL_REPLACEMENT_REQUIRED""]","Verified bundle with 1 cells; preserve function, rebuild visual language."
art:ui:cell-bundle-database-item-badge045:rom-reference,UI,UI_CELL_BUNDLE_REFERENCE,database/item_badge045.ncer,YDIJ UI sprite bundle extraction,R:\NEXUS LINK\原作\CLAUDE_CODE_YDIJ_HANDOFF\01_UI_ART_LAYOUT\extracted_reference\YDIJ_UI_REFERENCE\ui_sprite_cells\database__item_badge045__cells.png,ROM_EXTRACTED_REFERENCE,RAW_UI_CELL_BUNDLE_DATABASE_ITEM_BADGE045_NCER,NDS_2D,DOM_CSS,NEEDS_REBUILD,ORIGINAL_REPLACEMENT_REQUIRED,VERIFIED_CROSSCHECK,ROM_COPYRIGHTED_REFERENCE,true,,,,,,,,,REBUILD,,[],"[""ORIGINAL_VISUAL_REPLACEMENT_REQUIRED""]","Verified bundle with 1 cells; preserve function, rebuild visual language."
art:ui:cell-bundle-database-item-badge046:rom-reference,UI,UI_CELL_BUNDLE_REFERENCE,database/item_badge046.ncer,YDIJ UI sprite bundle extraction,R:\NEXUS LINK\原作\CLAUDE_CODE_YDIJ_HANDOFF\01_UI_ART_LAYOUT\extracted_reference\YDIJ_UI_REFERENCE\ui_sprite_cells\database__item_badge046__cells.png,ROM_EXTRACTED_REFERENCE,RAW_UI_CELL_BUNDLE_DATABASE_ITEM_BADGE046_NCER,NDS_2D,DOM_CSS,NEEDS_REBUILD,ORIGINAL_REPLACEMENT_REQUIRED,VERIFIED_CROSSCHECK,ROM_COPYRIGHTED_REFERENCE,true,,,,,,,,,REBUILD,,[],"[""ORIGINAL_VISUAL_REPLACEMENT_REQUIRED""]","Verified bundle with 1 cells; preserve function, rebuild visual language."
art:ui:cell-bundle-database-item-badge047:rom-reference,UI,UI_CELL_BUNDLE_REFERENCE,database/item_badge047.ncer,YDIJ UI sprite bundle extraction,R:\NEXUS LINK\原作\CLAUDE_CODE_YDIJ_HANDOFF\01_UI_ART_LAYOUT\extracted_reference\YDIJ_UI_REFERENCE\ui_sprite_cells\database__item_badge047__cells.png,ROM_EXTRACTED_REFERENCE,RAW_UI_CELL_BUNDLE_DATABASE_ITEM_BADGE047_NCER,NDS_2D,DOM_CSS,NEEDS_REBUILD,ORIGINAL_REPLACEMENT_REQUIRED,VERIFIED_CROSSCHECK,ROM_COPYRIGHTED_REFERENCE,true,,,,,,,,,REBUILD,,[],"[""ORIGINAL_VISUAL_REPLACEMENT_REQUIRED""]","Verified bundle with 1 cells; preserve function, rebuild visual language."
art:ui:cell-bundle-database-item-badge048:rom-reference,UI,UI_CELL_BUNDLE_REFERENCE,database/item_badge048.ncer,YDIJ UI sprite bundle extraction,R:\NEXUS LINK\原作\CLAUDE_CODE_YDIJ_HANDOFF\01_UI_ART_LAYOUT\extracted_reference\YDIJ_UI_REFERENCE\ui_sprite_cells\database__item_badge048__cells.png,ROM_EXTRACTED_REFERENCE,RAW_UI_CELL_BUNDLE_DATABASE_ITEM_BADGE048_NCER,NDS_2D,DOM_CSS,NEEDS_REBUILD,ORIGINAL_REPLACEMENT_REQUIRED,VERIFIED_CROSSCHECK,ROM_COPYRIGHTED_REFERENCE,true,,,,,,,,,REBUILD,,[],"[""ORIGINAL_VISUAL_REPLACEMENT_REQUIRED""]","Verified bundle with 1 cells; preserve function, rebuild visual language."
art:ui:cell-bundle-database-item-badge049:rom-reference,UI,UI_CELL_BUNDLE_REFERENCE,database/item_badge049.ncer,YDIJ UI sprite bundle extraction,R:\NEXUS LINK\原作\CLAUDE_CODE_YDIJ_HANDOFF\01_UI_ART_LAYOUT\extracted_reference\YDIJ_UI_REFERENCE\ui_sprite_cells\database__item_badge049__cells.png,ROM_EXTRACTED_REFERENCE,RAW_UI_CELL_BUNDLE_DATABASE_ITEM_BADGE049_NCER,NDS_2D,DOM_CSS,NEEDS_REBUILD,ORIGINAL_REPLACEMENT_REQUIRED,VERIFIED_CROSSCHECK,ROM_COPYRIGHTED_REFERENCE,true,,,,,,,,,REBUILD,,[],"[""ORIGINAL_VISUAL_REPLACEMENT_REQUIRED""]","Verified bundle with 1 cells; preserve function, rebuild visual language."
art:ui:cell-bundle-database-item-badge050:rom-reference,UI,UI_CELL_BUNDLE_REFERENCE,database/item_badge050.ncer,YDIJ UI sprite bundle extraction,R:\NEXUS LINK\原作\CLAUDE_CODE_YDIJ_HANDOFF\01_UI_ART_LAYOUT\extracted_reference\YDIJ_UI_REFERENCE\ui_sprite_cells\database__item_badge050__cells.png,ROM_EXTRACTED_REFERENCE,RAW_UI_CELL_BUNDLE_DATABASE_ITEM_BADGE050_NCER,NDS_2D,DOM_CSS,NEEDS_REBUILD,ORIGINAL_REPLACEMENT_REQUIRED,VERIFIED_CROSSCHECK,ROM_COPYRIGHTED_REFERENCE,true,,,,,,,,,REBUILD,,[],"[""ORIGINAL_VISUAL_REPLACEMENT_REQUIRED""]","Verified bundle with 1 cells; preserve function, rebuild visual language."
art:ui:cell-bundle-database-item-badge051:rom-reference,UI,UI_CELL_BUNDLE_REFERENCE,database/item_badge051.ncer,YDIJ UI sprite bundle extraction,R:\NEXUS LINK\原作\CLAUDE_CODE_YDIJ_HANDOFF\01_UI_ART_LAYOUT\extracted_reference\YDIJ_UI_REFERENCE\ui_sprite_cells\database__item_badge051__cells.png,ROM_EXTRACTED_REFERENCE,RAW_UI_CELL_BUNDLE_DATABASE_ITEM_BADGE051_NCER,NDS_2D,DOM_CSS,NEEDS_REBUILD,ORIGINAL_REPLACEMENT_REQUIRED,VERIFIED_CROSSCHECK,ROM_COPYRIGHTED_REFERENCE,true,,,,,,,,,REBUILD,,[],"[""ORIGINAL_VISUAL_REPLACEMENT_REQUIRED""]","Verified bundle with 1 cells; preserve function, rebuild visual language."
art:ui:cell-bundle-database-item-badge052:rom-reference,UI,UI_CELL_BUNDLE_REFERENCE,database/item_badge052.ncer,YDIJ UI sprite bundle extraction,R:\NEXUS LINK\原作\CLAUDE_CODE_YDIJ_HANDOFF\01_UI_ART_LAYOUT\extracted_reference\YDIJ_UI_REFERENCE\ui_sprite_cells\database__item_badge052__cells.png,ROM_EXTRACTED_REFERENCE,RAW_UI_CELL_BUNDLE_DATABASE_ITEM_BADGE052_NCER,NDS_2D,DOM_CSS,NEEDS_REBUILD,ORIGINAL_REPLACEMENT_REQUIRED,VERIFIED_CROSSCHECK,ROM_COPYRIGHTED_REFERENCE,true,,,,,,,,,REBUILD,,[],"[""ORIGINAL_VISUAL_REPLACEMENT_REQUIRED""]","Verified bundle with 1 cells; preserve function, rebuild visual language."
art:ui:cell-bundle-database-item-badge053:rom-reference,UI,UI_CELL_BUNDLE_REFERENCE,database/item_badge053.ncer,YDIJ UI sprite bundle extraction,R:\NEXUS LINK\原作\CLAUDE_CODE_YDIJ_HANDOFF\01_UI_ART_LAYOUT\extracted_reference\YDIJ_UI_REFERENCE\ui_sprite_cells\database__item_badge053__cells.png,ROM_EXTRACTED_REFERENCE,RAW_UI_CELL_BUNDLE_DATABASE_ITEM_BADGE053_NCER,NDS_2D,DOM_CSS,NEEDS_REBUILD,ORIGINAL_REPLACEMENT_REQUIRED,VERIFIED_CROSSCHECK,ROM_COPYRIGHTED_REFERENCE,true,,,,,,,,,REBUILD,,[],"[""ORIGINAL_VISUAL_REPLACEMENT_REQUIRED""]","Verified bundle with 1 cells; preserve function, rebuild visual language."
art:ui:cell-bundle-database-item-badge054:rom-reference,UI,UI_CELL_BUNDLE_REFERENCE,database/item_badge054.ncer,YDIJ UI sprite bundle extraction,R:\NEXUS LINK\原作\CLAUDE_CODE_YDIJ_HANDOFF\01_UI_ART_LAYOUT\extracted_reference\YDIJ_UI_REFERENCE\ui_sprite_cells\database__item_badge054__cells.png,ROM_EXTRACTED_REFERENCE,RAW_UI_CELL_BUNDLE_DATABASE_ITEM_BADGE054_NCER,NDS_2D,DOM_CSS,NEEDS_REBUILD,ORIGINAL_REPLACEMENT_REQUIRED,VERIFIED_CROSSCHECK,ROM_COPYRIGHTED_REFERENCE,true,,,,,,,,,REBUILD,,[],"[""ORIGINAL_VISUAL_REPLACEMENT_REQUIRED""]","Verified bundle with 1 cells; preserve function, rebuild visual language."
art:ui:cell-bundle-database-item-badge055:rom-reference,UI,UI_CELL_BUNDLE_REFERENCE,database/item_badge055.ncer,YDIJ UI sprite bundle extraction,R:\NEXUS LINK\原作\CLAUDE_CODE_YDIJ_HANDOFF\01_UI_ART_LAYOUT\extracted_reference\YDIJ_UI_REFERENCE\ui_sprite_cells\database__item_badge055__cells.png,ROM_EXTRACTED_REFERENCE,RAW_UI_CELL_BUNDLE_DATABASE_ITEM_BADGE055_NCER,NDS_2D,DOM_CSS,NEEDS_REBUILD,ORIGINAL_REPLACEMENT_REQUIRED,VERIFIED_CROSSCHECK,ROM_COPYRIGHTED_REFERENCE,true,,,,,,,,,REBUILD,,[],"[""ORIGINAL_VISUAL_REPLACEMENT_REQUIRED""]","Verified bundle with 1 cells; preserve function, rebuild visual language."
art:ui:cell-bundle-database-item-badge056:rom-reference,UI,UI_CELL_BUNDLE_REFERENCE,database/item_badge056.ncer,YDIJ UI sprite bundle extraction,R:\NEXUS LINK\原作\CLAUDE_CODE_YDIJ_HANDOFF\01_UI_ART_LAYOUT\extracted_reference\YDIJ_UI_REFERENCE\ui_sprite_cells\database__item_badge056__cells.png,ROM_EXTRACTED_REFERENCE,RAW_UI_CELL_BUNDLE_DATABASE_ITEM_BADGE056_NCER,NDS_2D,DOM_CSS,NEEDS_REBUILD,ORIGINAL_REPLACEMENT_REQUIRED,VERIFIED_CROSSCHECK,ROM_COPYRIGHTED_REFERENCE,true,,,,,,,,,REBUILD,,[],"[""ORIGINAL_VISUAL_REPLACEMENT_REQUIRED""]","Verified bundle with 1 cells; preserve function, rebuild visual language."
art:ui:cell-bundle-database-item-badge057:rom-reference,UI,UI_CELL_BUNDLE_REFERENCE,database/item_badge057.ncer,YDIJ UI sprite bundle extraction,R:\NEXUS LINK\原作\CLAUDE_CODE_YDIJ_HANDOFF\01_UI_ART_LAYOUT\extracted_reference\YDIJ_UI_REFERENCE\ui_sprite_cells\database__item_badge057__cells.png,ROM_EXTRACTED_REFERENCE,RAW_UI_CELL_BUNDLE_DATABASE_ITEM_BADGE057_NCER,NDS_2D,DOM_CSS,NEEDS_REBUILD,ORIGINAL_REPLACEMENT_REQUIRED,VERIFIED_CROSSCHECK,ROM_COPYRIGHTED_REFERENCE,true,,,,,,,,,REBUILD,,[],"[""ORIGINAL_VISUAL_REPLACEMENT_REQUIRED""]","Verified bundle with 1 cells; preserve function, rebuild visual language."
art:ui:cell-bundle-database-item-badge058:rom-reference,UI,UI_CELL_BUNDLE_REFERENCE,database/item_badge058.ncer,YDIJ UI sprite bundle extraction,R:\NEXUS LINK\原作\CLAUDE_CODE_YDIJ_HANDOFF\01_UI_ART_LAYOUT\extracted_reference\YDIJ_UI_REFERENCE\ui_sprite_cells\database__item_badge058__cells.png,ROM_EXTRACTED_REFERENCE,RAW_UI_CELL_BUNDLE_DATABASE_ITEM_BADGE058_NCER,NDS_2D,DOM_CSS,NEEDS_REBUILD,ORIGINAL_REPLACEMENT_REQUIRED,VERIFIED_CROSSCHECK,ROM_COPYRIGHTED_REFERENCE,true,,,,,,,,,REBUILD,,[],"[""ORIGINAL_VISUAL_REPLACEMENT_REQUIRED""]","Verified bundle with 1 cells; preserve function, rebuild visual language."
art:ui:cell-bundle-database-item-badge059:rom-reference,UI,UI_CELL_BUNDLE_REFERENCE,database/item_badge059.ncer,YDIJ UI sprite bundle extraction,R:\NEXUS LINK\原作\CLAUDE_CODE_YDIJ_HANDOFF\01_UI_ART_LAYOUT\extracted_reference\YDIJ_UI_REFERENCE\ui_sprite_cells\database__item_badge059__cells.png,ROM_EXTRACTED_REFERENCE,RAW_UI_CELL_BUNDLE_DATABASE_ITEM_BADGE059_NCER,NDS_2D,DOM_CSS,NEEDS_REBUILD,ORIGINAL_REPLACEMENT_REQUIRED,VERIFIED_CROSSCHECK,ROM_COPYRIGHTED_REFERENCE,true,,,,,,,,,REBUILD,,[],"[""ORIGINAL_VISUAL_REPLACEMENT_REQUIRED""]","Verified bundle with 1 cells; preserve function, rebuild visual language."
art:ui:cell-bundle-database-item-badge060:rom-reference,UI,UI_CELL_BUNDLE_REFERENCE,database/item_badge060.ncer,YDIJ UI sprite bundle extraction,R:\NEXUS LINK\原作\CLAUDE_CODE_YDIJ_HANDOFF\01_UI_ART_LAYOUT\extracted_reference\YDIJ_UI_REFERENCE\ui_sprite_cells\database__item_badge060__cells.png,ROM_EXTRACTED_REFERENCE,RAW_UI_CELL_BUNDLE_DATABASE_ITEM_BADGE060_NCER,NDS_2D,DOM_CSS,NEEDS_REBUILD,ORIGINAL_REPLACEMENT_REQUIRED,VERIFIED_CROSSCHECK,ROM_COPYRIGHTED_REFERENCE,true,,,,,,,,,REBUILD,,[],"[""ORIGINAL_VISUAL_REPLACEMENT_REQUIRED""]","Verified bundle with 1 cells; preserve function, rebuild visual language."
art:ui:cell-bundle-database-item-badge061:rom-reference,UI,UI_CELL_BUNDLE_REFERENCE,database/item_badge061.ncer,YDIJ UI sprite bundle extraction,R:\NEXUS LINK\原作\CLAUDE_CODE_YDIJ_HANDOFF\01_UI_ART_LAYOUT\extracted_reference\YDIJ_UI_REFERENCE\ui_sprite_cells\database__item_badge061__cells.png,ROM_EXTRACTED_REFERENCE,RAW_UI_CELL_BUNDLE_DATABASE_ITEM_BADGE061_NCER,NDS_2D,DOM_CSS,NEEDS_REBUILD,ORIGINAL_REPLACEMENT_REQUIRED,VERIFIED_CROSSCHECK,ROM_COPYRIGHTED_REFERENCE,true,,,,,,,,,REBUILD,,[],"[""ORIGINAL_VISUAL_REPLACEMENT_REQUIRED""]","Verified bundle with 1 cells; preserve function, rebuild visual language."
art:ui:cell-bundle-database-prize-icon-cursol:rom-reference,UI,UI_CELL_BUNDLE_REFERENCE,database/prize_icon_cursol.ncer,YDIJ UI sprite bundle extraction,R:\NEXUS LINK\原作\CLAUDE_CODE_YDIJ_HANDOFF\01_UI_ART_LAYOUT\extracted_reference\YDIJ_UI_REFERENCE\ui_sprite_cells\database__prize_icon_cursol__cells.png,ROM_EXTRACTED_REFERENCE,RAW_UI_CELL_BUNDLE_DATABASE_PRIZE_ICON_CURSOL_NCER,NDS_2D,DOM_CSS,NEEDS_REBUILD,ORIGINAL_REPLACEMENT_REQUIRED,VERIFIED_CROSSCHECK,ROM_COPYRIGHTED_REFERENCE,true,,,,,,,,,REBUILD,,[],"[""ORIGINAL_VISUAL_REPLACEMENT_REQUIRED""]","Verified bundle with 4 cells; preserve function, rebuild visual language."
art:ui:cell-bundle-database-zukan-obj-main:rom-reference,UI,UI_CELL_BUNDLE_REFERENCE,database/zukan_obj_main.ncer,YDIJ UI sprite bundle extraction,R:\NEXUS LINK\原作\CLAUDE_CODE_YDIJ_HANDOFF\01_UI_ART_LAYOUT\extracted_reference\YDIJ_UI_REFERENCE\ui_sprite_cells\database__zukan_obj_main__cells.png,ROM_EXTRACTED_REFERENCE,RAW_UI_CELL_BUNDLE_DATABASE_ZUKAN_OBJ_MAIN_NCER,NDS_2D,DOM_CSS,NEEDS_REBUILD,ORIGINAL_REPLACEMENT_REQUIRED,VERIFIED_CROSSCHECK,ROM_COPYRIGHTED_REFERENCE,true,,,,,,,,,REBUILD,,[],"[""ORIGINAL_VISUAL_REPLACEMENT_REQUIRED""]","Verified bundle with 24 cells; preserve function, rebuild visual language."
art:ui:cell-bundle-database-zukan-obj-sub:rom-reference,UI,UI_CELL_BUNDLE_REFERENCE,database/zukan_obj_sub.ncer,YDIJ UI sprite bundle extraction,R:\NEXUS LINK\原作\CLAUDE_CODE_YDIJ_HANDOFF\01_UI_ART_LAYOUT\extracted_reference\YDIJ_UI_REFERENCE\ui_sprite_cells\database__zukan_obj_sub__cells.png,ROM_EXTRACTED_REFERENCE,RAW_UI_CELL_BUNDLE_DATABASE_ZUKAN_OBJ_SUB_NCER,NDS_2D,DOM_CSS,NEEDS_REBUILD,ORIGINAL_REPLACEMENT_REQUIRED,VERIFIED_CROSSCHECK,ROM_COPYRIGHTED_REFERENCE,true,,,,,,,,,REBUILD,,[],"[""ORIGINAL_VISUAL_REPLACEMENT_REQUIRED""]","Verified bundle with 28 cells; preserve function, rebuild visual language."
art:ui:cell-bundle-gate-select-obj-world-gatedata:rom-reference,UI,UI_CELL_BUNDLE_REFERENCE,gate_select/obj_world_Gatedata.ncer,YDIJ UI sprite bundle extraction,R:\NEXUS LINK\原作\CLAUDE_CODE_YDIJ_HANDOFF\01_UI_ART_LAYOUT\extracted_reference\YDIJ_UI_REFERENCE\ui_sprite_cells\gate_select__obj_world_Gatedata__cells.png,ROM_EXTRACTED_REFERENCE,RAW_UI_CELL_BUNDLE_GATE_SELECT_OBJ_WORLD_GATEDATA_NCER,NDS_2D,DOM_CSS,NEEDS_REBUILD,ORIGINAL_REPLACEMENT_REQUIRED,VERIFIED_CROSSCHECK,ROM_COPYRIGHTED_REFERENCE,true,,,,,,,,,REBUILD,,[],"[""ORIGINAL_VISUAL_REPLACEMENT_REQUIRED""]","Verified bundle with 6 cells; preserve function, rebuild visual language."
art:ui:cell-bundle-gate-select-obj-world-gateicon:rom-reference,UI,UI_CELL_BUNDLE_REFERENCE,gate_select/obj_world_GateIcon.ncer,YDIJ UI sprite bundle extraction,R:\NEXUS LINK\原作\CLAUDE_CODE_YDIJ_HANDOFF\01_UI_ART_LAYOUT\extracted_reference\YDIJ_UI_REFERENCE\ui_sprite_cells\gate_select__obj_world_GateIcon__cells.png,ROM_EXTRACTED_REFERENCE,RAW_UI_CELL_BUNDLE_GATE_SELECT_OBJ_WORLD_GATEICON_NCER,NDS_2D,DOM_CSS,NEEDS_REBUILD,ORIGINAL_REPLACEMENT_REQUIRED,VERIFIED_CROSSCHECK,ROM_COPYRIGHTED_REFERENCE,true,,,,,,,,,REBUILD,,[],"[""ORIGINAL_VISUAL_REPLACEMENT_REQUIRED""]","Verified bundle with 16 cells; preserve function, rebuild visual language."
art:ui:cell-bundle-gate-select-obj-world-time:rom-reference,UI,UI_CELL_BUNDLE_REFERENCE,gate_select/obj_world_time.ncer,YDIJ UI sprite bundle extraction,R:\NEXUS LINK\原作\CLAUDE_CODE_YDIJ_HANDOFF\01_UI_ART_LAYOUT\extracted_reference\YDIJ_UI_REFERENCE\ui_sprite_cells\gate_select__obj_world_time__cells.png,ROM_EXTRACTED_REFERENCE,RAW_UI_CELL_BUNDLE_GATE_SELECT_OBJ_WORLD_TIME_NCER,NDS_2D,DOM_CSS,NEEDS_REBUILD,ORIGINAL_REPLACEMENT_REQUIRED,VERIFIED_CROSSCHECK,ROM_COPYRIGHTED_REFERENCE,true,,,,,,,,,REBUILD,,[],"[""ORIGINAL_VISUAL_REPLACEMENT_REQUIRED""]","Verified bundle with 11 cells; preserve function, rebuild visual language."
art:ui:cell-bundle-help-help-obj-main:rom-reference,UI,UI_CELL_BUNDLE_REFERENCE,help/help_obj_main.ncer,YDIJ UI sprite bundle extraction,R:\NEXUS LINK\原作\CLAUDE_CODE_YDIJ_HANDOFF\01_UI_ART_LAYOUT\extracted_reference\YDIJ_UI_REFERENCE\ui_sprite_cells\help__help_obj_main__cells.png,ROM_EXTRACTED_REFERENCE,RAW_UI_CELL_BUNDLE_HELP_HELP_OBJ_MAIN_NCER,NDS_2D,DOM_CSS,NEEDS_REBUILD,ORIGINAL_REPLACEMENT_REQUIRED,VERIFIED_CROSSCHECK,ROM_COPYRIGHTED_REFERENCE,true,,,,,,,,,REBUILD,,[],"[""ORIGINAL_VISUAL_REPLACEMENT_REQUIRED""]","Verified bundle with 13 cells; preserve function, rebuild visual language."
art:ui:cell-bundle-shop-shop-bunner:rom-reference,UI,UI_CELL_BUNDLE_REFERENCE,shop/shop_bunner.ncer,YDIJ UI sprite bundle extraction,R:\NEXUS LINK\原作\CLAUDE_CODE_YDIJ_HANDOFF\01_UI_ART_LAYOUT\extracted_reference\YDIJ_UI_REFERENCE\ui_sprite_cells\shop__shop_bunner__cells.png,ROM_EXTRACTED_REFERENCE,RAW_UI_CELL_BUNDLE_SHOP_SHOP_BUNNER_NCER,NDS_2D,DOM_CSS,NEEDS_REBUILD,ORIGINAL_REPLACEMENT_REQUIRED,VERIFIED_CROSSCHECK,ROM_COPYRIGHTED_REFERENCE,true,,,,,,,,,REBUILD,,[],"[""ORIGINAL_VISUAL_REPLACEMENT_REQUIRED""]","Verified bundle with 27 cells; preserve function, rebuild visual language."
art:ui:cell-bundle-shop-shop-obj-main2:rom-reference,UI,UI_CELL_BUNDLE_REFERENCE,shop/shop_obj_main2.ncer,YDIJ UI sprite bundle extraction,R:\NEXUS LINK\原作\CLAUDE_CODE_YDIJ_HANDOFF\01_UI_ART_LAYOUT\extracted_reference\YDIJ_UI_REFERENCE\ui_sprite_cells\shop__shop_obj_main2__cells.png,ROM_EXTRACTED_REFERENCE,RAW_UI_CELL_BUNDLE_SHOP_SHOP_OBJ_MAIN2_NCER,NDS_2D,DOM_CSS,NEEDS_REBUILD,ORIGINAL_REPLACEMENT_REQUIRED,VERIFIED_CROSSCHECK,ROM_COPYRIGHTED_REFERENCE,true,,,,,,,,,REBUILD,,[],"[""ORIGINAL_VISUAL_REPLACEMENT_REQUIRED""]","Verified bundle with 33 cells; preserve function, rebuild visual language."
art:ui:cell-bundle-shop-shop-obj-main:rom-reference,UI,UI_CELL_BUNDLE_REFERENCE,shop/shop_obj_main.ncer,YDIJ UI sprite bundle extraction,R:\NEXUS LINK\原作\CLAUDE_CODE_YDIJ_HANDOFF\01_UI_ART_LAYOUT\extracted_reference\YDIJ_UI_REFERENCE\ui_sprite_cells\shop__shop_obj_main__cells.png,ROM_EXTRACTED_REFERENCE,RAW_UI_CELL_BUNDLE_SHOP_SHOP_OBJ_MAIN_NCER,NDS_2D,DOM_CSS,NEEDS_REBUILD,ORIGINAL_REPLACEMENT_REQUIRED,VERIFIED_CROSSCHECK,ROM_COPYRIGHTED_REFERENCE,true,,,,,,,,,REBUILD,,[],"[""ORIGINAL_VISUAL_REPLACEMENT_REQUIRED""]","Verified bundle with 17 cells; preserve function, rebuild visual language."
art:ui:cell-bundle-shop-shop-obj-sub:rom-reference,UI,UI_CELL_BUNDLE_REFERENCE,shop/shop_obj_sub.ncer,YDIJ UI sprite bundle extraction,R:\NEXUS LINK\原作\CLAUDE_CODE_YDIJ_HANDOFF\01_UI_ART_LAYOUT\extracted_reference\YDIJ_UI_REFERENCE\ui_sprite_cells\shop__shop_obj_sub__cells.png,ROM_EXTRACTED_REFERENCE,RAW_UI_CELL_BUNDLE_SHOP_SHOP_OBJ_SUB_NCER,NDS_2D,DOM_CSS,NEEDS_REBUILD,ORIGINAL_REPLACEMENT_REQUIRED,VERIFIED_CROSSCHECK,ROM_COPYRIGHTED_REFERENCE,true,,,,,,,,,REBUILD,,[],"[""ORIGINAL_VISUAL_REPLACEMENT_REQUIRED""]","Verified bundle with 10 cells; preserve function, rebuild visual language."
art:ui:cell-bundle-tamer-info-tamer-info-obj-main:rom-reference,UI,UI_CELL_BUNDLE_REFERENCE,tamer_info/tamer_info_obj_main.ncer,YDIJ UI sprite bundle extraction,R:\NEXUS LINK\原作\CLAUDE_CODE_YDIJ_HANDOFF\01_UI_ART_LAYOUT\extracted_reference\YDIJ_UI_REFERENCE\ui_sprite_cells\tamer_info__tamer_info_obj_main__cells.png,ROM_EXTRACTED_REFERENCE,RAW_UI_CELL_BUNDLE_TAMER_INFO_TAMER_INFO_OBJ_MAIN_NCER,NDS_2D,DOM_CSS,NEEDS_REBUILD,ORIGINAL_REPLACEMENT_REQUIRED,VERIFIED_CROSSCHECK,ROM_COPYRIGHTED_REFERENCE,true,,,,,,,,,REBUILD,,[],"[""ORIGINAL_VISUAL_REPLACEMENT_REQUIRED""]","Verified bundle with 15 cells; preserve function, rebuild visual language."
art:ui:cell-bundle-tamer-info-tamer-info-obj-sub:rom-reference,UI,UI_CELL_BUNDLE_REFERENCE,tamer_info/tamer_info_obj_sub.ncer,YDIJ UI sprite bundle extraction,R:\NEXUS LINK\原作\CLAUDE_CODE_YDIJ_HANDOFF\01_UI_ART_LAYOUT\extracted_reference\YDIJ_UI_REFERENCE\ui_sprite_cells\tamer_info__tamer_info_obj_sub__cells.png,ROM_EXTRACTED_REFERENCE,RAW_UI_CELL_BUNDLE_TAMER_INFO_TAMER_INFO_OBJ_SUB_NCER,NDS_2D,DOM_CSS,NEEDS_REBUILD,ORIGINAL_REPLACEMENT_REQUIRED,VERIFIED_CROSSCHECK,ROM_COPYRIGHTED_REFERENCE,true,,,,,,,,,REBUILD,,[],"[""ORIGINAL_VISUAL_REPLACEMENT_REQUIRED""]","Verified bundle with 16 cells; preserve function, rebuild visual language."
art:ui:cell-bundle-title-menu-game-moji-main:rom-reference,UI,UI_CELL_BUNDLE_REFERENCE,title_menu/game_moji_main.ncer,YDIJ UI sprite bundle extraction,R:\NEXUS LINK\原作\CLAUDE_CODE_YDIJ_HANDOFF\01_UI_ART_LAYOUT\extracted_reference\YDIJ_UI_REFERENCE\ui_sprite_cells\title_menu__game_moji_main__cells.png,ROM_EXTRACTED_REFERENCE,RAW_UI_CELL_BUNDLE_TITLE_MENU_GAME_MOJI_MAIN_NCER,NDS_2D,DOM_CSS,NEEDS_REBUILD,ORIGINAL_REPLACEMENT_REQUIRED,VERIFIED_CROSSCHECK,ROM_COPYRIGHTED_REFERENCE,true,,,,,,,,,REBUILD,,[],"[""ORIGINAL_VISUAL_REPLACEMENT_REQUIRED""]","Verified bundle with 4 cells; preserve function, rebuild visual language."
art:ui:cell-bundle-title-menu-parts-main:rom-reference,UI,UI_CELL_BUNDLE_REFERENCE,title_menu/parts_main.ncer,YDIJ UI sprite bundle extraction,R:\NEXUS LINK\原作\CLAUDE_CODE_YDIJ_HANDOFF\01_UI_ART_LAYOUT\extracted_reference\YDIJ_UI_REFERENCE\ui_sprite_cells\title_menu__parts_main__cells.png,ROM_EXTRACTED_REFERENCE,RAW_UI_CELL_BUNDLE_TITLE_MENU_PARTS_MAIN_NCER,NDS_2D,DOM_CSS,NEEDS_REBUILD,ORIGINAL_REPLACEMENT_REQUIRED,VERIFIED_CROSSCHECK,ROM_COPYRIGHTED_REFERENCE,true,,,,,,,,,REBUILD,,[],"[""ORIGINAL_VISUAL_REPLACEMENT_REQUIRED""]","Verified bundle with 5 cells; preserve function, rebuild visual language."
art:ui:cell-bundle-title-menu-parts1-main:rom-reference,UI,UI_CELL_BUNDLE_REFERENCE,title_menu/parts1_main.ncer,YDIJ UI sprite bundle extraction,R:\NEXUS LINK\原作\CLAUDE_CODE_YDIJ_HANDOFF\01_UI_ART_LAYOUT\extracted_reference\YDIJ_UI_REFERENCE\ui_sprite_cells\title_menu__parts1_main__cells.png,ROM_EXTRACTED_REFERENCE,RAW_UI_CELL_BUNDLE_TITLE_MENU_PARTS1_MAIN_NCER,NDS_2D,DOM_CSS,NEEDS_REBUILD,ORIGINAL_REPLACEMENT_REQUIRED,VERIFIED_CROSSCHECK,ROM_COPYRIGHTED_REFERENCE,true,,,,,,,,,REBUILD,,[],"[""ORIGINAL_VISUAL_REPLACEMENT_REQUIRED""]","Verified bundle with 3 cells; preserve function, rebuild visual language."
art:ui:cell-bundle-title-menu-title-obj:rom-reference,UI,UI_CELL_BUNDLE_REFERENCE,title_menu/title_obj.ncer,YDIJ UI sprite bundle extraction,R:\NEXUS LINK\原作\CLAUDE_CODE_YDIJ_HANDOFF\01_UI_ART_LAYOUT\extracted_reference\YDIJ_UI_REFERENCE\ui_sprite_cells\title_menu__title_obj__cells.png,ROM_EXTRACTED_REFERENCE,RAW_UI_CELL_BUNDLE_TITLE_MENU_TITLE_OBJ_NCER,NDS_2D,DOM_CSS,NEEDS_REBUILD,ORIGINAL_REPLACEMENT_REQUIRED,VERIFIED_CROSSCHECK,ROM_COPYRIGHTED_REFERENCE,true,,,,,,,,,REBUILD,,[],"[""ORIGINAL_VISUAL_REPLACEMENT_REQUIRED""]","Verified bundle with 47 cells; preserve function, rebuild visual language."
art:ui:cell-bundle-today-window-autumn-col:rom-reference,UI,UI_CELL_BUNDLE_REFERENCE,today_window/autumn_col.ncer,YDIJ UI sprite bundle extraction,R:\NEXUS LINK\原作\CLAUDE_CODE_YDIJ_HANDOFF\01_UI_ART_LAYOUT\extracted_reference\YDIJ_UI_REFERENCE\ui_sprite_cells\today_window__autumn_col__cells.png,ROM_EXTRACTED_REFERENCE,RAW_UI_CELL_BUNDLE_TODAY_WINDOW_AUTUMN_COL_NCER,NDS_2D,DOM_CSS,NEEDS_REBUILD,ORIGINAL_REPLACEMENT_REQUIRED,VERIFIED_CROSSCHECK,ROM_COPYRIGHTED_REFERENCE,true,,,,,,,,,REBUILD,,[],"[""ORIGINAL_VISUAL_REPLACEMENT_REQUIRED""]","Verified bundle with 1 cells; preserve function, rebuild visual language."
art:ui:cell-bundle-today-window-spring-col:rom-reference,UI,UI_CELL_BUNDLE_REFERENCE,today_window/spring_col.ncer,YDIJ UI sprite bundle extraction,R:\NEXUS LINK\原作\CLAUDE_CODE_YDIJ_HANDOFF\01_UI_ART_LAYOUT\extracted_reference\YDIJ_UI_REFERENCE\ui_sprite_cells\today_window__spring_col__cells.png,ROM_EXTRACTED_REFERENCE,RAW_UI_CELL_BUNDLE_TODAY_WINDOW_SPRING_COL_NCER,NDS_2D,DOM_CSS,NEEDS_REBUILD,ORIGINAL_REPLACEMENT_REQUIRED,VERIFIED_CROSSCHECK,ROM_COPYRIGHTED_REFERENCE,true,,,,,,,,,REBUILD,,[],"[""ORIGINAL_VISUAL_REPLACEMENT_REQUIRED""]","Verified bundle with 1 cells; preserve function, rebuild visual language."
art:ui:cell-bundle-today-window-summer-col:rom-reference,UI,UI_CELL_BUNDLE_REFERENCE,today_window/summer_col.ncer,YDIJ UI sprite bundle extraction,R:\NEXUS LINK\原作\CLAUDE_CODE_YDIJ_HANDOFF\01_UI_ART_LAYOUT\extracted_reference\YDIJ_UI_REFERENCE\ui_sprite_cells\today_window__summer_col__cells.png,ROM_EXTRACTED_REFERENCE,RAW_UI_CELL_BUNDLE_TODAY_WINDOW_SUMMER_COL_NCER,NDS_2D,DOM_CSS,NEEDS_REBUILD,ORIGINAL_REPLACEMENT_REQUIRED,VERIFIED_CROSSCHECK,ROM_COPYRIGHTED_REFERENCE,true,,,,,,,,,REBUILD,,[],"[""ORIGINAL_VISUAL_REPLACEMENT_REQUIRED""]","Verified bundle with 1 cells; preserve function, rebuild visual language."
art:ui:cell-bundle-today-window-today-window-obj-main:rom-reference,UI,UI_CELL_BUNDLE_REFERENCE,today_window/today_window_obj_main.ncer,YDIJ UI sprite bundle extraction,R:\NEXUS LINK\原作\CLAUDE_CODE_YDIJ_HANDOFF\01_UI_ART_LAYOUT\extracted_reference\YDIJ_UI_REFERENCE\ui_sprite_cells\today_window__today_window_obj_main__cells.png,ROM_EXTRACTED_REFERENCE,RAW_UI_CELL_BUNDLE_TODAY_WINDOW_TODAY_WINDOW_OBJ_MAIN_NCER,NDS_2D,DOM_CSS,NEEDS_REBUILD,ORIGINAL_REPLACEMENT_REQUIRED,VERIFIED_CROSSCHECK,ROM_COPYRIGHTED_REFERENCE,true,,,,,,,,,REBUILD,,[],"[""ORIGINAL_VISUAL_REPLACEMENT_REQUIRED""]","Verified bundle with 21 cells; preserve function, rebuild visual language."
art:ui:cell-bundle-today-window-today-window-obj-sub:rom-reference,UI,UI_CELL_BUNDLE_REFERENCE,today_window/today_window_obj_sub.ncer,YDIJ UI sprite bundle extraction,R:\NEXUS LINK\原作\CLAUDE_CODE_YDIJ_HANDOFF\01_UI_ART_LAYOUT\extracted_reference\YDIJ_UI_REFERENCE\ui_sprite_cells\today_window__today_window_obj_sub__cells.png,ROM_EXTRACTED_REFERENCE,RAW_UI_CELL_BUNDLE_TODAY_WINDOW_TODAY_WINDOW_OBJ_SUB_NCER,NDS_2D,DOM_CSS,NEEDS_REBUILD,ORIGINAL_REPLACEMENT_REQUIRED,VERIFIED_CROSSCHECK,ROM_COPYRIGHTED_REFERENCE,true,,,,,,,,,REBUILD,,[],"[""ORIGINAL_VISUAL_REPLACEMENT_REQUIRED""]","Verified bundle with 34 cells; preserve function, rebuild visual language."
art:ui:cell-bundle-today-window-winter-col:rom-reference,UI,UI_CELL_BUNDLE_REFERENCE,today_window/winter_col.ncer,YDIJ UI sprite bundle extraction,R:\NEXUS LINK\原作\CLAUDE_CODE_YDIJ_HANDOFF\01_UI_ART_LAYOUT\extracted_reference\YDIJ_UI_REFERENCE\ui_sprite_cells\today_window__winter_col__cells.png,ROM_EXTRACTED_REFERENCE,RAW_UI_CELL_BUNDLE_TODAY_WINDOW_WINTER_COL_NCER,NDS_2D,DOM_CSS,NEEDS_REBUILD,ORIGINAL_REPLACEMENT_REQUIRED,VERIFIED_CROSSCHECK,ROM_COPYRIGHTED_REFERENCE,true,,,,,,,,,REBUILD,,[],"[""ORIGINAL_VISUAL_REPLACEMENT_REQUIRED""]","Verified bundle with 1 cells; preserve function, rebuild visual language."
art:ui:cell-bundle-training-cage-edit-icon-sub:rom-reference,UI,UI_CELL_BUNDLE_REFERENCE,training/cage_edit_icon_sub.ncer,YDIJ UI sprite bundle extraction,R:\NEXUS LINK\原作\CLAUDE_CODE_YDIJ_HANDOFF\01_UI_ART_LAYOUT\extracted_reference\YDIJ_UI_REFERENCE\ui_sprite_cells\training__cage_edit_icon_sub__cells.png,ROM_EXTRACTED_REFERENCE,RAW_UI_CELL_BUNDLE_TRAINING_CAGE_EDIT_ICON_SUB_NCER,NDS_2D,DOM_CSS,NEEDS_REBUILD,ORIGINAL_REPLACEMENT_REQUIRED,VERIFIED_CROSSCHECK,ROM_COPYRIGHTED_REFERENCE,true,,,,,,,,,REBUILD,,[],"[""ORIGINAL_VISUAL_REPLACEMENT_REQUIRED""]","Verified bundle with 29 cells; preserve function, rebuild visual language."
art:ui:cell-bundle-training-cage-edit-icon:rom-reference,UI,UI_CELL_BUNDLE_REFERENCE,training/cage_edit_icon.ncer,YDIJ UI sprite bundle extraction,R:\NEXUS LINK\原作\CLAUDE_CODE_YDIJ_HANDOFF\01_UI_ART_LAYOUT\extracted_reference\YDIJ_UI_REFERENCE\ui_sprite_cells\training__cage_edit_icon__cells.png,ROM_EXTRACTED_REFERENCE,RAW_UI_CELL_BUNDLE_TRAINING_CAGE_EDIT_ICON_NCER,NDS_2D,DOM_CSS,NEEDS_REBUILD,ORIGINAL_REPLACEMENT_REQUIRED,VERIFIED_CROSSCHECK,ROM_COPYRIGHTED_REFERENCE,true,,,,,,,,,REBUILD,,[],"[""ORIGINAL_VISUAL_REPLACEMENT_REQUIRED""]","Verified bundle with 37 cells; preserve function, rebuild visual language."
art:ui:cell-bundle-training-cage-edit-obj:rom-reference,UI,UI_CELL_BUNDLE_REFERENCE,training/cage_edit_obj.ncer,YDIJ UI sprite bundle extraction,R:\NEXUS LINK\原作\CLAUDE_CODE_YDIJ_HANDOFF\01_UI_ART_LAYOUT\extracted_reference\YDIJ_UI_REFERENCE\ui_sprite_cells\training__cage_edit_obj__cells.png,ROM_EXTRACTED_REFERENCE,RAW_UI_CELL_BUNDLE_TRAINING_CAGE_EDIT_OBJ_NCER,NDS_2D,DOM_CSS,NEEDS_REBUILD,ORIGINAL_REPLACEMENT_REQUIRED,VERIFIED_CROSSCHECK,ROM_COPYRIGHTED_REFERENCE,true,,,,,,,,,REBUILD,,[],"[""ORIGINAL_VISUAL_REPLACEMENT_REQUIRED""]","Verified bundle with 19 cells; preserve function, rebuild visual language."
art:ui:cell-bundle-training-cageframe:rom-reference,UI,UI_CELL_BUNDLE_REFERENCE,training/cageframe.ncer,YDIJ UI sprite bundle extraction,R:\NEXUS LINK\原作\CLAUDE_CODE_YDIJ_HANDOFF\01_UI_ART_LAYOUT\extracted_reference\YDIJ_UI_REFERENCE\ui_sprite_cells\training__cageframe__cells.png,ROM_EXTRACTED_REFERENCE,RAW_UI_CELL_BUNDLE_TRAINING_CAGEFRAME_NCER,NDS_2D,DOM_CSS,NEEDS_REBUILD,ORIGINAL_REPLACEMENT_REQUIRED,VERIFIED_CROSSCHECK,ROM_COPYRIGHTED_REFERENCE,true,,,,,,,,,REBUILD,,[],"[""ORIGINAL_VISUAL_REPLACEMENT_REQUIRED""]","Verified bundle with 49 cells; preserve function, rebuild visual language."
art:ui:cell-bundle-training-cagesp416:rom-reference,UI,UI_CELL_BUNDLE_REFERENCE,training/cageSP416.ncer,YDIJ UI sprite bundle extraction,R:\NEXUS LINK\原作\CLAUDE_CODE_YDIJ_HANDOFF\01_UI_ART_LAYOUT\extracted_reference\YDIJ_UI_REFERENCE\ui_sprite_cells\training__cageSP416__cells.png,ROM_EXTRACTED_REFERENCE,RAW_UI_CELL_BUNDLE_TRAINING_CAGESP416_NCER,NDS_2D,DOM_CSS,NEEDS_REBUILD,ORIGINAL_REPLACEMENT_REQUIRED,VERIFIED_CROSSCHECK,ROM_COPYRIGHTED_REFERENCE,true,,,,,,,,,REBUILD,,[],"[""ORIGINAL_VISUAL_REPLACEMENT_REQUIRED""]","Verified bundle with 29 cells; preserve function, rebuild visual language."
art:ui:cell-bundle-training-field-cm01-01-obj:rom-reference,UI,UI_CELL_BUNDLE_REFERENCE,training/field_cm01_01_obj.ncer,YDIJ UI sprite bundle extraction,R:\NEXUS LINK\原作\CLAUDE_CODE_YDIJ_HANDOFF\01_UI_ART_LAYOUT\extracted_reference\YDIJ_UI_REFERENCE\ui_sprite_cells\training__field_cm01_01_obj__cells.png,ROM_EXTRACTED_REFERENCE,RAW_UI_CELL_BUNDLE_TRAINING_FIELD_CM01_01_OBJ_NCER,NDS_2D,DOM_CSS,NEEDS_REBUILD,ORIGINAL_REPLACEMENT_REQUIRED,VERIFIED_CROSSCHECK,ROM_COPYRIGHTED_REFERENCE,true,,,,,,,,,REBUILD,,[],"[""ORIGINAL_VISUAL_REPLACEMENT_REQUIRED""]","Verified bundle with 4 cells; preserve function, rebuild visual language."
art:ui:cell-bundle-training-field-cm02-01-obj:rom-reference,UI,UI_CELL_BUNDLE_REFERENCE,training/field_cm02_01_obj.ncer,YDIJ UI sprite bundle extraction,R:\NEXUS LINK\原作\CLAUDE_CODE_YDIJ_HANDOFF\01_UI_ART_LAYOUT\extracted_reference\YDIJ_UI_REFERENCE\ui_sprite_cells\training__field_cm02_01_obj__cells.png,ROM_EXTRACTED_REFERENCE,RAW_UI_CELL_BUNDLE_TRAINING_FIELD_CM02_01_OBJ_NCER,NDS_2D,DOM_CSS,NEEDS_REBUILD,ORIGINAL_REPLACEMENT_REQUIRED,VERIFIED_CROSSCHECK,ROM_COPYRIGHTED_REFERENCE,true,,,,,,,,,REBUILD,,[],"[""ORIGINAL_VISUAL_REPLACEMENT_REQUIRED""]","Verified bundle with 5 cells; preserve function, rebuild visual language."
art:ui:cell-bundle-training-field-cm03-01-obj:rom-reference,UI,UI_CELL_BUNDLE_REFERENCE,training/field_cm03_01_obj.ncer,YDIJ UI sprite bundle extraction,R:\NEXUS LINK\原作\CLAUDE_CODE_YDIJ_HANDOFF\01_UI_ART_LAYOUT\extracted_reference\YDIJ_UI_REFERENCE\ui_sprite_cells\training__field_cm03_01_obj__cells.png,ROM_EXTRACTED_REFERENCE,RAW_UI_CELL_BUNDLE_TRAINING_FIELD_CM03_01_OBJ_NCER,NDS_2D,DOM_CSS,NEEDS_REBUILD,ORIGINAL_REPLACEMENT_REQUIRED,VERIFIED_CROSSCHECK,ROM_COPYRIGHTED_REFERENCE,true,,,,,,,,,REBUILD,,[],"[""ORIGINAL_VISUAL_REPLACEMENT_REQUIRED""]","Verified bundle with 3 cells; preserve function, rebuild visual language."
art:ui:cell-bundle-training-field-cm04-01-obj:rom-reference,UI,UI_CELL_BUNDLE_REFERENCE,training/field_cm04_01_obj.ncer,YDIJ UI sprite bundle extraction,R:\NEXUS LINK\原作\CLAUDE_CODE_YDIJ_HANDOFF\01_UI_ART_LAYOUT\extracted_reference\YDIJ_UI_REFERENCE\ui_sprite_cells\training__field_cm04_01_obj__cells.png,ROM_EXTRACTED_REFERENCE,RAW_UI_CELL_BUNDLE_TRAINING_FIELD_CM04_01_OBJ_NCER,NDS_2D,DOM_CSS,NEEDS_REBUILD,ORIGINAL_REPLACEMENT_REQUIRED,VERIFIED_CROSSCHECK,ROM_COPYRIGHTED_REFERENCE,true,,,,,,,,,REBUILD,,[],"[""ORIGINAL_VISUAL_REPLACEMENT_REQUIRED""]","Verified bundle with 3 cells; preserve function, rebuild visual language."
art:ui:cell-bundle-training-field-cm05-01-obj:rom-reference,UI,UI_CELL_BUNDLE_REFERENCE,training/field_cm05_01_obj.ncer,YDIJ UI sprite bundle extraction,R:\NEXUS LINK\原作\CLAUDE_CODE_YDIJ_HANDOFF\01_UI_ART_LAYOUT\extracted_reference\YDIJ_UI_REFERENCE\ui_sprite_cells\training__field_cm05_01_obj__cells.png,ROM_EXTRACTED_REFERENCE,RAW_UI_CELL_BUNDLE_TRAINING_FIELD_CM05_01_OBJ_NCER,NDS_2D,DOM_CSS,NEEDS_REBUILD,ORIGINAL_REPLACEMENT_REQUIRED,VERIFIED_CROSSCHECK,ROM_COPYRIGHTED_REFERENCE,true,,,,,,,,,REBUILD,,[],"[""ORIGINAL_VISUAL_REPLACEMENT_REQUIRED""]","Verified bundle with 3 cells; preserve function, rebuild visual language."
art:ui:cell-bundle-training-field-cm06-01-obj:rom-reference,UI,UI_CELL_BUNDLE_REFERENCE,training/field_cm06_01_obj.ncer,YDIJ UI sprite bundle extraction,R:\NEXUS LINK\原作\CLAUDE_CODE_YDIJ_HANDOFF\01_UI_ART_LAYOUT\extracted_reference\YDIJ_UI_REFERENCE\ui_sprite_cells\training__field_cm06_01_obj__cells.png,ROM_EXTRACTED_REFERENCE,RAW_UI_CELL_BUNDLE_TRAINING_FIELD_CM06_01_OBJ_NCER,NDS_2D,DOM_CSS,NEEDS_REBUILD,ORIGINAL_REPLACEMENT_REQUIRED,VERIFIED_CROSSCHECK,ROM_COPYRIGHTED_REFERENCE,true,,,,,,,,,REBUILD,,[],"[""ORIGINAL_VISUAL_REPLACEMENT_REQUIRED""]","Verified bundle with 13 cells; preserve function, rebuild visual language."
art:ui:cell-bundle-training-field-cm07-01-obj:rom-reference,UI,UI_CELL_BUNDLE_REFERENCE,training/field_cm07_01_obj.ncer,YDIJ UI sprite bundle extraction,R:\NEXUS LINK\原作\CLAUDE_CODE_YDIJ_HANDOFF\01_UI_ART_LAYOUT\extracted_reference\YDIJ_UI_REFERENCE\ui_sprite_cells\training__field_cm07_01_obj__cells.png,ROM_EXTRACTED_REFERENCE,RAW_UI_CELL_BUNDLE_TRAINING_FIELD_CM07_01_OBJ_NCER,NDS_2D,DOM_CSS,NEEDS_REBUILD,ORIGINAL_REPLACEMENT_REQUIRED,VERIFIED_CROSSCHECK,ROM_COPYRIGHTED_REFERENCE,true,,,,,,,,,REBUILD,,[],"[""ORIGINAL_VISUAL_REPLACEMENT_REQUIRED""]","Verified bundle with 2 cells; preserve function, rebuild visual language."
art:ui:cell-bundle-training-field-cm08-01-obj:rom-reference,UI,UI_CELL_BUNDLE_REFERENCE,training/field_cm08_01_obj.ncer,YDIJ UI sprite bundle extraction,R:\NEXUS LINK\原作\CLAUDE_CODE_YDIJ_HANDOFF\01_UI_ART_LAYOUT\extracted_reference\YDIJ_UI_REFERENCE\ui_sprite_cells\training__field_cm08_01_obj__cells.png,ROM_EXTRACTED_REFERENCE,RAW_UI_CELL_BUNDLE_TRAINING_FIELD_CM08_01_OBJ_NCER,NDS_2D,DOM_CSS,NEEDS_REBUILD,ORIGINAL_REPLACEMENT_REQUIRED,VERIFIED_CROSSCHECK,ROM_COPYRIGHTED_REFERENCE,true,,,,,,,,,REBUILD,,[],"[""ORIGINAL_VISUAL_REPLACEMENT_REQUIRED""]","Verified bundle with 2 cells; preserve function, rebuild visual language."
art:ui:cell-bundle-training-field-cm09-01-obj:rom-reference,UI,UI_CELL_BUNDLE_REFERENCE,training/field_cm09_01_obj.ncer,YDIJ UI sprite bundle extraction,R:\NEXUS LINK\原作\CLAUDE_CODE_YDIJ_HANDOFF\01_UI_ART_LAYOUT\extracted_reference\YDIJ_UI_REFERENCE\ui_sprite_cells\training__field_cm09_01_obj__cells.png,ROM_EXTRACTED_REFERENCE,RAW_UI_CELL_BUNDLE_TRAINING_FIELD_CM09_01_OBJ_NCER,NDS_2D,DOM_CSS,NEEDS_REBUILD,ORIGINAL_REPLACEMENT_REQUIRED,VERIFIED_CROSSCHECK,ROM_COPYRIGHTED_REFERENCE,true,,,,,,,,,REBUILD,,[],"[""ORIGINAL_VISUAL_REPLACEMENT_REQUIRED""]","Verified bundle with 2 cells; preserve function, rebuild visual language."
art:ui:cell-bundle-training-field-cm10-01-obj:rom-reference,UI,UI_CELL_BUNDLE_REFERENCE,training/field_cm10_01_obj.ncer,YDIJ UI sprite bundle extraction,R:\NEXUS LINK\原作\CLAUDE_CODE_YDIJ_HANDOFF\01_UI_ART_LAYOUT\extracted_reference\YDIJ_UI_REFERENCE\ui_sprite_cells\training__field_cm10_01_obj__cells.png,ROM_EXTRACTED_REFERENCE,RAW_UI_CELL_BUNDLE_TRAINING_FIELD_CM10_01_OBJ_NCER,NDS_2D,DOM_CSS,NEEDS_REBUILD,ORIGINAL_REPLACEMENT_REQUIRED,VERIFIED_CROSSCHECK,ROM_COPYRIGHTED_REFERENCE,true,,,,,,,,,REBUILD,,[],"[""ORIGINAL_VISUAL_REPLACEMENT_REQUIRED""]","Verified bundle with 4 cells; preserve function, rebuild visual language."
art:ui:cell-bundle-training-field-cm11-01-obj:rom-reference,UI,UI_CELL_BUNDLE_REFERENCE,training/field_cm11_01_obj.ncer,YDIJ UI sprite bundle extraction,R:\NEXUS LINK\原作\CLAUDE_CODE_YDIJ_HANDOFF\01_UI_ART_LAYOUT\extracted_reference\YDIJ_UI_REFERENCE\ui_sprite_cells\training__field_cm11_01_obj__cells.png,ROM_EXTRACTED_REFERENCE,RAW_UI_CELL_BUNDLE_TRAINING_FIELD_CM11_01_OBJ_NCER,NDS_2D,DOM_CSS,NEEDS_REBUILD,ORIGINAL_REPLACEMENT_REQUIRED,VERIFIED_CROSSCHECK,ROM_COPYRIGHTED_REFERENCE,true,,,,,,,,,REBUILD,,[],"[""ORIGINAL_VISUAL_REPLACEMENT_REQUIRED""]","Verified bundle with 2 cells; preserve function, rebuild visual language."
art:ui:cell-bundle-training-field-cm12-01-obj:rom-reference,UI,UI_CELL_BUNDLE_REFERENCE,training/field_cm12_01_obj.ncer,YDIJ UI sprite bundle extraction,R:\NEXUS LINK\原作\CLAUDE_CODE_YDIJ_HANDOFF\01_UI_ART_LAYOUT\extracted_reference\YDIJ_UI_REFERENCE\ui_sprite_cells\training__field_cm12_01_obj__cells.png,ROM_EXTRACTED_REFERENCE,RAW_UI_CELL_BUNDLE_TRAINING_FIELD_CM12_01_OBJ_NCER,NDS_2D,DOM_CSS,NEEDS_REBUILD,ORIGINAL_REPLACEMENT_REQUIRED,VERIFIED_CROSSCHECK,ROM_COPYRIGHTED_REFERENCE,true,,,,,,,,,REBUILD,,[],"[""ORIGINAL_VISUAL_REPLACEMENT_REQUIRED""]","Verified bundle with 2 cells; preserve function, rebuild visual language."
art:ui:cell-bundle-training-field-cm13-01-obj:rom-reference,UI,UI_CELL_BUNDLE_REFERENCE,training/field_cm13_01_obj.ncer,YDIJ UI sprite bundle extraction,R:\NEXUS LINK\原作\CLAUDE_CODE_YDIJ_HANDOFF\01_UI_ART_LAYOUT\extracted_reference\YDIJ_UI_REFERENCE\ui_sprite_cells\training__field_cm13_01_obj__cells.png,ROM_EXTRACTED_REFERENCE,RAW_UI_CELL_BUNDLE_TRAINING_FIELD_CM13_01_OBJ_NCER,NDS_2D,DOM_CSS,NEEDS_REBUILD,ORIGINAL_REPLACEMENT_REQUIRED,VERIFIED_CROSSCHECK,ROM_COPYRIGHTED_REFERENCE,true,,,,,,,,,REBUILD,,[],"[""ORIGINAL_VISUAL_REPLACEMENT_REQUIRED""]","Verified bundle with 10 cells; preserve function, rebuild visual language."
art:ui:cell-bundle-training-field-cm14-01-obj:rom-reference,UI,UI_CELL_BUNDLE_REFERENCE,training/field_cm14_01_obj.ncer,YDIJ UI sprite bundle extraction,R:\NEXUS LINK\原作\CLAUDE_CODE_YDIJ_HANDOFF\01_UI_ART_LAYOUT\extracted_reference\YDIJ_UI_REFERENCE\ui_sprite_cells\training__field_cm14_01_obj__cells.png,ROM_EXTRACTED_REFERENCE,RAW_UI_CELL_BUNDLE_TRAINING_FIELD_CM14_01_OBJ_NCER,NDS_2D,DOM_CSS,NEEDS_REBUILD,ORIGINAL_REPLACEMENT_REQUIRED,VERIFIED_CROSSCHECK,ROM_COPYRIGHTED_REFERENCE,true,,,,,,,,,REBUILD,,[],"[""ORIGINAL_VISUAL_REPLACEMENT_REQUIRED""]","Verified bundle with 14 cells; preserve function, rebuild visual language."
art:ui:cell-bundle-training-field-cm15-01-obj:rom-reference,UI,UI_CELL_BUNDLE_REFERENCE,training/field_cm15_01_obj.ncer,YDIJ UI sprite bundle extraction,R:\NEXUS LINK\原作\CLAUDE_CODE_YDIJ_HANDOFF\01_UI_ART_LAYOUT\extracted_reference\YDIJ_UI_REFERENCE\ui_sprite_cells\training__field_cm15_01_obj__cells.png,ROM_EXTRACTED_REFERENCE,RAW_UI_CELL_BUNDLE_TRAINING_FIELD_CM15_01_OBJ_NCER,NDS_2D,DOM_CSS,NEEDS_REBUILD,ORIGINAL_REPLACEMENT_REQUIRED,VERIFIED_CROSSCHECK,ROM_COPYRIGHTED_REFERENCE,true,,,,,,,,,REBUILD,,[],"[""ORIGINAL_VISUAL_REPLACEMENT_REQUIRED""]","Verified bundle with 16 cells; preserve function, rebuild visual language."
art:ui:cell-bundle-training-field-cm16-01-obj:rom-reference,UI,UI_CELL_BUNDLE_REFERENCE,training/field_cm16_01_obj.ncer,YDIJ UI sprite bundle extraction,R:\NEXUS LINK\原作\CLAUDE_CODE_YDIJ_HANDOFF\01_UI_ART_LAYOUT\extracted_reference\YDIJ_UI_REFERENCE\ui_sprite_cells\training__field_cm16_01_obj__cells.png,ROM_EXTRACTED_REFERENCE,RAW_UI_CELL_BUNDLE_TRAINING_FIELD_CM16_01_OBJ_NCER,NDS_2D,DOM_CSS,NEEDS_REBUILD,ORIGINAL_REPLACEMENT_REQUIRED,VERIFIED_CROSSCHECK,ROM_COPYRIGHTED_REFERENCE,true,,,,,,,,,REBUILD,,[],"[""ORIGINAL_VISUAL_REPLACEMENT_REQUIRED""]","Verified bundle with 8 cells; preserve function, rebuild visual language."
art:ui:cell-bundle-training-field-cm17-01-obj:rom-reference,UI,UI_CELL_BUNDLE_REFERENCE,training/field_cm17_01_obj.ncer,YDIJ UI sprite bundle extraction,R:\NEXUS LINK\原作\CLAUDE_CODE_YDIJ_HANDOFF\01_UI_ART_LAYOUT\extracted_reference\YDIJ_UI_REFERENCE\ui_sprite_cells\training__field_cm17_01_obj__cells.png,ROM_EXTRACTED_REFERENCE,RAW_UI_CELL_BUNDLE_TRAINING_FIELD_CM17_01_OBJ_NCER,NDS_2D,DOM_CSS,NEEDS_REBUILD,ORIGINAL_REPLACEMENT_REQUIRED,VERIFIED_CROSSCHECK,ROM_COPYRIGHTED_REFERENCE,true,,,,,,,,,REBUILD,,[],"[""ORIGINAL_VISUAL_REPLACEMENT_REQUIRED""]","Verified bundle with 6 cells; preserve function, rebuild visual language."
art:ui:cell-bundle-training-field-cm18-01-obj:rom-reference,UI,UI_CELL_BUNDLE_REFERENCE,training/field_cm18_01_obj.ncer,YDIJ UI sprite bundle extraction,R:\NEXUS LINK\原作\CLAUDE_CODE_YDIJ_HANDOFF\01_UI_ART_LAYOUT\extracted_reference\YDIJ_UI_REFERENCE\ui_sprite_cells\training__field_cm18_01_obj__cells.png,ROM_EXTRACTED_REFERENCE,RAW_UI_CELL_BUNDLE_TRAINING_FIELD_CM18_01_OBJ_NCER,NDS_2D,DOM_CSS,NEEDS_REBUILD,ORIGINAL_REPLACEMENT_REQUIRED,VERIFIED_CROSSCHECK,ROM_COPYRIGHTED_REFERENCE,true,,,,,,,,,REBUILD,,[],"[""ORIGINAL_VISUAL_REPLACEMENT_REQUIRED""]","Verified bundle with 8 cells; preserve function, rebuild visual language."
art:ui:cell-bundle-training-field-cm19-01-obj:rom-reference,UI,UI_CELL_BUNDLE_REFERENCE,training/field_cm19_01_obj.ncer,YDIJ UI sprite bundle extraction,R:\NEXUS LINK\原作\CLAUDE_CODE_YDIJ_HANDOFF\01_UI_ART_LAYOUT\extracted_reference\YDIJ_UI_REFERENCE\ui_sprite_cells\training__field_cm19_01_obj__cells.png,ROM_EXTRACTED_REFERENCE,RAW_UI_CELL_BUNDLE_TRAINING_FIELD_CM19_01_OBJ_NCER,NDS_2D,DOM_CSS,NEEDS_REBUILD,ORIGINAL_REPLACEMENT_REQUIRED,VERIFIED_CROSSCHECK,ROM_COPYRIGHTED_REFERENCE,true,,,,,,,,,REBUILD,,[],"[""ORIGINAL_VISUAL_REPLACEMENT_REQUIRED""]","Verified bundle with 14 cells; preserve function, rebuild visual language."
art:ui:cell-bundle-training-field-cm20-01-obj:rom-reference,UI,UI_CELL_BUNDLE_REFERENCE,training/field_cm20_01_obj.ncer,YDIJ UI sprite bundle extraction,R:\NEXUS LINK\原作\CLAUDE_CODE_YDIJ_HANDOFF\01_UI_ART_LAYOUT\extracted_reference\YDIJ_UI_REFERENCE\ui_sprite_cells\training__field_cm20_01_obj__cells.png,ROM_EXTRACTED_REFERENCE,RAW_UI_CELL_BUNDLE_TRAINING_FIELD_CM20_01_OBJ_NCER,NDS_2D,DOM_CSS,NEEDS_REBUILD,ORIGINAL_REPLACEMENT_REQUIRED,VERIFIED_CROSSCHECK,ROM_COPYRIGHTED_REFERENCE,true,,,,,,,,,REBUILD,,[],"[""ORIGINAL_VISUAL_REPLACEMENT_REQUIRED""]","Verified bundle with 2 cells; preserve function, rebuild visual language."
art:ui:cell-bundle-training-field-cm21-01-obj:rom-reference,UI,UI_CELL_BUNDLE_REFERENCE,training/field_cm21_01_obj.ncer,YDIJ UI sprite bundle extraction,R:\NEXUS LINK\原作\CLAUDE_CODE_YDIJ_HANDOFF\01_UI_ART_LAYOUT\extracted_reference\YDIJ_UI_REFERENCE\ui_sprite_cells\training__field_cm21_01_obj__cells.png,ROM_EXTRACTED_REFERENCE,RAW_UI_CELL_BUNDLE_TRAINING_FIELD_CM21_01_OBJ_NCER,NDS_2D,DOM_CSS,NEEDS_REBUILD,ORIGINAL_REPLACEMENT_REQUIRED,VERIFIED_CROSSCHECK,ROM_COPYRIGHTED_REFERENCE,true,,,,,,,,,REBUILD,,[],"[""ORIGINAL_VISUAL_REPLACEMENT_REQUIRED""]","Verified bundle with 2 cells; preserve function, rebuild visual language."
art:ui:cell-bundle-training-field-cm22-01-obj:rom-reference,UI,UI_CELL_BUNDLE_REFERENCE,training/field_cm22_01_obj.ncer,YDIJ UI sprite bundle extraction,R:\NEXUS LINK\原作\CLAUDE_CODE_YDIJ_HANDOFF\01_UI_ART_LAYOUT\extracted_reference\YDIJ_UI_REFERENCE\ui_sprite_cells\training__field_cm22_01_obj__cells.png,ROM_EXTRACTED_REFERENCE,RAW_UI_CELL_BUNDLE_TRAINING_FIELD_CM22_01_OBJ_NCER,NDS_2D,DOM_CSS,NEEDS_REBUILD,ORIGINAL_REPLACEMENT_REQUIRED,VERIFIED_CROSSCHECK,ROM_COPYRIGHTED_REFERENCE,true,,,,,,,,,REBUILD,,[],"[""ORIGINAL_VISUAL_REPLACEMENT_REQUIRED""]","Verified bundle with 9 cells; preserve function, rebuild visual language."
art:ui:cell-bundle-training-field-cm23-01-obj:rom-reference,UI,UI_CELL_BUNDLE_REFERENCE,training/field_cm23_01_obj.ncer,YDIJ UI sprite bundle extraction,R:\NEXUS LINK\原作\CLAUDE_CODE_YDIJ_HANDOFF\01_UI_ART_LAYOUT\extracted_reference\YDIJ_UI_REFERENCE\ui_sprite_cells\training__field_cm23_01_obj__cells.png,ROM_EXTRACTED_REFERENCE,RAW_UI_CELL_BUNDLE_TRAINING_FIELD_CM23_01_OBJ_NCER,NDS_2D,DOM_CSS,NEEDS_REBUILD,ORIGINAL_REPLACEMENT_REQUIRED,VERIFIED_CROSSCHECK,ROM_COPYRIGHTED_REFERENCE,true,,,,,,,,,REBUILD,,[],"[""ORIGINAL_VISUAL_REPLACEMENT_REQUIRED""]","Verified bundle with 12 cells; preserve function, rebuild visual language."
art:ui:cell-bundle-training-field-cm24-01-obj:rom-reference,UI,UI_CELL_BUNDLE_REFERENCE,training/field_cm24_01_obj.ncer,YDIJ UI sprite bundle extraction,R:\NEXUS LINK\原作\CLAUDE_CODE_YDIJ_HANDOFF\01_UI_ART_LAYOUT\extracted_reference\YDIJ_UI_REFERENCE\ui_sprite_cells\training__field_cm24_01_obj__cells.png,ROM_EXTRACTED_REFERENCE,RAW_UI_CELL_BUNDLE_TRAINING_FIELD_CM24_01_OBJ_NCER,NDS_2D,DOM_CSS,NEEDS_REBUILD,ORIGINAL_REPLACEMENT_REQUIRED,VERIFIED_CROSSCHECK,ROM_COPYRIGHTED_REFERENCE,true,,,,,,,,,REBUILD,,[],"[""ORIGINAL_VISUAL_REPLACEMENT_REQUIRED""]","Verified bundle with 6 cells; preserve function, rebuild visual language."
art:ui:cell-bundle-training-field-cm25-01-obj:rom-reference,UI,UI_CELL_BUNDLE_REFERENCE,training/field_cm25_01_obj.ncer,YDIJ UI sprite bundle extraction,R:\NEXUS LINK\原作\CLAUDE_CODE_YDIJ_HANDOFF\01_UI_ART_LAYOUT\extracted_reference\YDIJ_UI_REFERENCE\ui_sprite_cells\training__field_cm25_01_obj__cells.png,ROM_EXTRACTED_REFERENCE,RAW_UI_CELL_BUNDLE_TRAINING_FIELD_CM25_01_OBJ_NCER,NDS_2D,DOM_CSS,NEEDS_REBUILD,ORIGINAL_REPLACEMENT_REQUIRED,VERIFIED_CROSSCHECK,ROM_COPYRIGHTED_REFERENCE,true,,,,,,,,,REBUILD,,[],"[""ORIGINAL_VISUAL_REPLACEMENT_REQUIRED""]","Verified bundle with 19 cells; preserve function, rebuild visual language."
art:ui:cell-bundle-training-field-cm26-01-obj:rom-reference,UI,UI_CELL_BUNDLE_REFERENCE,training/field_cm26_01_obj.ncer,YDIJ UI sprite bundle extraction,R:\NEXUS LINK\原作\CLAUDE_CODE_YDIJ_HANDOFF\01_UI_ART_LAYOUT\extracted_reference\YDIJ_UI_REFERENCE\ui_sprite_cells\training__field_cm26_01_obj__cells.png,ROM_EXTRACTED_REFERENCE,RAW_UI_CELL_BUNDLE_TRAINING_FIELD_CM26_01_OBJ_NCER,NDS_2D,DOM_CSS,NEEDS_REBUILD,ORIGINAL_REPLACEMENT_REQUIRED,VERIFIED_CROSSCHECK,ROM_COPYRIGHTED_REFERENCE,true,,,,,,,,,REBUILD,,[],"[""ORIGINAL_VISUAL_REPLACEMENT_REQUIRED""]","Verified bundle with 6 cells; preserve function, rebuild visual language."
art:ui:cell-bundle-training-field-cm27-01-obj:rom-reference,UI,UI_CELL_BUNDLE_REFERENCE,training/field_cm27_01_obj.ncer,YDIJ UI sprite bundle extraction,R:\NEXUS LINK\原作\CLAUDE_CODE_YDIJ_HANDOFF\01_UI_ART_LAYOUT\extracted_reference\YDIJ_UI_REFERENCE\ui_sprite_cells\training__field_cm27_01_obj__cells.png,ROM_EXTRACTED_REFERENCE,RAW_UI_CELL_BUNDLE_TRAINING_FIELD_CM27_01_OBJ_NCER,NDS_2D,DOM_CSS,NEEDS_REBUILD,ORIGINAL_REPLACEMENT_REQUIRED,VERIFIED_CROSSCHECK,ROM_COPYRIGHTED_REFERENCE,true,,,,,,,,,REBUILD,,[],"[""ORIGINAL_VISUAL_REPLACEMENT_REQUIRED""]","Verified bundle with 7 cells; preserve function, rebuild visual language."
art:ui:cell-bundle-training-field-cm30-01-obj:rom-reference,UI,UI_CELL_BUNDLE_REFERENCE,training/field_cm30_01_obj.ncer,YDIJ UI sprite bundle extraction,R:\NEXUS LINK\原作\CLAUDE_CODE_YDIJ_HANDOFF\01_UI_ART_LAYOUT\extracted_reference\YDIJ_UI_REFERENCE\ui_sprite_cells\training__field_cm30_01_obj__cells.png,ROM_EXTRACTED_REFERENCE,RAW_UI_CELL_BUNDLE_TRAINING_FIELD_CM30_01_OBJ_NCER,NDS_2D,DOM_CSS,NEEDS_REBUILD,ORIGINAL_REPLACEMENT_REQUIRED,VERIFIED_CROSSCHECK,ROM_COPYRIGHTED_REFERENCE,true,,,,,,,,,REBUILD,,[],"[""ORIGINAL_VISUAL_REPLACEMENT_REQUIRED""]","Verified bundle with 5 cells; preserve function, rebuild visual language."
art:ui:cell-bundle-training-field-cm31-01-obj:rom-reference,UI,UI_CELL_BUNDLE_REFERENCE,training/field_cm31_01_obj.ncer,YDIJ UI sprite bundle extraction,R:\NEXUS LINK\原作\CLAUDE_CODE_YDIJ_HANDOFF\01_UI_ART_LAYOUT\extracted_reference\YDIJ_UI_REFERENCE\ui_sprite_cells\training__field_cm31_01_obj__cells.png,ROM_EXTRACTED_REFERENCE,RAW_UI_CELL_BUNDLE_TRAINING_FIELD_CM31_01_OBJ_NCER,NDS_2D,DOM_CSS,NEEDS_REBUILD,ORIGINAL_REPLACEMENT_REQUIRED,VERIFIED_CROSSCHECK,ROM_COPYRIGHTED_REFERENCE,true,,,,,,,,,REBUILD,,[],"[""ORIGINAL_VISUAL_REPLACEMENT_REQUIRED""]","Verified bundle with 8 cells; preserve function, rebuild visual language."
art:ui:cell-bundle-training-field-cm32-01-obj:rom-reference,UI,UI_CELL_BUNDLE_REFERENCE,training/field_cm32_01_obj.ncer,YDIJ UI sprite bundle extraction,R:\NEXUS LINK\原作\CLAUDE_CODE_YDIJ_HANDOFF\01_UI_ART_LAYOUT\extracted_reference\YDIJ_UI_REFERENCE\ui_sprite_cells\training__field_cm32_01_obj__cells.png,ROM_EXTRACTED_REFERENCE,RAW_UI_CELL_BUNDLE_TRAINING_FIELD_CM32_01_OBJ_NCER,NDS_2D,DOM_CSS,NEEDS_REBUILD,ORIGINAL_REPLACEMENT_REQUIRED,VERIFIED_CROSSCHECK,ROM_COPYRIGHTED_REFERENCE,true,,,,,,,,,REBUILD,,[],"[""ORIGINAL_VISUAL_REPLACEMENT_REQUIRED""]","Verified bundle with 4 cells; preserve function, rebuild visual language."
art:ui:cell-bundle-training-field-cm33-01-obj:rom-reference,UI,UI_CELL_BUNDLE_REFERENCE,training/field_cm33_01_obj.ncer,YDIJ UI sprite bundle extraction,R:\NEXUS LINK\原作\CLAUDE_CODE_YDIJ_HANDOFF\01_UI_ART_LAYOUT\extracted_reference\YDIJ_UI_REFERENCE\ui_sprite_cells\training__field_cm33_01_obj__cells.png,ROM_EXTRACTED_REFERENCE,RAW_UI_CELL_BUNDLE_TRAINING_FIELD_CM33_01_OBJ_NCER,NDS_2D,DOM_CSS,NEEDS_REBUILD,ORIGINAL_REPLACEMENT_REQUIRED,VERIFIED_CROSSCHECK,ROM_COPYRIGHTED_REFERENCE,true,,,,,,,,,REBUILD,,[],"[""ORIGINAL_VISUAL_REPLACEMENT_REQUIRED""]","Verified bundle with 2 cells; preserve function, rebuild visual language."
art:ui:cell-bundle-training-field-cm34-01-obj:rom-reference,UI,UI_CELL_BUNDLE_REFERENCE,training/field_cm34_01_obj.ncer,YDIJ UI sprite bundle extraction,R:\NEXUS LINK\原作\CLAUDE_CODE_YDIJ_HANDOFF\01_UI_ART_LAYOUT\extracted_reference\YDIJ_UI_REFERENCE\ui_sprite_cells\training__field_cm34_01_obj__cells.png,ROM_EXTRACTED_REFERENCE,RAW_UI_CELL_BUNDLE_TRAINING_FIELD_CM34_01_OBJ_NCER,NDS_2D,DOM_CSS,NEEDS_REBUILD,ORIGINAL_REPLACEMENT_REQUIRED,VERIFIED_CROSSCHECK,ROM_COPYRIGHTED_REFERENCE,true,,,,,,,,,REBUILD,,[],"[""ORIGINAL_VISUAL_REPLACEMENT_REQUIRED""]","Verified bundle with 4 cells; preserve function, rebuild visual language."
art:ui:cell-bundle-training-field-cm35-01-obj:rom-reference,UI,UI_CELL_BUNDLE_REFERENCE,training/field_cm35_01_obj.ncer,YDIJ UI sprite bundle extraction,R:\NEXUS LINK\原作\CLAUDE_CODE_YDIJ_HANDOFF\01_UI_ART_LAYOUT\extracted_reference\YDIJ_UI_REFERENCE\ui_sprite_cells\training__field_cm35_01_obj__cells.png,ROM_EXTRACTED_REFERENCE,RAW_UI_CELL_BUNDLE_TRAINING_FIELD_CM35_01_OBJ_NCER,NDS_2D,DOM_CSS,NEEDS_REBUILD,ORIGINAL_REPLACEMENT_REQUIRED,VERIFIED_CROSSCHECK,ROM_COPYRIGHTED_REFERENCE,true,,,,,,,,,REBUILD,,[],"[""ORIGINAL_VISUAL_REPLACEMENT_REQUIRED""]","Verified bundle with 2 cells; preserve function, rebuild visual language."
art:ui:cell-bundle-training-field-cm36-01-obj:rom-reference,UI,UI_CELL_BUNDLE_REFERENCE,training/field_cm36_01_obj.ncer,YDIJ UI sprite bundle extraction,R:\NEXUS LINK\原作\CLAUDE_CODE_YDIJ_HANDOFF\01_UI_ART_LAYOUT\extracted_reference\YDIJ_UI_REFERENCE\ui_sprite_cells\training__field_cm36_01_obj__cells.png,ROM_EXTRACTED_REFERENCE,RAW_UI_CELL_BUNDLE_TRAINING_FIELD_CM36_01_OBJ_NCER,NDS_2D,DOM_CSS,NEEDS_REBUILD,ORIGINAL_REPLACEMENT_REQUIRED,VERIFIED_CROSSCHECK,ROM_COPYRIGHTED_REFERENCE,true,,,,,,,,,REBUILD,,[],"[""ORIGINAL_VISUAL_REPLACEMENT_REQUIRED""]","Verified bundle with 2 cells; preserve function, rebuild visual language."
art:ui:cell-bundle-training-field-cm37-01-obj:rom-reference,UI,UI_CELL_BUNDLE_REFERENCE,training/field_cm37_01_obj.ncer,YDIJ UI sprite bundle extraction,R:\NEXUS LINK\原作\CLAUDE_CODE_YDIJ_HANDOFF\01_UI_ART_LAYOUT\extracted_reference\YDIJ_UI_REFERENCE\ui_sprite_cells\training__field_cm37_01_obj__cells.png,ROM_EXTRACTED_REFERENCE,RAW_UI_CELL_BUNDLE_TRAINING_FIELD_CM37_01_OBJ_NCER,NDS_2D,DOM_CSS,NEEDS_REBUILD,ORIGINAL_REPLACEMENT_REQUIRED,VERIFIED_CROSSCHECK,ROM_COPYRIGHTED_REFERENCE,true,,,,,,,,,REBUILD,,[],"[""ORIGINAL_VISUAL_REPLACEMENT_REQUIRED""]","Verified bundle with 5 cells; preserve function, rebuild visual language."
art:ui:cell-bundle-training-field-cm38-01-obj:rom-reference,UI,UI_CELL_BUNDLE_REFERENCE,training/field_cm38_01_obj.ncer,YDIJ UI sprite bundle extraction,R:\NEXUS LINK\原作\CLAUDE_CODE_YDIJ_HANDOFF\01_UI_ART_LAYOUT\extracted_reference\YDIJ_UI_REFERENCE\ui_sprite_cells\training__field_cm38_01_obj__cells.png,ROM_EXTRACTED_REFERENCE,RAW_UI_CELL_BUNDLE_TRAINING_FIELD_CM38_01_OBJ_NCER,NDS_2D,DOM_CSS,NEEDS_REBUILD,ORIGINAL_REPLACEMENT_REQUIRED,VERIFIED_CROSSCHECK,ROM_COPYRIGHTED_REFERENCE,true,,,,,,,,,REBUILD,,[],"[""ORIGINAL_VISUAL_REPLACEMENT_REQUIRED""]","Verified bundle with 16 cells; preserve function, rebuild visual language."
art:ui:cell-bundle-training-field-cm39-01-obj:rom-reference,UI,UI_CELL_BUNDLE_REFERENCE,training/field_cm39_01_obj.ncer,YDIJ UI sprite bundle extraction,R:\NEXUS LINK\原作\CLAUDE_CODE_YDIJ_HANDOFF\01_UI_ART_LAYOUT\extracted_reference\YDIJ_UI_REFERENCE\ui_sprite_cells\training__field_cm39_01_obj__cells.png,ROM_EXTRACTED_REFERENCE,RAW_UI_CELL_BUNDLE_TRAINING_FIELD_CM39_01_OBJ_NCER,NDS_2D,DOM_CSS,NEEDS_REBUILD,ORIGINAL_REPLACEMENT_REQUIRED,VERIFIED_CROSSCHECK,ROM_COPYRIGHTED_REFERENCE,true,,,,,,,,,REBUILD,,[],"[""ORIGINAL_VISUAL_REPLACEMENT_REQUIRED""]","Verified bundle with 2 cells; preserve function, rebuild visual language."
art:ui:cell-bundle-training-field-cm40-01-obj:rom-reference,UI,UI_CELL_BUNDLE_REFERENCE,training/field_cm40_01_obj.ncer,YDIJ UI sprite bundle extraction,R:\NEXUS LINK\原作\CLAUDE_CODE_YDIJ_HANDOFF\01_UI_ART_LAYOUT\extracted_reference\YDIJ_UI_REFERENCE\ui_sprite_cells\training__field_cm40_01_obj__cells.png,ROM_EXTRACTED_REFERENCE,RAW_UI_CELL_BUNDLE_TRAINING_FIELD_CM40_01_OBJ_NCER,NDS_2D,DOM_CSS,NEEDS_REBUILD,ORIGINAL_REPLACEMENT_REQUIRED,VERIFIED_CROSSCHECK,ROM_COPYRIGHTED_REFERENCE,true,,,,,,,,,REBUILD,,[],"[""ORIGINAL_VISUAL_REPLACEMENT_REQUIRED""]","Verified bundle with 2 cells; preserve function, rebuild visual language."
art:ui:cell-bundle-training-obj-training-sub:rom-reference,UI,UI_CELL_BUNDLE_REFERENCE,training/obj_training_sub.ncer,YDIJ UI sprite bundle extraction,R:\NEXUS LINK\原作\CLAUDE_CODE_YDIJ_HANDOFF\01_UI_ART_LAYOUT\extracted_reference\YDIJ_UI_REFERENCE\ui_sprite_cells\training__obj_training_sub__cells.png,ROM_EXTRACTED_REFERENCE,RAW_UI_CELL_BUNDLE_TRAINING_OBJ_TRAINING_SUB_NCER,NDS_2D,DOM_CSS,NEEDS_REBUILD,ORIGINAL_REPLACEMENT_REQUIRED,VERIFIED_CROSSCHECK,ROM_COPYRIGHTED_REFERENCE,true,,,,,,,,,REBUILD,,[],"[""ORIGINAL_VISUAL_REPLACEMENT_REQUIRED""]","Verified bundle with 13 cells; preserve function, rebuild visual language."
art:ui:cell-bundle-training-schedule-obj-main:rom-reference,UI,UI_CELL_BUNDLE_REFERENCE,training/schedule_obj_main.ncer,YDIJ UI sprite bundle extraction,R:\NEXUS LINK\原作\CLAUDE_CODE_YDIJ_HANDOFF\01_UI_ART_LAYOUT\extracted_reference\YDIJ_UI_REFERENCE\ui_sprite_cells\training__schedule_obj_main__cells.png,ROM_EXTRACTED_REFERENCE,RAW_UI_CELL_BUNDLE_TRAINING_SCHEDULE_OBJ_MAIN_NCER,NDS_2D,DOM_CSS,NEEDS_REBUILD,ORIGINAL_REPLACEMENT_REQUIRED,VERIFIED_CROSSCHECK,ROM_COPYRIGHTED_REFERENCE,true,,,,,,,,,REBUILD,,[],"[""ORIGINAL_VISUAL_REPLACEMENT_REQUIRED""]","Verified bundle with 32 cells; preserve function, rebuild visual language."
art:ui:cell-bundle-training-training-main:rom-reference,UI,UI_CELL_BUNDLE_REFERENCE,training/training_main.ncer,YDIJ UI sprite bundle extraction,R:\NEXUS LINK\原作\CLAUDE_CODE_YDIJ_HANDOFF\01_UI_ART_LAYOUT\extracted_reference\YDIJ_UI_REFERENCE\ui_sprite_cells\training__training_main__cells.png,ROM_EXTRACTED_REFERENCE,RAW_UI_CELL_BUNDLE_TRAINING_TRAINING_MAIN_NCER,NDS_2D,DOM_CSS,NEEDS_REBUILD,ORIGINAL_REPLACEMENT_REQUIRED,VERIFIED_CROSSCHECK,ROM_COPYRIGHTED_REFERENCE,true,,,,,,,,,REBUILD,,[],"[""ORIGINAL_VISUAL_REPLACEMENT_REQUIRED""]","Verified bundle with 17 cells; preserve function, rebuild visual language."
art:ui:cell-bundle-training-training-sub:rom-reference,UI,UI_CELL_BUNDLE_REFERENCE,training/training_sub.ncer,YDIJ UI sprite bundle extraction,R:\NEXUS LINK\原作\CLAUDE_CODE_YDIJ_HANDOFF\01_UI_ART_LAYOUT\extracted_reference\YDIJ_UI_REFERENCE\ui_sprite_cells\training__training_sub__cells.png,ROM_EXTRACTED_REFERENCE,RAW_UI_CELL_BUNDLE_TRAINING_TRAINING_SUB_NCER,NDS_2D,DOM_CSS,NEEDS_REBUILD,ORIGINAL_REPLACEMENT_REQUIRED,VERIFIED_CROSSCHECK,ROM_COPYRIGHTED_REFERENCE,true,,,,,,,,,REBUILD,,[],"[""ORIGINAL_VISUAL_REPLACEMENT_REQUIRED""]","Verified bundle with 44 cells; preserve function, rebuild visual language."
art:ui:cell-bundle-ui-battle-title-champion-main:rom-reference,UI,UI_CELL_BUNDLE_REFERENCE,ui/battle_title_champion_main.ncer,YDIJ UI sprite bundle extraction,R:\NEXUS LINK\原作\CLAUDE_CODE_YDIJ_HANDOFF\01_UI_ART_LAYOUT\extracted_reference\YDIJ_UI_REFERENCE\ui_sprite_cells\ui__battle_title_champion_main__cells.png,ROM_EXTRACTED_REFERENCE,RAW_UI_CELL_BUNDLE_UI_BATTLE_TITLE_CHAMPION_MAIN_NCER,NDS_2D,DOM_CSS,NEEDS_REBUILD,ORIGINAL_REPLACEMENT_REQUIRED,VERIFIED_CROSSCHECK,ROM_COPYRIGHTED_REFERENCE,true,,,,,,,,,REBUILD,,[],"[""ORIGINAL_VISUAL_REPLACEMENT_REQUIRED""]","Verified bundle with 8 cells; preserve function, rebuild visual language."
art:ui:cell-bundle-ui-battle-title-champion-sub:rom-reference,UI,UI_CELL_BUNDLE_REFERENCE,ui/battle_title_champion_sub.ncer,YDIJ UI sprite bundle extraction,R:\NEXUS LINK\原作\CLAUDE_CODE_YDIJ_HANDOFF\01_UI_ART_LAYOUT\extracted_reference\YDIJ_UI_REFERENCE\ui_sprite_cells\ui__battle_title_champion_sub__cells.png,ROM_EXTRACTED_REFERENCE,RAW_UI_CELL_BUNDLE_UI_BATTLE_TITLE_CHAMPION_SUB_NCER,NDS_2D,DOM_CSS,NEEDS_REBUILD,ORIGINAL_REPLACEMENT_REQUIRED,VERIFIED_CROSSCHECK,ROM_COPYRIGHTED_REFERENCE,true,,,,,,,,,REBUILD,,[],"[""ORIGINAL_VISUAL_REPLACEMENT_REQUIRED""]","Verified bundle with 8 cells; preserve function, rebuild visual language."
art:ui:cell-bundle-ui-battle-title-obj-main:rom-reference,UI,UI_CELL_BUNDLE_REFERENCE,ui/battle_title_obj_main.ncer,YDIJ UI sprite bundle extraction,R:\NEXUS LINK\原作\CLAUDE_CODE_YDIJ_HANDOFF\01_UI_ART_LAYOUT\extracted_reference\YDIJ_UI_REFERENCE\ui_sprite_cells\ui__battle_title_obj_main__cells.png,ROM_EXTRACTED_REFERENCE,RAW_UI_CELL_BUNDLE_UI_BATTLE_TITLE_OBJ_MAIN_NCER,NDS_2D,DOM_CSS,NEEDS_REBUILD,ORIGINAL_REPLACEMENT_REQUIRED,VERIFIED_CROSSCHECK,ROM_COPYRIGHTED_REFERENCE,true,,,,,,,,,REBUILD,,[],"[""ORIGINAL_VISUAL_REPLACEMENT_REQUIRED""]","Verified bundle with 82 cells; preserve function, rebuild visual language."
art:ui:cell-bundle-ui-battle-title-obj-sub:rom-reference,UI,UI_CELL_BUNDLE_REFERENCE,ui/battle_title_obj_sub.ncer,YDIJ UI sprite bundle extraction,R:\NEXUS LINK\原作\CLAUDE_CODE_YDIJ_HANDOFF\01_UI_ART_LAYOUT\extracted_reference\YDIJ_UI_REFERENCE\ui_sprite_cells\ui__battle_title_obj_sub__cells.png,ROM_EXTRACTED_REFERENCE,RAW_UI_CELL_BUNDLE_UI_BATTLE_TITLE_OBJ_SUB_NCER,NDS_2D,DOM_CSS,NEEDS_REBUILD,ORIGINAL_REPLACEMENT_REQUIRED,VERIFIED_CROSSCHECK,ROM_COPYRIGHTED_REFERENCE,true,,,,,,,,,REBUILD,,[],"[""ORIGINAL_VISUAL_REPLACEMENT_REQUIRED""]","Verified bundle with 82 cells; preserve function, rebuild visual language."
art:ui:cell-bundle-ui-button-text:rom-reference,UI,UI_CELL_BUNDLE_REFERENCE,ui/button_text.ncer,YDIJ UI sprite bundle extraction,R:\NEXUS LINK\原作\CLAUDE_CODE_YDIJ_HANDOFF\01_UI_ART_LAYOUT\extracted_reference\YDIJ_UI_REFERENCE\ui_sprite_cells\ui__button_text__cells.png,ROM_EXTRACTED_REFERENCE,RAW_UI_CELL_BUNDLE_UI_BUTTON_TEXT_NCER,NDS_2D,DOM_CSS,NEEDS_REBUILD,ORIGINAL_REPLACEMENT_REQUIRED,VERIFIED_CROSSCHECK,ROM_COPYRIGHTED_REFERENCE,true,,,,,,,,,REBUILD,,[],"[""ORIGINAL_VISUAL_REPLACEMENT_REQUIRED""]","Verified bundle with 20 cells; preserve function, rebuild visual language."
art:ui:cell-bundle-ui-cage-shop-icon-main:rom-reference,UI,UI_CELL_BUNDLE_REFERENCE,ui/cage_shop_icon_main.ncer,YDIJ UI sprite bundle extraction,R:\NEXUS LINK\原作\CLAUDE_CODE_YDIJ_HANDOFF\01_UI_ART_LAYOUT\extracted_reference\YDIJ_UI_REFERENCE\ui_sprite_cells\ui__cage_shop_icon_main__cells.png,ROM_EXTRACTED_REFERENCE,RAW_UI_CELL_BUNDLE_UI_CAGE_SHOP_ICON_MAIN_NCER,NDS_2D,DOM_CSS,NEEDS_REBUILD,ORIGINAL_REPLACEMENT_REQUIRED,VERIFIED_CROSSCHECK,ROM_COPYRIGHTED_REFERENCE,true,,,,,,,,,REBUILD,,[],"[""ORIGINAL_VISUAL_REPLACEMENT_REQUIRED""]","Verified bundle with 36 cells; preserve function, rebuild visual language."
art:ui:cell-bundle-ui-cage-shop-icon-sub:rom-reference,UI,UI_CELL_BUNDLE_REFERENCE,ui/cage_shop_icon_sub.ncer,YDIJ UI sprite bundle extraction,R:\NEXUS LINK\原作\CLAUDE_CODE_YDIJ_HANDOFF\01_UI_ART_LAYOUT\extracted_reference\YDIJ_UI_REFERENCE\ui_sprite_cells\ui__cage_shop_icon_sub__cells.png,ROM_EXTRACTED_REFERENCE,RAW_UI_CELL_BUNDLE_UI_CAGE_SHOP_ICON_SUB_NCER,NDS_2D,DOM_CSS,NEEDS_REBUILD,ORIGINAL_REPLACEMENT_REQUIRED,VERIFIED_CROSSCHECK,ROM_COPYRIGHTED_REFERENCE,true,,,,,,,,,REBUILD,,[],"[""ORIGINAL_VISUAL_REPLACEMENT_REQUIRED""]","Verified bundle with 36 cells; preserve function, rebuild visual language."
art:ui:cell-bundle-ui-graph-all-main:rom-reference,UI,UI_CELL_BUNDLE_REFERENCE,ui/graph_all_main.ncer,YDIJ UI sprite bundle extraction,R:\NEXUS LINK\原作\CLAUDE_CODE_YDIJ_HANDOFF\01_UI_ART_LAYOUT\extracted_reference\YDIJ_UI_REFERENCE\ui_sprite_cells\ui__graph_all_main__cells.png,ROM_EXTRACTED_REFERENCE,RAW_UI_CELL_BUNDLE_UI_GRAPH_ALL_MAIN_NCER,NDS_2D,DOM_CSS,NEEDS_REBUILD,ORIGINAL_REPLACEMENT_REQUIRED,VERIFIED_CROSSCHECK,ROM_COPYRIGHTED_REFERENCE,true,,,,,,,,,REBUILD,,[],"[""ORIGINAL_VISUAL_REPLACEMENT_REQUIRED""]","Verified bundle with 11 cells; preserve function, rebuild visual language."
art:ui:cell-bundle-ui-graph-all-sub:rom-reference,UI,UI_CELL_BUNDLE_REFERENCE,ui/graph_all_sub.ncer,YDIJ UI sprite bundle extraction,R:\NEXUS LINK\原作\CLAUDE_CODE_YDIJ_HANDOFF\01_UI_ART_LAYOUT\extracted_reference\YDIJ_UI_REFERENCE\ui_sprite_cells\ui__graph_all_sub__cells.png,ROM_EXTRACTED_REFERENCE,RAW_UI_CELL_BUNDLE_UI_GRAPH_ALL_SUB_NCER,NDS_2D,DOM_CSS,NEEDS_REBUILD,ORIGINAL_REPLACEMENT_REQUIRED,VERIFIED_CROSSCHECK,ROM_COPYRIGHTED_REFERENCE,true,,,,,,,,,REBUILD,,[],"[""ORIGINAL_VISUAL_REPLACEMENT_REQUIRED""]","Verified bundle with 11 cells; preserve function, rebuild visual language."
art:ui:cell-bundle-ui-hunt-hunting-hunting-obj-main:rom-reference,UI,UI_CELL_BUNDLE_REFERENCE,ui/hunt/hunting/hunting_obj_main.ncer,YDIJ UI sprite bundle extraction,R:\NEXUS LINK\原作\CLAUDE_CODE_YDIJ_HANDOFF\01_UI_ART_LAYOUT\extracted_reference\YDIJ_UI_REFERENCE\ui_sprite_cells\ui__hunt__hunting__hunting_obj_main__cells.png,ROM_EXTRACTED_REFERENCE,RAW_UI_CELL_BUNDLE_UI_HUNT_HUNTING_HUNTING_OBJ_MAIN_NCER,NDS_2D,DOM_CSS,NEEDS_REBUILD,ORIGINAL_REPLACEMENT_REQUIRED,VERIFIED_CROSSCHECK,ROM_COPYRIGHTED_REFERENCE,true,,,,,,,,,REBUILD,,[],"[""ORIGINAL_VISUAL_REPLACEMENT_REQUIRED""]","Verified bundle with 5 cells; preserve function, rebuild visual language."
art:ui:cell-bundle-ui-hunt-hunting-hunting-obj-sub:rom-reference,UI,UI_CELL_BUNDLE_REFERENCE,ui/hunt/hunting/hunting_obj_sub.ncer,YDIJ UI sprite bundle extraction,R:\NEXUS LINK\原作\CLAUDE_CODE_YDIJ_HANDOFF\01_UI_ART_LAYOUT\extracted_reference\YDIJ_UI_REFERENCE\ui_sprite_cells\ui__hunt__hunting__hunting_obj_sub__cells.png,ROM_EXTRACTED_REFERENCE,RAW_UI_CELL_BUNDLE_UI_HUNT_HUNTING_HUNTING_OBJ_SUB_NCER,NDS_2D,DOM_CSS,NEEDS_REBUILD,ORIGINAL_REPLACEMENT_REQUIRED,VERIFIED_CROSSCHECK,ROM_COPYRIGHTED_REFERENCE,true,,,,,,,,,REBUILD,,[],"[""ORIGINAL_VISUAL_REPLACEMENT_REQUIRED""]","Verified bundle with 28 cells; preserve function, rebuild visual language."
art:ui:cell-bundle-ui-hunt-hunting-memory-card-plate:rom-reference,UI,UI_CELL_BUNDLE_REFERENCE,ui/hunt/hunting/memory_card_plate.ncer,YDIJ UI sprite bundle extraction,R:\NEXUS LINK\原作\CLAUDE_CODE_YDIJ_HANDOFF\01_UI_ART_LAYOUT\extracted_reference\YDIJ_UI_REFERENCE\ui_sprite_cells\ui__hunt__hunting__memory_card_plate__cells.png,ROM_EXTRACTED_REFERENCE,RAW_UI_CELL_BUNDLE_UI_HUNT_HUNTING_MEMORY_CARD_PLATE_NCER,NDS_2D,DOM_CSS,NEEDS_REBUILD,ORIGINAL_REPLACEMENT_REQUIRED,VERIFIED_CROSSCHECK,ROM_COPYRIGHTED_REFERENCE,true,,,,,,,,,REBUILD,,[],"[""ORIGINAL_VISUAL_REPLACEMENT_REQUIRED""]","Verified bundle with 9 cells; preserve function, rebuild visual language."
art:ui:cell-bundle-ui-hunt-result-bg-memory-card-wind-obj:rom-reference,UI,UI_CELL_BUNDLE_REFERENCE,ui/hunt/result/bg_memory_card_wind_obj.ncer,YDIJ UI sprite bundle extraction,R:\NEXUS LINK\原作\CLAUDE_CODE_YDIJ_HANDOFF\01_UI_ART_LAYOUT\extracted_reference\YDIJ_UI_REFERENCE\ui_sprite_cells\ui__hunt__result__bg_memory_card_wind_obj__cells.png,ROM_EXTRACTED_REFERENCE,RAW_UI_CELL_BUNDLE_UI_HUNT_RESULT_BG_MEMORY_CARD_WIND_OBJ_NCER,NDS_2D,DOM_CSS,NEEDS_REBUILD,ORIGINAL_REPLACEMENT_REQUIRED,VERIFIED_CROSSCHECK,ROM_COPYRIGHTED_REFERENCE,true,,,,,,,,,REBUILD,,[],"[""ORIGINAL_VISUAL_REPLACEMENT_REQUIRED""]","Verified bundle with 2 cells; preserve function, rebuild visual language."
art:ui:cell-bundle-ui-hunt-result-hunt-result-obj-main:rom-reference,UI,UI_CELL_BUNDLE_REFERENCE,ui/hunt/result/hunt_result_obj_main.ncer,YDIJ UI sprite bundle extraction,R:\NEXUS LINK\原作\CLAUDE_CODE_YDIJ_HANDOFF\01_UI_ART_LAYOUT\extracted_reference\YDIJ_UI_REFERENCE\ui_sprite_cells\ui__hunt__result__hunt_result_obj_main__cells.png,ROM_EXTRACTED_REFERENCE,RAW_UI_CELL_BUNDLE_UI_HUNT_RESULT_HUNT_RESULT_OBJ_MAIN_NCER,NDS_2D,DOM_CSS,NEEDS_REBUILD,ORIGINAL_REPLACEMENT_REQUIRED,VERIFIED_CROSSCHECK,ROM_COPYRIGHTED_REFERENCE,true,,,,,,,,,REBUILD,,[],"[""ORIGINAL_VISUAL_REPLACEMENT_REQUIRED""]","Verified bundle with 18 cells; preserve function, rebuild visual language."
art:ui:cell-bundle-ui-hunt-result-name-edit:rom-reference,UI,UI_CELL_BUNDLE_REFERENCE,ui/hunt/result/name_edit.ncer,YDIJ UI sprite bundle extraction,R:\NEXUS LINK\原作\CLAUDE_CODE_YDIJ_HANDOFF\01_UI_ART_LAYOUT\extracted_reference\YDIJ_UI_REFERENCE\ui_sprite_cells\ui__hunt__result__name_edit__cells.png,ROM_EXTRACTED_REFERENCE,RAW_UI_CELL_BUNDLE_UI_HUNT_RESULT_NAME_EDIT_NCER,NDS_2D,DOM_CSS,NEEDS_REBUILD,ORIGINAL_REPLACEMENT_REQUIRED,VERIFIED_CROSSCHECK,ROM_COPYRIGHTED_REFERENCE,true,,,,,,,,,REBUILD,,[],"[""ORIGINAL_VISUAL_REPLACEMENT_REQUIRED""]","Verified bundle with 3 cells; preserve function, rebuild visual language."
art:ui:cell-bundle-ui-hunt-set:rom-reference,UI,UI_CELL_BUNDLE_REFERENCE,ui/hunt_set.ncer,YDIJ UI sprite bundle extraction,R:\NEXUS LINK\原作\CLAUDE_CODE_YDIJ_HANDOFF\01_UI_ART_LAYOUT\extracted_reference\YDIJ_UI_REFERENCE\ui_sprite_cells\ui__hunt_set__cells.png,ROM_EXTRACTED_REFERENCE,RAW_UI_CELL_BUNDLE_UI_HUNT_SET_NCER,NDS_2D,DOM_CSS,NEEDS_REBUILD,ORIGINAL_REPLACEMENT_REQUIRED,VERIFIED_CROSSCHECK,ROM_COPYRIGHTED_REFERENCE,true,,,,,,,,,REBUILD,,[],"[""ORIGINAL_VISUAL_REPLACEMENT_REQUIRED""]","Verified bundle with 30 cells; preserve function, rebuild visual language."
art:ui:cell-bundle-ui-hunt-setting-obj-launcher-icon:rom-reference,UI,UI_CELL_BUNDLE_REFERENCE,ui/hunt/setting/obj_Launcher_icon.ncer,YDIJ UI sprite bundle extraction,R:\NEXUS LINK\原作\CLAUDE_CODE_YDIJ_HANDOFF\01_UI_ART_LAYOUT\extracted_reference\YDIJ_UI_REFERENCE\ui_sprite_cells\ui__hunt__setting__obj_Launcher_icon__cells.png,ROM_EXTRACTED_REFERENCE,RAW_UI_CELL_BUNDLE_UI_HUNT_SETTING_OBJ_LAUNCHER_ICON_NCER,NDS_2D,DOM_CSS,NEEDS_REBUILD,ORIGINAL_REPLACEMENT_REQUIRED,VERIFIED_CROSSCHECK,ROM_COPYRIGHTED_REFERENCE,true,,,,,,,,,REBUILD,,[],"[""ORIGINAL_VISUAL_REPLACEMENT_REQUIRED""]","Verified bundle with 4 cells; preserve function, rebuild visual language."
art:ui:cell-bundle-ui-hunt-setting-obj-launcher-wind:rom-reference,UI,UI_CELL_BUNDLE_REFERENCE,ui/hunt/setting/obj_Launcher_wind.ncer,YDIJ UI sprite bundle extraction,R:\NEXUS LINK\原作\CLAUDE_CODE_YDIJ_HANDOFF\01_UI_ART_LAYOUT\extracted_reference\YDIJ_UI_REFERENCE\ui_sprite_cells\ui__hunt__setting__obj_Launcher_wind__cells.png,ROM_EXTRACTED_REFERENCE,RAW_UI_CELL_BUNDLE_UI_HUNT_SETTING_OBJ_LAUNCHER_WIND_NCER,NDS_2D,DOM_CSS,NEEDS_REBUILD,ORIGINAL_REPLACEMENT_REQUIRED,VERIFIED_CROSSCHECK,ROM_COPYRIGHTED_REFERENCE,true,,,,,,,,,REBUILD,,[],"[""ORIGINAL_VISUAL_REPLACEMENT_REQUIRED""]","Verified bundle with 2 cells; preserve function, rebuild visual language."
art:ui:cell-bundle-ui-hunt-setting-setting-menu:rom-reference,UI,UI_CELL_BUNDLE_REFERENCE,ui/hunt/setting/setting_menu.ncer,YDIJ UI sprite bundle extraction,R:\NEXUS LINK\原作\CLAUDE_CODE_YDIJ_HANDOFF\01_UI_ART_LAYOUT\extracted_reference\YDIJ_UI_REFERENCE\ui_sprite_cells\ui__hunt__setting__setting_menu__cells.png,ROM_EXTRACTED_REFERENCE,RAW_UI_CELL_BUNDLE_UI_HUNT_SETTING_SETTING_MENU_NCER,NDS_2D,DOM_CSS,NEEDS_REBUILD,ORIGINAL_REPLACEMENT_REQUIRED,VERIFIED_CROSSCHECK,ROM_COPYRIGHTED_REFERENCE,true,,,,,,,,,REBUILD,,[],"[""ORIGINAL_VISUAL_REPLACEMENT_REQUIRED""]","Verified bundle with 20 cells; preserve function, rebuild visual language."
art:ui:cell-bundle-ui-hunt-setting-setting-obj-main:rom-reference,UI,UI_CELL_BUNDLE_REFERENCE,ui/hunt/setting/setting_obj_main.ncer,YDIJ UI sprite bundle extraction,R:\NEXUS LINK\原作\CLAUDE_CODE_YDIJ_HANDOFF\01_UI_ART_LAYOUT\extracted_reference\YDIJ_UI_REFERENCE\ui_sprite_cells\ui__hunt__setting__setting_obj_main__cells.png,ROM_EXTRACTED_REFERENCE,RAW_UI_CELL_BUNDLE_UI_HUNT_SETTING_SETTING_OBJ_MAIN_NCER,NDS_2D,DOM_CSS,NEEDS_REBUILD,ORIGINAL_REPLACEMENT_REQUIRED,VERIFIED_CROSSCHECK,ROM_COPYRIGHTED_REFERENCE,true,,,,,,,,,REBUILD,,[],"[""ORIGINAL_VISUAL_REPLACEMENT_REQUIRED""]","Verified bundle with 17 cells; preserve function, rebuild visual language."
art:ui:cell-bundle-ui-hunt-setting-setting-obj-plug-main:rom-reference,UI,UI_CELL_BUNDLE_REFERENCE,ui/hunt/setting/setting_obj_plug_main.ncer,YDIJ UI sprite bundle extraction,R:\NEXUS LINK\原作\CLAUDE_CODE_YDIJ_HANDOFF\01_UI_ART_LAYOUT\extracted_reference\YDIJ_UI_REFERENCE\ui_sprite_cells\ui__hunt__setting__setting_obj_plug_main__cells.png,ROM_EXTRACTED_REFERENCE,RAW_UI_CELL_BUNDLE_UI_HUNT_SETTING_SETTING_OBJ_PLUG_MAIN_NCER,NDS_2D,DOM_CSS,NEEDS_REBUILD,ORIGINAL_REPLACEMENT_REQUIRED,VERIFIED_CROSSCHECK,ROM_COPYRIGHTED_REFERENCE,true,,,,,,,,,REBUILD,,[],"[""ORIGINAL_VISUAL_REPLACEMENT_REQUIRED""]","Verified bundle with 5 cells; preserve function, rebuild visual language."
art:ui:cell-bundle-ui-hunt-setting-setting-obj-plug-sub:rom-reference,UI,UI_CELL_BUNDLE_REFERENCE,ui/hunt/setting/setting_obj_plug_sub.ncer,YDIJ UI sprite bundle extraction,R:\NEXUS LINK\原作\CLAUDE_CODE_YDIJ_HANDOFF\01_UI_ART_LAYOUT\extracted_reference\YDIJ_UI_REFERENCE\ui_sprite_cells\ui__hunt__setting__setting_obj_plug_sub__cells.png,ROM_EXTRACTED_REFERENCE,RAW_UI_CELL_BUNDLE_UI_HUNT_SETTING_SETTING_OBJ_PLUG_SUB_NCER,NDS_2D,DOM_CSS,NEEDS_REBUILD,ORIGINAL_REPLACEMENT_REQUIRED,VERIFIED_CROSSCHECK,ROM_COPYRIGHTED_REFERENCE,true,,,,,,,,,REBUILD,,[],"[""ORIGINAL_VISUAL_REPLACEMENT_REQUIRED""]","Verified bundle with 5 cells; preserve function, rebuild visual language."
art:ui:cell-bundle-ui-hunt-setting-setting-obj-sub:rom-reference,UI,UI_CELL_BUNDLE_REFERENCE,ui/hunt/setting/setting_obj_sub.ncer,YDIJ UI sprite bundle extraction,R:\NEXUS LINK\原作\CLAUDE_CODE_YDIJ_HANDOFF\01_UI_ART_LAYOUT\extracted_reference\YDIJ_UI_REFERENCE\ui_sprite_cells\ui__hunt__setting__setting_obj_sub__cells.png,ROM_EXTRACTED_REFERENCE,RAW_UI_CELL_BUNDLE_UI_HUNT_SETTING_SETTING_OBJ_SUB_NCER,NDS_2D,DOM_CSS,NEEDS_REBUILD,ORIGINAL_REPLACEMENT_REQUIRED,VERIFIED_CROSSCHECK,ROM_COPYRIGHTED_REFERENCE,true,,,,,,,,,REBUILD,,[],"[""ORIGINAL_VISUAL_REPLACEMENT_REQUIRED""]","Verified bundle with 11 cells; preserve function, rebuild visual language."
art:ui:cell-bundle-ui-hunt-world-field-image-icon:rom-reference,UI,UI_CELL_BUNDLE_REFERENCE,ui/hunt/world/field_image_icon.ncer,YDIJ UI sprite bundle extraction,R:\NEXUS LINK\原作\CLAUDE_CODE_YDIJ_HANDOFF\01_UI_ART_LAYOUT\extracted_reference\YDIJ_UI_REFERENCE\ui_sprite_cells\ui__hunt__world__field_image_icon__cells.png,ROM_EXTRACTED_REFERENCE,RAW_UI_CELL_BUNDLE_UI_HUNT_WORLD_FIELD_IMAGE_ICON_NCER,NDS_2D,DOM_CSS,NEEDS_REBUILD,ORIGINAL_REPLACEMENT_REQUIRED,VERIFIED_CROSSCHECK,ROM_COPYRIGHTED_REFERENCE,true,,,,,,,,,REBUILD,,[],"[""ORIGINAL_VISUAL_REPLACEMENT_REQUIRED""]","Verified bundle with 16 cells; preserve function, rebuild visual language."
art:ui:cell-bundle-ui-hunt-world-world-obj-main:rom-reference,UI,UI_CELL_BUNDLE_REFERENCE,ui/hunt/world/world_obj_main.ncer,YDIJ UI sprite bundle extraction,R:\NEXUS LINK\原作\CLAUDE_CODE_YDIJ_HANDOFF\01_UI_ART_LAYOUT\extracted_reference\YDIJ_UI_REFERENCE\ui_sprite_cells\ui__hunt__world__world_obj_main__cells.png,ROM_EXTRACTED_REFERENCE,RAW_UI_CELL_BUNDLE_UI_HUNT_WORLD_WORLD_OBJ_MAIN_NCER,NDS_2D,DOM_CSS,NEEDS_REBUILD,ORIGINAL_REPLACEMENT_REQUIRED,VERIFIED_CROSSCHECK,ROM_COPYRIGHTED_REFERENCE,true,,,,,,,,,REBUILD,,[],"[""ORIGINAL_VISUAL_REPLACEMENT_REQUIRED""]","Verified bundle with 19 cells; preserve function, rebuild visual language."
art:ui:cell-bundle-ui-hunt-world-world-obj-sub:rom-reference,UI,UI_CELL_BUNDLE_REFERENCE,ui/hunt/world/world_obj_sub.ncer,YDIJ UI sprite bundle extraction,R:\NEXUS LINK\原作\CLAUDE_CODE_YDIJ_HANDOFF\01_UI_ART_LAYOUT\extracted_reference\YDIJ_UI_REFERENCE\ui_sprite_cells\ui__hunt__world__world_obj_sub__cells.png,ROM_EXTRACTED_REFERENCE,RAW_UI_CELL_BUNDLE_UI_HUNT_WORLD_WORLD_OBJ_SUB_NCER,NDS_2D,DOM_CSS,NEEDS_REBUILD,ORIGINAL_REPLACEMENT_REQUIRED,VERIFIED_CROSSCHECK,ROM_COPYRIGHTED_REFERENCE,true,,,,,,,,,REBUILD,,[],"[""ORIGINAL_VISUAL_REPLACEMENT_REQUIRED""]","Verified bundle with 1 cells; preserve function, rebuild visual language."
art:ui:cell-bundle-ui-itemcage-main:rom-reference,UI,UI_CELL_BUNDLE_REFERENCE,ui/itemcage_main.ncer,YDIJ UI sprite bundle extraction,R:\NEXUS LINK\原作\CLAUDE_CODE_YDIJ_HANDOFF\01_UI_ART_LAYOUT\extracted_reference\YDIJ_UI_REFERENCE\ui_sprite_cells\ui__itemcage_main__cells.png,ROM_EXTRACTED_REFERENCE,RAW_UI_CELL_BUNDLE_UI_ITEMCAGE_MAIN_NCER,NDS_2D,DOM_CSS,NEEDS_REBUILD,ORIGINAL_REPLACEMENT_REQUIRED,VERIFIED_CROSSCHECK,ROM_COPYRIGHTED_REFERENCE,true,,,,,,,,,REBUILD,,[],"[""ORIGINAL_VISUAL_REPLACEMENT_REQUIRED""]","Verified bundle with 4 cells; preserve function, rebuild visual language."
art:ui:cell-bundle-ui-itemcage-sub:rom-reference,UI,UI_CELL_BUNDLE_REFERENCE,ui/itemcage_sub.ncer,YDIJ UI sprite bundle extraction,R:\NEXUS LINK\原作\CLAUDE_CODE_YDIJ_HANDOFF\01_UI_ART_LAYOUT\extracted_reference\YDIJ_UI_REFERENCE\ui_sprite_cells\ui__itemcage_sub__cells.png,ROM_EXTRACTED_REFERENCE,RAW_UI_CELL_BUNDLE_UI_ITEMCAGE_SUB_NCER,NDS_2D,DOM_CSS,NEEDS_REBUILD,ORIGINAL_REPLACEMENT_REQUIRED,VERIFIED_CROSSCHECK,ROM_COPYRIGHTED_REFERENCE,true,,,,,,,,,REBUILD,,[],"[""ORIGINAL_VISUAL_REPLACEMENT_REQUIRED""]","Verified bundle with 4 cells; preserve function, rebuild visual language."
art:ui:cell-bundle-ui-itemicon-main:rom-reference,UI,UI_CELL_BUNDLE_REFERENCE,ui/itemicon_main.ncer,YDIJ UI sprite bundle extraction,R:\NEXUS LINK\原作\CLAUDE_CODE_YDIJ_HANDOFF\01_UI_ART_LAYOUT\extracted_reference\YDIJ_UI_REFERENCE\ui_sprite_cells\ui__itemicon_main__cells.png,ROM_EXTRACTED_REFERENCE,RAW_UI_CELL_BUNDLE_UI_ITEMICON_MAIN_NCER,NDS_2D,DOM_CSS,NEEDS_REBUILD,ORIGINAL_REPLACEMENT_REQUIRED,VERIFIED_CROSSCHECK,ROM_COPYRIGHTED_REFERENCE,true,,,,,,,,,REBUILD,,[],"[""ORIGINAL_VISUAL_REPLACEMENT_REQUIRED""]","Verified bundle with 46 cells; preserve function, rebuild visual language."
art:ui:cell-bundle-ui-itemicon-sub:rom-reference,UI,UI_CELL_BUNDLE_REFERENCE,ui/itemicon_sub.ncer,YDIJ UI sprite bundle extraction,R:\NEXUS LINK\原作\CLAUDE_CODE_YDIJ_HANDOFF\01_UI_ART_LAYOUT\extracted_reference\YDIJ_UI_REFERENCE\ui_sprite_cells\ui__itemicon_sub__cells.png,ROM_EXTRACTED_REFERENCE,RAW_UI_CELL_BUNDLE_UI_ITEMICON_SUB_NCER,NDS_2D,DOM_CSS,NEEDS_REBUILD,ORIGINAL_REPLACEMENT_REQUIRED,VERIFIED_CROSSCHECK,ROM_COPYRIGHTED_REFERENCE,true,,,,,,,,,REBUILD,,[],"[""ORIGINAL_VISUAL_REPLACEMENT_REQUIRED""]","Verified bundle with 46 cells; preserve function, rebuild visual language."
art:ui:cell-bundle-ui-itemiconl-main:rom-reference,UI,UI_CELL_BUNDLE_REFERENCE,ui/itemiconL_main.ncer,YDIJ UI sprite bundle extraction,R:\NEXUS LINK\原作\CLAUDE_CODE_YDIJ_HANDOFF\01_UI_ART_LAYOUT\extracted_reference\YDIJ_UI_REFERENCE\ui_sprite_cells\ui__itemiconL_main__cells.png,ROM_EXTRACTED_REFERENCE,RAW_UI_CELL_BUNDLE_UI_ITEMICONL_MAIN_NCER,NDS_2D,DOM_CSS,NEEDS_REBUILD,ORIGINAL_REPLACEMENT_REQUIRED,VERIFIED_CROSSCHECK,ROM_COPYRIGHTED_REFERENCE,true,,,,,,,,,REBUILD,,[],"[""ORIGINAL_VISUAL_REPLACEMENT_REQUIRED""]","Verified bundle with 49 cells; preserve function, rebuild visual language."
art:ui:cell-bundle-ui-itemiconl-sub:rom-reference,UI,UI_CELL_BUNDLE_REFERENCE,ui/itemiconL_sub.ncer,YDIJ UI sprite bundle extraction,R:\NEXUS LINK\原作\CLAUDE_CODE_YDIJ_HANDOFF\01_UI_ART_LAYOUT\extracted_reference\YDIJ_UI_REFERENCE\ui_sprite_cells\ui__itemiconL_sub__cells.png,ROM_EXTRACTED_REFERENCE,RAW_UI_CELL_BUNDLE_UI_ITEMICONL_SUB_NCER,NDS_2D,DOM_CSS,NEEDS_REBUILD,ORIGINAL_REPLACEMENT_REQUIRED,VERIFIED_CROSSCHECK,ROM_COPYRIGHTED_REFERENCE,true,,,,,,,,,REBUILD,,[],"[""ORIGINAL_VISUAL_REPLACEMENT_REQUIRED""]","Verified bundle with 49 cells; preserve function, rebuild visual language."
art:ui:cell-bundle-ui-keyboard-parts:rom-reference,UI,UI_CELL_BUNDLE_REFERENCE,ui/keyboard_parts.ncer,YDIJ UI sprite bundle extraction,R:\NEXUS LINK\原作\CLAUDE_CODE_YDIJ_HANDOFF\01_UI_ART_LAYOUT\extracted_reference\YDIJ_UI_REFERENCE\ui_sprite_cells\ui__keyboard_parts__cells.png,ROM_EXTRACTED_REFERENCE,RAW_UI_CELL_BUNDLE_UI_KEYBOARD_PARTS_NCER,NDS_2D,DOM_CSS,NEEDS_REBUILD,ORIGINAL_REPLACEMENT_REQUIRED,VERIFIED_CROSSCHECK,ROM_COPYRIGHTED_REFERENCE,true,,,,,,,,,REBUILD,,[],"[""ORIGINAL_VISUAL_REPLACEMENT_REQUIRED""]","Verified bundle with 21 cells; preserve function, rebuild visual language."
art:ui:cell-bundle-ui-list-window:rom-reference,UI,UI_CELL_BUNDLE_REFERENCE,ui/list_window.ncer,YDIJ UI sprite bundle extraction,R:\NEXUS LINK\原作\CLAUDE_CODE_YDIJ_HANDOFF\01_UI_ART_LAYOUT\extracted_reference\YDIJ_UI_REFERENCE\ui_sprite_cells\ui__list_window__cells.png,ROM_EXTRACTED_REFERENCE,RAW_UI_CELL_BUNDLE_UI_LIST_WINDOW_NCER,NDS_2D,DOM_CSS,NEEDS_REBUILD,ORIGINAL_REPLACEMENT_REQUIRED,VERIFIED_CROSSCHECK,ROM_COPYRIGHTED_REFERENCE,true,,,,,,,,,REBUILD,,[],"[""ORIGINAL_VISUAL_REPLACEMENT_REQUIRED""]","Verified bundle with 7 cells; preserve function, rebuild visual language."
art:ui:cell-bundle-ui-menu-main:rom-reference,UI,UI_CELL_BUNDLE_REFERENCE,ui/menu_main.ncer,YDIJ UI sprite bundle extraction,R:\NEXUS LINK\原作\CLAUDE_CODE_YDIJ_HANDOFF\01_UI_ART_LAYOUT\extracted_reference\YDIJ_UI_REFERENCE\ui_sprite_cells\ui__menu_main__cells.png,ROM_EXTRACTED_REFERENCE,RAW_UI_CELL_BUNDLE_UI_MENU_MAIN_NCER,NDS_2D,DOM_CSS,NEEDS_REBUILD,ORIGINAL_REPLACEMENT_REQUIRED,VERIFIED_CROSSCHECK,ROM_COPYRIGHTED_REFERENCE,true,,,,,,,,,REBUILD,,[],"[""ORIGINAL_VISUAL_REPLACEMENT_REQUIRED""]","Verified bundle with 89 cells; preserve function, rebuild visual language."
art:ui:cell-bundle-ui-menu-sub:rom-reference,UI,UI_CELL_BUNDLE_REFERENCE,ui/menu_sub.ncer,YDIJ UI sprite bundle extraction,R:\NEXUS LINK\原作\CLAUDE_CODE_YDIJ_HANDOFF\01_UI_ART_LAYOUT\extracted_reference\YDIJ_UI_REFERENCE\ui_sprite_cells\ui__menu_sub__cells.png,ROM_EXTRACTED_REFERENCE,RAW_UI_CELL_BUNDLE_UI_MENU_SUB_NCER,NDS_2D,DOM_CSS,NEEDS_REBUILD,ORIGINAL_REPLACEMENT_REQUIRED,VERIFIED_CROSSCHECK,ROM_COPYRIGHTED_REFERENCE,true,,,,,,,,,REBUILD,,[],"[""ORIGINAL_VISUAL_REPLACEMENT_REQUIRED""]","Verified bundle with 37 cells; preserve function, rebuild visual language."
art:ui:cell-bundle-ui-save-icon:rom-reference,UI,UI_CELL_BUNDLE_REFERENCE,ui/save_icon.ncer,YDIJ UI sprite bundle extraction,R:\NEXUS LINK\原作\CLAUDE_CODE_YDIJ_HANDOFF\01_UI_ART_LAYOUT\extracted_reference\YDIJ_UI_REFERENCE\ui_sprite_cells\ui__save_icon__cells.png,ROM_EXTRACTED_REFERENCE,RAW_UI_CELL_BUNDLE_UI_SAVE_ICON_NCER,NDS_2D,DOM_CSS,NEEDS_REBUILD,ORIGINAL_REPLACEMENT_REQUIRED,VERIFIED_CROSSCHECK,ROM_COPYRIGHTED_REFERENCE,true,,,,,,,,,REBUILD,,[],"[""ORIGINAL_VISUAL_REPLACEMENT_REQUIRED""]","Verified bundle with 1 cells; preserve function, rebuild visual language."
art:ui:cell-bundle-ui-screen-wipe:rom-reference,UI,UI_CELL_BUNDLE_REFERENCE,ui/screen_wipe.ncer,YDIJ UI sprite bundle extraction,R:\NEXUS LINK\原作\CLAUDE_CODE_YDIJ_HANDOFF\01_UI_ART_LAYOUT\extracted_reference\YDIJ_UI_REFERENCE\ui_sprite_cells\ui__screen_wipe__cells.png,ROM_EXTRACTED_REFERENCE,RAW_UI_CELL_BUNDLE_UI_SCREEN_WIPE_NCER,NDS_2D,DOM_CSS,NEEDS_REBUILD,ORIGINAL_REPLACEMENT_REQUIRED,VERIFIED_CROSSCHECK,ROM_COPYRIGHTED_REFERENCE,true,,,,,,,,,REBUILD,,[],"[""ORIGINAL_VISUAL_REPLACEMENT_REQUIRED""]","Verified bundle with 10 cells; preserve function, rebuild visual language."
art:ui:cell-bundle-ui-setting-obj-plug-main-lt:rom-reference,UI,UI_CELL_BUNDLE_REFERENCE,ui/setting_obj_plug_main_lt.ncer,YDIJ UI sprite bundle extraction,R:\NEXUS LINK\原作\CLAUDE_CODE_YDIJ_HANDOFF\01_UI_ART_LAYOUT\extracted_reference\YDIJ_UI_REFERENCE\ui_sprite_cells\ui__setting_obj_plug_main_lt__cells.png,ROM_EXTRACTED_REFERENCE,RAW_UI_CELL_BUNDLE_UI_SETTING_OBJ_PLUG_MAIN_LT_NCER,NDS_2D,DOM_CSS,NEEDS_REBUILD,ORIGINAL_REPLACEMENT_REQUIRED,VERIFIED_CROSSCHECK,ROM_COPYRIGHTED_REFERENCE,true,,,,,,,,,REBUILD,,[],"[""ORIGINAL_VISUAL_REPLACEMENT_REQUIRED""]","Verified bundle with 30 cells; preserve function, rebuild visual language."
art:ui:cell-bundle-ui-setting-obj-plug-main:rom-reference,UI,UI_CELL_BUNDLE_REFERENCE,ui/setting_obj_plug_main.ncer,YDIJ UI sprite bundle extraction,R:\NEXUS LINK\原作\CLAUDE_CODE_YDIJ_HANDOFF\01_UI_ART_LAYOUT\extracted_reference\YDIJ_UI_REFERENCE\ui_sprite_cells\ui__setting_obj_plug_main__cells.png,ROM_EXTRACTED_REFERENCE,RAW_UI_CELL_BUNDLE_UI_SETTING_OBJ_PLUG_MAIN_NCER,NDS_2D,DOM_CSS,NEEDS_REBUILD,ORIGINAL_REPLACEMENT_REQUIRED,VERIFIED_CROSSCHECK,ROM_COPYRIGHTED_REFERENCE,true,,,,,,,,,REBUILD,,[],"[""ORIGINAL_VISUAL_REPLACEMENT_REQUIRED""]","Verified bundle with 30 cells; preserve function, rebuild visual language."
art:ui:cell-bundle-ui-setting-obj-plug-sub-lt:rom-reference,UI,UI_CELL_BUNDLE_REFERENCE,ui/setting_obj_plug_sub_lt.ncer,YDIJ UI sprite bundle extraction,R:\NEXUS LINK\原作\CLAUDE_CODE_YDIJ_HANDOFF\01_UI_ART_LAYOUT\extracted_reference\YDIJ_UI_REFERENCE\ui_sprite_cells\ui__setting_obj_plug_sub_lt__cells.png,ROM_EXTRACTED_REFERENCE,RAW_UI_CELL_BUNDLE_UI_SETTING_OBJ_PLUG_SUB_LT_NCER,NDS_2D,DOM_CSS,NEEDS_REBUILD,ORIGINAL_REPLACEMENT_REQUIRED,VERIFIED_CROSSCHECK,ROM_COPYRIGHTED_REFERENCE,true,,,,,,,,,REBUILD,,[],"[""ORIGINAL_VISUAL_REPLACEMENT_REQUIRED""]","Verified bundle with 30 cells; preserve function, rebuild visual language."
art:ui:cell-bundle-ui-setting-obj-plug-sub:rom-reference,UI,UI_CELL_BUNDLE_REFERENCE,ui/setting_obj_plug_sub.ncer,YDIJ UI sprite bundle extraction,R:\NEXUS LINK\原作\CLAUDE_CODE_YDIJ_HANDOFF\01_UI_ART_LAYOUT\extracted_reference\YDIJ_UI_REFERENCE\ui_sprite_cells\ui__setting_obj_plug_sub__cells.png,ROM_EXTRACTED_REFERENCE,RAW_UI_CELL_BUNDLE_UI_SETTING_OBJ_PLUG_SUB_NCER,NDS_2D,DOM_CSS,NEEDS_REBUILD,ORIGINAL_REPLACEMENT_REQUIRED,VERIFIED_CROSSCHECK,ROM_COPYRIGHTED_REFERENCE,true,,,,,,,,,REBUILD,,[],"[""ORIGINAL_VISUAL_REPLACEMENT_REQUIRED""]","Verified bundle with 30 cells; preserve function, rebuild visual language."
art:ui:cell-bundle-ui-training-set:rom-reference,UI,UI_CELL_BUNDLE_REFERENCE,ui/training_set.ncer,YDIJ UI sprite bundle extraction,R:\NEXUS LINK\原作\CLAUDE_CODE_YDIJ_HANDOFF\01_UI_ART_LAYOUT\extracted_reference\YDIJ_UI_REFERENCE\ui_sprite_cells\ui__training_set__cells.png,ROM_EXTRACTED_REFERENCE,RAW_UI_CELL_BUNDLE_UI_TRAINING_SET_NCER,NDS_2D,DOM_CSS,NEEDS_REBUILD,ORIGINAL_REPLACEMENT_REQUIRED,VERIFIED_CROSSCHECK,ROM_COPYRIGHTED_REFERENCE,true,,,,,,,,,REBUILD,,[],"[""ORIGINAL_VISUAL_REPLACEMENT_REQUIRED""]","Verified bundle with 36 cells; preserve function, rebuild visual language."
art:ui:cell-bundle-ui-ui-icon-training:rom-reference,UI,UI_CELL_BUNDLE_REFERENCE,ui/UI_Icon_training.ncer,YDIJ UI sprite bundle extraction,R:\NEXUS LINK\原作\CLAUDE_CODE_YDIJ_HANDOFF\01_UI_ART_LAYOUT\extracted_reference\YDIJ_UI_REFERENCE\ui_sprite_cells\ui__UI_Icon_training__cells.png,ROM_EXTRACTED_REFERENCE,RAW_UI_CELL_BUNDLE_UI_UI_ICON_TRAINING_NCER,NDS_2D,DOM_CSS,NEEDS_REBUILD,ORIGINAL_REPLACEMENT_REQUIRED,VERIFIED_CROSSCHECK,ROM_COPYRIGHTED_REFERENCE,true,,,,,,,,,REBUILD,,[],"[""ORIGINAL_VISUAL_REPLACEMENT_REQUIRED""]","Verified bundle with 25 cells; preserve function, rebuild visual language."
art:ui:cell-bundle-ui-winner-parts-main:rom-reference,UI,UI_CELL_BUNDLE_REFERENCE,ui/winner_parts_main.ncer,YDIJ UI sprite bundle extraction,R:\NEXUS LINK\原作\CLAUDE_CODE_YDIJ_HANDOFF\01_UI_ART_LAYOUT\extracted_reference\YDIJ_UI_REFERENCE\ui_sprite_cells\ui__winner_parts_main__cells.png,ROM_EXTRACTED_REFERENCE,RAW_UI_CELL_BUNDLE_UI_WINNER_PARTS_MAIN_NCER,NDS_2D,DOM_CSS,NEEDS_REBUILD,ORIGINAL_REPLACEMENT_REQUIRED,VERIFIED_CROSSCHECK,ROM_COPYRIGHTED_REFERENCE,true,,,,,,,,,REBUILD,,[],"[""ORIGINAL_VISUAL_REPLACEMENT_REQUIRED""]","Verified bundle with 6 cells; preserve function, rebuild visual language."
art:ui:cell-bundle-ui-winner-parts-sub:rom-reference,UI,UI_CELL_BUNDLE_REFERENCE,ui/winner_parts_sub.ncer,YDIJ UI sprite bundle extraction,R:\NEXUS LINK\原作\CLAUDE_CODE_YDIJ_HANDOFF\01_UI_ART_LAYOUT\extracted_reference\YDIJ_UI_REFERENCE\ui_sprite_cells\ui__winner_parts_sub__cells.png,ROM_EXTRACTED_REFERENCE,RAW_UI_CELL_BUNDLE_UI_WINNER_PARTS_SUB_NCER,NDS_2D,DOM_CSS,NEEDS_REBUILD,ORIGINAL_REPLACEMENT_REQUIRED,VERIFIED_CROSSCHECK,ROM_COPYRIGHTED_REFERENCE,true,,,,,,,,,REBUILD,,[],"[""ORIGINAL_VISUAL_REPLACEMENT_REQUIRED""]","Verified bundle with 6 cells; preserve function, rebuild visual language."
art:ui:nxr-alert-window-l:layout-reference,UI,NXR_SCENE_LAYOUT,ui/alert_window_l.nxr,YDIJ full-ROM NXR 96-scene census,R:\NEXUS LINK\原作\research-only\YDIJ_FULL_ROM_DECONSTRUCTION_2026-08-29\analysis\NXR_SCENE_REGISTRY_96.csv,DECODED_REFERENCE,UI_SCENE_61,NDS_2D,DOM_CSS,REUSABLE_STRUCTURE,ORIGINAL_REPLACEMENT_REQUIRED,HIGH_CONFIDENCE_STRUCTURE,ROM_COPYRIGHTED_REFERENCE,true,,,,,,,,,REBUILD,,[],"[""ORIGINAL_VISUAL_REPLACEMENT_REQUIRED""]","Shared UI Components; 15 nodes; layout reconstructability HIGH_FOR_SPRITE_LAYERS. Preserve hierarchy/function, never literal DS coordinates."
art:ui:nxr-alert-window-m:layout-reference,UI,NXR_SCENE_LAYOUT,ui/alert_window_m.nxr,YDIJ full-ROM NXR 96-scene census,R:\NEXUS LINK\原作\research-only\YDIJ_FULL_ROM_DECONSTRUCTION_2026-08-29\analysis\NXR_SCENE_REGISTRY_96.csv,DECODED_REFERENCE,UI_SCENE_62,NDS_2D,DOM_CSS,REUSABLE_STRUCTURE,ORIGINAL_REPLACEMENT_REQUIRED,HIGH_CONFIDENCE_STRUCTURE,ROM_COPYRIGHTED_REFERENCE,true,,,,,,,,,REBUILD,,[],"[""ORIGINAL_VISUAL_REPLACEMENT_REQUIRED""]","Shared UI Components; 15 nodes; layout reconstructability HIGH_FOR_SPRITE_LAYERS. Preserve hierarchy/function, never literal DS coordinates."
art:ui:nxr-alert-window:layout-reference,UI,NXR_SCENE_LAYOUT,ui/alert_window.nxr,YDIJ full-ROM NXR 96-scene census,R:\NEXUS LINK\原作\research-only\YDIJ_FULL_ROM_DECONSTRUCTION_2026-08-29\analysis\NXR_SCENE_REGISTRY_96.csv,DECODED_REFERENCE,UI_SCENE_60,NDS_2D,DOM_CSS,REUSABLE_STRUCTURE,ORIGINAL_REPLACEMENT_REQUIRED,HIGH_CONFIDENCE_STRUCTURE,ROM_COPYRIGHTED_REFERENCE,true,,,,,,,,,REBUILD,,[],"[""ORIGINAL_VISUAL_REPLACEMENT_REQUIRED""]","Shared UI Components; 15 nodes; layout reconstructability HIGH_FOR_SPRITE_LAYERS. Preserve hierarchy/function, never literal DS coordinates."
art:ui:nxr-battle-free-select-menu:layout-reference,UI,NXR_SCENE_LAYOUT,battle_menu/battle_free_select_menu.nxr,YDIJ full-ROM NXR 96-scene census,R:\NEXUS LINK\原作\research-only\YDIJ_FULL_ROM_DECONSTRUCTION_2026-08-29\analysis\NXR_SCENE_REGISTRY_96.csv,DECODED_REFERENCE,UI_SCENE_0,NDS_2D,DOM_CSS,REUSABLE_STRUCTURE,ORIGINAL_REPLACEMENT_REQUIRED,HIGH_CONFIDENCE_STRUCTURE,ROM_COPYRIGHTED_REFERENCE,true,,,,,,,,,REBUILD,,[],"[""ORIGINAL_VISUAL_REPLACEMENT_REQUIRED""]","Battle Menu / Setup; 4 nodes; layout reconstructability HIGH_FOR_SPRITE_LAYERS. Preserve hierarchy/function, never literal DS coordinates."
art:ui:nxr-battle-main-scene:layout-reference,UI,NXR_LAYOUT_REFERENCE,battle-runtime,YDIJ full-ROM NXR 96-scene census,R:\NEXUS LINK\原作\research-only\YDIJ_FULL_ROM_DECONSTRUCTION_2026-08-29\analysis\NXR_SCENE_REGISTRY_96.csv,DECODED_REFERENCE,BATTLE_RUNTIME_MAIN_SCENE,NDS_2D,PIXIJS_2D,REUSABLE_STRUCTURE,ORIGINAL_REPLACEMENT_REQUIRED,VERIFIED_BINARY,ROM_COPYRIGHTED_REFERENCE,true,,,,,,,,,REBUILD,,[],"[""RUNTIME_NODE_SEMANTICS_PARTIAL""]",Battle Runtime; 5 nodes; All five nodes validate against battle_obj_main. Preserve hierarchy and function only; NDS coordinates and source graphics are research-only.
art:ui:nxr-battle-menu-sub-scene:layout-reference,UI,NXR_SCENE_LAYOUT,battle_menu/battle_menu_sub_scene.nxr,YDIJ full-ROM NXR 96-scene census,R:\NEXUS LINK\原作\research-only\YDIJ_FULL_ROM_DECONSTRUCTION_2026-08-29\analysis\NXR_SCENE_REGISTRY_96.csv,DECODED_REFERENCE,UI_SCENE_1,NDS_2D,DOM_CSS,REUSABLE_STRUCTURE,ORIGINAL_REPLACEMENT_REQUIRED,HIGH_CONFIDENCE_STRUCTURE,ROM_COPYRIGHTED_REFERENCE,true,,,,,,,,,REBUILD,,[],"[""ORIGINAL_VISUAL_REPLACEMENT_REQUIRED""]","Battle Menu / Setup; 16 nodes; layout reconstructability HIGH_FOR_SPRITE_LAYERS. Preserve hierarchy/function, never literal DS coordinates."
art:ui:nxr-battle-menu-top:layout-reference,UI,NXR_SCENE_LAYOUT,battle_menu/battle_menu_top.nxr,YDIJ full-ROM NXR 96-scene census,R:\NEXUS LINK\原作\research-only\YDIJ_FULL_ROM_DECONSTRUCTION_2026-08-29\analysis\NXR_SCENE_REGISTRY_96.csv,DECODED_REFERENCE,UI_SCENE_2,NDS_2D,DOM_CSS,REUSABLE_STRUCTURE,ORIGINAL_REPLACEMENT_REQUIRED,HIGH_CONFIDENCE_STRUCTURE,ROM_COPYRIGHTED_REFERENCE,true,,,,,,,,,REBUILD,,[],"[""ORIGINAL_VISUAL_REPLACEMENT_REQUIRED""]","Battle Menu / Setup; 17 nodes; layout reconstructability HIGH_FOR_SPRITE_LAYERS. Preserve hierarchy/function, never literal DS coordinates."
art:ui:nxr-battle-result-log-scene:layout-reference,UI,NXR_SCENE_LAYOUT,battle_result/battle_result_log_scene.nxr,YDIJ full-ROM NXR 96-scene census,R:\NEXUS LINK\原作\research-only\YDIJ_FULL_ROM_DECONSTRUCTION_2026-08-29\analysis\NXR_SCENE_REGISTRY_96.csv,DECODED_REFERENCE,UI_SCENE_13,NDS_2D,DOM_CSS,REUSABLE_STRUCTURE,ORIGINAL_REPLACEMENT_REQUIRED,HIGH_CONFIDENCE_STRUCTURE,ROM_COPYRIGHTED_REFERENCE,true,,,,,,,,,REBUILD,,[],"[""ORIGINAL_VISUAL_REPLACEMENT_REQUIRED""]","Battle Result; 1 nodes; layout reconstructability STRUCTURE_ONLY. Preserve hierarchy/function, never literal DS coordinates."
art:ui:nxr-battle-setting-scene:layout-reference,UI,NXR_SCENE_LAYOUT,battle_menu/battle_setting_scene.nxr,YDIJ full-ROM NXR 96-scene census,R:\NEXUS LINK\原作\research-only\YDIJ_FULL_ROM_DECONSTRUCTION_2026-08-29\analysis\NXR_SCENE_REGISTRY_96.csv,DECODED_REFERENCE,UI_SCENE_3,NDS_2D,DOM_CSS,REUSABLE_STRUCTURE,ORIGINAL_REPLACEMENT_REQUIRED,HIGH_CONFIDENCE_STRUCTURE,ROM_COPYRIGHTED_REFERENCE,true,,,,,,,,,REBUILD,,[],"[""ORIGINAL_VISUAL_REPLACEMENT_REQUIRED""]","Battle Menu / Setup; 33 nodes; layout reconstructability HIGH_FOR_SPRITE_LAYERS. Preserve hierarchy/function, never literal DS coordinates."
art:ui:nxr-battle-sub-scene:layout-reference,UI,NXR_LAYOUT_REFERENCE,battle-runtime,YDIJ full-ROM NXR 96-scene census,R:\NEXUS LINK\原作\research-only\YDIJ_FULL_ROM_DECONSTRUCTION_2026-08-29\analysis\NXR_SCENE_REGISTRY_96.csv,DECODED_REFERENCE,BATTLE_RUNTIME_SUB_SCENE,NDS_2D,PIXIJS_2D,REUSABLE_STRUCTURE,ORIGINAL_REPLACEMENT_REQUIRED,VERIFIED_BINARY,ROM_COPYRIGHTED_REFERENCE,true,,,,,,,,,REBUILD,,[],"[""RUNTIME_NODE_SEMANTICS_PARTIAL""]",Battle Runtime; 6 nodes; Three nodes validate against battle_obj_sub; three are dynamic virtual nodes. Preserve hierarchy and function only; NDS coordinates and source graphics are research-only.
art:ui:nxr-button-bar:layout-reference,UI,NXR_SCENE_LAYOUT,ui/button_bar.nxr,YDIJ full-ROM NXR 96-scene census,R:\NEXUS LINK\原作\research-only\YDIJ_FULL_ROM_DECONSTRUCTION_2026-08-29\analysis\NXR_SCENE_REGISTRY_96.csv,DECODED_REFERENCE,UI_SCENE_63,NDS_2D,DOM_CSS,REUSABLE_STRUCTURE,ORIGINAL_REPLACEMENT_REQUIRED,HIGH_CONFIDENCE_STRUCTURE,ROM_COPYRIGHTED_REFERENCE,true,,,,,,,,,REBUILD,,[],"[""ORIGINAL_VISUAL_REPLACEMENT_REQUIRED""]","Shared UI Components; 11 nodes; layout reconstructability HIGH_FOR_SPRITE_LAYERS. Preserve hierarchy/function, never literal DS coordinates."
art:ui:nxr-button-scene:layout-reference,UI,NXR_SCENE_LAYOUT,ui/button_scene.nxr,YDIJ full-ROM NXR 96-scene census,R:\NEXUS LINK\原作\research-only\YDIJ_FULL_ROM_DECONSTRUCTION_2026-08-29\analysis\NXR_SCENE_REGISTRY_96.csv,DECODED_REFERENCE,UI_SCENE_64,NDS_2D,DOM_CSS,REUSABLE_STRUCTURE,ORIGINAL_REPLACEMENT_REQUIRED,HIGH_CONFIDENCE_STRUCTURE,ROM_COPYRIGHTED_REFERENCE,true,,,,,,,,,REBUILD,,[],"[""ORIGINAL_VISUAL_REPLACEMENT_REQUIRED""]","Shared UI Components; 5 nodes; layout reconstructability HIGH_FOR_SPRITE_LAYERS. Preserve hierarchy/function, never literal DS coordinates."
art:ui:nxr-cage-edit-obj-main:layout-reference,UI,NXR_SCENE_LAYOUT,training/cage_edit_obj_main.nxr,YDIJ full-ROM NXR 96-scene census,R:\NEXUS LINK\原作\research-only\YDIJ_FULL_ROM_DECONSTRUCTION_2026-08-29\analysis\NXR_SCENE_REGISTRY_96.csv,DECODED_REFERENCE,UI_SCENE_53,NDS_2D,DOM_CSS,REUSABLE_STRUCTURE,ORIGINAL_REPLACEMENT_REQUIRED,HIGH_CONFIDENCE_STRUCTURE,ROM_COPYRIGHTED_REFERENCE,true,,,,,,,,,REBUILD,,[],"[""ORIGINAL_VISUAL_REPLACEMENT_REQUIRED""]","Training / Home / Schedule; 3 nodes; layout reconstructability HIGH_FOR_SPRITE_LAYERS. Preserve hierarchy/function, never literal DS coordinates."
art:ui:nxr-cage-edit-obj-sub:layout-reference,UI,NXR_SCENE_LAYOUT,training/cage_edit_obj_sub.nxr,YDIJ full-ROM NXR 96-scene census,R:\NEXUS LINK\原作\research-only\YDIJ_FULL_ROM_DECONSTRUCTION_2026-08-29\analysis\NXR_SCENE_REGISTRY_96.csv,DECODED_REFERENCE,UI_SCENE_54,NDS_2D,DOM_CSS,REUSABLE_STRUCTURE,ORIGINAL_REPLACEMENT_REQUIRED,HIGH_CONFIDENCE_STRUCTURE,ROM_COPYRIGHTED_REFERENCE,true,,,,,,,,,REBUILD,,[],"[""ORIGINAL_VISUAL_REPLACEMENT_REQUIRED""]","Training / Home / Schedule; 8 nodes; layout reconstructability HIGH_FOR_SPRITE_LAYERS. Preserve hierarchy/function, never literal DS coordinates."
art:ui:nxr-calendar-main-scene:layout-reference,UI,NXR_SCENE_LAYOUT,today_window/calendar_main_scene.nxr,YDIJ full-ROM NXR 96-scene census,R:\NEXUS LINK\原作\research-only\YDIJ_FULL_ROM_DECONSTRUCTION_2026-08-29\analysis\NXR_SCENE_REGISTRY_96.csv,DECODED_REFERENCE,UI_SCENE_50,NDS_2D,DOM_CSS,REUSABLE_STRUCTURE,ORIGINAL_REPLACEMENT_REQUIRED,HIGH_CONFIDENCE_STRUCTURE,ROM_COPYRIGHTED_REFERENCE,true,,,,,,,,,REBUILD,,[],"[""ORIGINAL_VISUAL_REPLACEMENT_REQUIRED""]","Today / Calendar; 48 nodes; layout reconstructability HIGH_FOR_SPRITE_LAYERS. Preserve hierarchy/function, never literal DS coordinates."
art:ui:nxr-conference-list-item:layout-reference,UI,NXR_SCENE_LAYOUT,ui/conference_list_item.nxr,YDIJ full-ROM NXR 96-scene census,R:\NEXUS LINK\原作\research-only\YDIJ_FULL_ROM_DECONSTRUCTION_2026-08-29\analysis\NXR_SCENE_REGISTRY_96.csv,DECODED_REFERENCE,UI_SCENE_65,NDS_2D,DOM_CSS,REUSABLE_STRUCTURE,ORIGINAL_REPLACEMENT_REQUIRED,HIGH_CONFIDENCE_STRUCTURE,ROM_COPYRIGHTED_REFERENCE,true,,,,,,,,,REBUILD,,[],"[""ORIGINAL_VISUAL_REPLACEMENT_REQUIRED""]","Shared UI Components; 3 nodes; layout reconstructability HIGH_FOR_SPRITE_LAYERS. Preserve hierarchy/function, never literal DS coordinates."
art:ui:nxr-database-obj-main-scene:layout-reference,UI,NXR_SCENE_LAYOUT,database/database_obj_main_scene.nxr,YDIJ full-ROM NXR 96-scene census,R:\NEXUS LINK\原作\research-only\YDIJ_FULL_ROM_DECONSTRUCTION_2026-08-29\analysis\NXR_SCENE_REGISTRY_96.csv,DECODED_REFERENCE,UI_SCENE_21,NDS_2D,DOM_CSS,REUSABLE_STRUCTURE,ORIGINAL_REPLACEMENT_REQUIRED,HIGH_CONFIDENCE_STRUCTURE,ROM_COPYRIGHTED_REFERENCE,true,,,,,,,,,REBUILD,,[],"[""ORIGINAL_VISUAL_REPLACEMENT_REQUIRED""]","Database / Encyclopedia; 5 nodes; layout reconstructability HIGH_FOR_SPRITE_LAYERS. Preserve hierarchy/function, never literal DS coordinates."
art:ui:nxr-db-digimon-menu-item-scene:layout-reference,UI,NXR_SCENE_LAYOUT,database/db_digimon_menu_item_scene.nxr,YDIJ full-ROM NXR 96-scene census,R:\NEXUS LINK\原作\research-only\YDIJ_FULL_ROM_DECONSTRUCTION_2026-08-29\analysis\NXR_SCENE_REGISTRY_96.csv,DECODED_REFERENCE,UI_SCENE_22,NDS_2D,DOM_CSS,REUSABLE_STRUCTURE,ORIGINAL_REPLACEMENT_REQUIRED,HIGH_CONFIDENCE_STRUCTURE,ROM_COPYRIGHTED_REFERENCE,true,,,,,,,,,REBUILD,,[],"[""ORIGINAL_VISUAL_REPLACEMENT_REQUIRED""]","Database / Encyclopedia; 1 nodes; layout reconstructability STRUCTURE_ONLY. Preserve hierarchy/function, never literal DS coordinates."
art:ui:nxr-digimon-list-item:layout-reference,UI,NXR_SCENE_LAYOUT,ui/digimon_list_item.nxr,YDIJ full-ROM NXR 96-scene census,R:\NEXUS LINK\原作\research-only\YDIJ_FULL_ROM_DECONSTRUCTION_2026-08-29\analysis\NXR_SCENE_REGISTRY_96.csv,DECODED_REFERENCE,UI_SCENE_66,NDS_2D,DOM_CSS,REUSABLE_STRUCTURE,ORIGINAL_REPLACEMENT_REQUIRED,HIGH_CONFIDENCE_STRUCTURE,ROM_COPYRIGHTED_REFERENCE,true,,,,,,,,,REBUILD,,[],"[""ORIGINAL_VISUAL_REPLACEMENT_REQUIRED""]","Shared UI Components; 7 nodes; layout reconstructability HIGH_FOR_SPRITE_LAYERS. Preserve hierarchy/function, never literal DS coordinates."
art:ui:nxr-digimon-list-main:layout-reference,UI,NXR_SCENE_LAYOUT,ui/digimon_list_main.nxr,YDIJ full-ROM NXR 96-scene census,R:\NEXUS LINK\原作\research-only\YDIJ_FULL_ROM_DECONSTRUCTION_2026-08-29\analysis\NXR_SCENE_REGISTRY_96.csv,DECODED_REFERENCE,UI_SCENE_67,NDS_2D,DOM_CSS,REUSABLE_STRUCTURE,ORIGINAL_REPLACEMENT_REQUIRED,HIGH_CONFIDENCE_STRUCTURE,ROM_COPYRIGHTED_REFERENCE,true,,,,,,,,,REBUILD,,[],"[""ORIGINAL_VISUAL_REPLACEMENT_REQUIRED""]","Shared UI Components; 21 nodes; layout reconstructability HIGH_FOR_SPRITE_LAYERS. Preserve hierarchy/function, never literal DS coordinates."
art:ui:nxr-digimon-list-sub:layout-reference,UI,NXR_SCENE_LAYOUT,ui/digimon_list_sub.nxr,YDIJ full-ROM NXR 96-scene census,R:\NEXUS LINK\原作\research-only\YDIJ_FULL_ROM_DECONSTRUCTION_2026-08-29\analysis\NXR_SCENE_REGISTRY_96.csv,DECODED_REFERENCE,UI_SCENE_68,NDS_2D,DOM_CSS,REUSABLE_STRUCTURE,ORIGINAL_REPLACEMENT_REQUIRED,HIGH_CONFIDENCE_STRUCTURE,ROM_COPYRIGHTED_REFERENCE,true,,,,,,,,,REBUILD,,[],"[""ORIGINAL_VISUAL_REPLACEMENT_REQUIRED""]","Shared UI Components; 19 nodes; layout reconstructability HIGH_FOR_SPRITE_LAYERS. Preserve hierarchy/function, never literal DS coordinates."
art:ui:nxr-equip-plate:layout-reference,UI,NXR_SCENE_LAYOUT,ui/hunt/setting/equip_plate.nxr,YDIJ full-ROM NXR 96-scene census,R:\NEXUS LINK\原作\research-only\YDIJ_FULL_ROM_DECONSTRUCTION_2026-08-29\analysis\NXR_SCENE_REGISTRY_96.csv,DECODED_REFERENCE,UI_SCENE_75,NDS_2D,DOM_CSS,REUSABLE_STRUCTURE,ORIGINAL_REPLACEMENT_REQUIRED,HIGH_CONFIDENCE_STRUCTURE,ROM_COPYRIGHTED_REFERENCE,true,,,,,,,,,REBUILD,,[],"[""ORIGINAL_VISUAL_REPLACEMENT_REQUIRED""]","Hunt Loadout / Equipment; 8 nodes; layout reconstructability HIGH_FOR_SPRITE_LAYERS. Preserve hierarchy/function, never literal DS coordinates."
art:ui:nxr-equip-setting-item-scene:layout-reference,UI,NXR_SCENE_LAYOUT,ui/equip_setting_item_scene.nxr,YDIJ full-ROM NXR 96-scene census,R:\NEXUS LINK\原作\research-only\YDIJ_FULL_ROM_DECONSTRUCTION_2026-08-29\analysis\NXR_SCENE_REGISTRY_96.csv,DECODED_REFERENCE,UI_SCENE_69,NDS_2D,DOM_CSS,REUSABLE_STRUCTURE,ORIGINAL_REPLACEMENT_REQUIRED,HIGH_CONFIDENCE_STRUCTURE,ROM_COPYRIGHTED_REFERENCE,true,,,,,,,,,REBUILD,,[],"[""ORIGINAL_VISUAL_REPLACEMENT_REQUIRED""]","Shared UI Components; 3 nodes; layout reconstructability STRUCTURE_ONLY. Preserve hierarchy/function, never literal DS coordinates."
art:ui:nxr-guid-main-scene:layout-reference,UI,NXR_SCENE_LAYOUT,database/guid_main_scene.nxr,YDIJ full-ROM NXR 96-scene census,R:\NEXUS LINK\原作\research-only\YDIJ_FULL_ROM_DECONSTRUCTION_2026-08-29\analysis\NXR_SCENE_REGISTRY_96.csv,DECODED_REFERENCE,UI_SCENE_23,NDS_2D,DOM_CSS,REUSABLE_STRUCTURE,ORIGINAL_REPLACEMENT_REQUIRED,HIGH_CONFIDENCE_STRUCTURE,ROM_COPYRIGHTED_REFERENCE,true,,,,,,,,,REBUILD,,[],"[""ORIGINAL_VISUAL_REPLACEMENT_REQUIRED""]","Database / Encyclopedia; 33 nodes; layout reconstructability HIGH_FOR_SPRITE_LAYERS. Preserve hierarchy/function, never literal DS coordinates."
art:ui:nxr-guid-sub-base-scene:layout-reference,UI,NXR_SCENE_LAYOUT,database/guid_sub_base_scene.nxr,YDIJ full-ROM NXR 96-scene census,R:\NEXUS LINK\原作\research-only\YDIJ_FULL_ROM_DECONSTRUCTION_2026-08-29\analysis\NXR_SCENE_REGISTRY_96.csv,DECODED_REFERENCE,UI_SCENE_24,NDS_2D,DOM_CSS,REUSABLE_STRUCTURE,ORIGINAL_REPLACEMENT_REQUIRED,HIGH_CONFIDENCE_STRUCTURE,ROM_COPYRIGHTED_REFERENCE,true,,,,,,,,,REBUILD,,[],"[""ORIGINAL_VISUAL_REPLACEMENT_REQUIRED""]","Database / Encyclopedia; 4 nodes; layout reconstructability HIGH_FOR_SPRITE_LAYERS. Preserve hierarchy/function, never literal DS coordinates."
art:ui:nxr-guid-sub-evo-scene:layout-reference,UI,NXR_SCENE_LAYOUT,database/guid_sub_evo_scene.nxr,YDIJ full-ROM NXR 96-scene census,R:\NEXUS LINK\原作\research-only\YDIJ_FULL_ROM_DECONSTRUCTION_2026-08-29\analysis\NXR_SCENE_REGISTRY_96.csv,DECODED_REFERENCE,UI_SCENE_25,NDS_2D,DOM_CSS,REUSABLE_STRUCTURE,ORIGINAL_REPLACEMENT_REQUIRED,HIGH_CONFIDENCE_STRUCTURE,ROM_COPYRIGHTED_REFERENCE,true,,,,,,,,,REBUILD,,[],"[""ORIGINAL_VISUAL_REPLACEMENT_REQUIRED""]","Database / Encyclopedia; 2 nodes; layout reconstructability STRUCTURE_ONLY. Preserve hierarchy/function, never literal DS coordinates."
art:ui:nxr-guid-sub-profile-scene:layout-reference,UI,NXR_SCENE_LAYOUT,database/guid_sub_profile_scene.nxr,YDIJ full-ROM NXR 96-scene census,R:\NEXUS LINK\原作\research-only\YDIJ_FULL_ROM_DECONSTRUCTION_2026-08-29\analysis\NXR_SCENE_REGISTRY_96.csv,DECODED_REFERENCE,UI_SCENE_26,NDS_2D,DOM_CSS,REUSABLE_STRUCTURE,ORIGINAL_REPLACEMENT_REQUIRED,HIGH_CONFIDENCE_STRUCTURE,ROM_COPYRIGHTED_REFERENCE,true,,,,,,,,,REBUILD,,[],"[""ORIGINAL_VISUAL_REPLACEMENT_REQUIRED""]","Database / Encyclopedia; 7 nodes; layout reconstructability HIGH_FOR_SPRITE_LAYERS. Preserve hierarchy/function, never literal DS coordinates."
art:ui:nxr-guid-sub-sp-scene:layout-reference,UI,NXR_SCENE_LAYOUT,database/guid_sub_sp_scene.nxr,YDIJ full-ROM NXR 96-scene census,R:\NEXUS LINK\原作\research-only\YDIJ_FULL_ROM_DECONSTRUCTION_2026-08-29\analysis\NXR_SCENE_REGISTRY_96.csv,DECODED_REFERENCE,UI_SCENE_27,NDS_2D,DOM_CSS,REUSABLE_STRUCTURE,ORIGINAL_REPLACEMENT_REQUIRED,HIGH_CONFIDENCE_STRUCTURE,ROM_COPYRIGHTED_REFERENCE,true,,,,,,,,,REBUILD,,[],"[""ORIGINAL_VISUAL_REPLACEMENT_REQUIRED""]","Database / Encyclopedia; 16 nodes; layout reconstructability HIGH_FOR_SPRITE_LAYERS. Preserve hierarchy/function, never literal DS coordinates."
art:ui:nxr-guid-sub-status-scene:layout-reference,UI,NXR_SCENE_LAYOUT,database/guid_sub_status_scene.nxr,YDIJ full-ROM NXR 96-scene census,R:\NEXUS LINK\原作\research-only\YDIJ_FULL_ROM_DECONSTRUCTION_2026-08-29\analysis\NXR_SCENE_REGISTRY_96.csv,DECODED_REFERENCE,UI_SCENE_28,NDS_2D,DOM_CSS,REUSABLE_STRUCTURE,ORIGINAL_REPLACEMENT_REQUIRED,HIGH_CONFIDENCE_STRUCTURE,ROM_COPYRIGHTED_REFERENCE,true,,,,,,,,,REBUILD,,[],"[""ORIGINAL_VISUAL_REPLACEMENT_REQUIRED""]","Database / Encyclopedia; 5 nodes; layout reconstructability HIGH_FOR_SPRITE_LAYERS. Preserve hierarchy/function, never literal DS coordinates."
art:ui:nxr-help-main-scene:layout-reference,UI,NXR_SCENE_LAYOUT,help/help_main_scene.nxr,YDIJ full-ROM NXR 96-scene census,R:\NEXUS LINK\原作\research-only\YDIJ_FULL_ROM_DECONSTRUCTION_2026-08-29\analysis\NXR_SCENE_REGISTRY_96.csv,DECODED_REFERENCE,UI_SCENE_30,NDS_2D,DOM_CSS,REUSABLE_STRUCTURE,ORIGINAL_REPLACEMENT_REQUIRED,HIGH_CONFIDENCE_STRUCTURE,ROM_COPYRIGHTED_REFERENCE,true,,,,,,,,,REBUILD,,[],"[""ORIGINAL_VISUAL_REPLACEMENT_REQUIRED""]","Help; 42 nodes; layout reconstructability HIGH_FOR_SPRITE_LAYERS. Preserve hierarchy/function, never literal DS coordinates."
art:ui:nxr-help-sub-scene:layout-reference,UI,NXR_SCENE_LAYOUT,help/help_sub_scene.nxr,YDIJ full-ROM NXR 96-scene census,R:\NEXUS LINK\原作\research-only\YDIJ_FULL_ROM_DECONSTRUCTION_2026-08-29\analysis\NXR_SCENE_REGISTRY_96.csv,DECODED_REFERENCE,UI_SCENE_31,NDS_2D,DOM_CSS,REUSABLE_STRUCTURE,ORIGINAL_REPLACEMENT_REQUIRED,HIGH_CONFIDENCE_STRUCTURE,ROM_COPYRIGHTED_REFERENCE,true,,,,,,,,,REBUILD,,[],"[""ORIGINAL_VISUAL_REPLACEMENT_REQUIRED""]","Help; 2 nodes; layout reconstructability STRUCTURE_ONLY. Preserve hierarchy/function, never literal DS coordinates."
art:ui:nxr-hunt-result-main-scene:layout-reference,UI,NXR_SCENE_LAYOUT,ui/hunt/result/hunt_result_main_scene.nxr,YDIJ full-ROM NXR 96-scene census,R:\NEXUS LINK\原作\research-only\YDIJ_FULL_ROM_DECONSTRUCTION_2026-08-29\analysis\NXR_SCENE_REGISTRY_96.csv,DECODED_REFERENCE,UI_SCENE_73,NDS_2D,DOM_CSS,REUSABLE_STRUCTURE,ORIGINAL_REPLACEMENT_REQUIRED,HIGH_CONFIDENCE_STRUCTURE,ROM_COPYRIGHTED_REFERENCE,true,,,,,,,,,REBUILD,,[],"[""ORIGINAL_VISUAL_REPLACEMENT_REQUIRED""]","Hunt Result; 12 nodes; layout reconstructability HIGH_FOR_SPRITE_LAYERS. Preserve hierarchy/function, never literal DS coordinates."
art:ui:nxr-hunt-shutter-scene:layout-reference,UI,NXR_SCENE_LAYOUT,ui/hunt/hunting/hunt_shutter_scene.nxr,YDIJ full-ROM NXR 96-scene census,R:\NEXUS LINK\原作\research-only\YDIJ_FULL_ROM_DECONSTRUCTION_2026-08-29\analysis\NXR_SCENE_REGISTRY_96.csv,DECODED_REFERENCE,UI_SCENE_70,NDS_2D,DOM_CSS,REUSABLE_STRUCTURE,ORIGINAL_REPLACEMENT_REQUIRED,HIGH_CONFIDENCE_STRUCTURE,ROM_COPYRIGHTED_REFERENCE,true,,,,,,,,,REBUILD,,[],"[""ORIGINAL_VISUAL_REPLACEMENT_REQUIRED""]","Hunt HUD; 14 nodes; layout reconstructability HIGH_FOR_SPRITE_LAYERS. Preserve hierarchy/function, never literal DS coordinates."
art:ui:nxr-hunt-sub-scene:layout-reference,UI,NXR_SCENE_LAYOUT,ui/hunt/hunting/hunt_sub_scene.nxr,YDIJ full-ROM NXR 96-scene census,R:\NEXUS LINK\原作\research-only\YDIJ_FULL_ROM_DECONSTRUCTION_2026-08-29\analysis\NXR_SCENE_REGISTRY_96.csv,DECODED_REFERENCE,UI_SCENE_71,NDS_2D,DOM_CSS,REUSABLE_STRUCTURE,ORIGINAL_REPLACEMENT_REQUIRED,HIGH_CONFIDENCE_STRUCTURE,ROM_COPYRIGHTED_REFERENCE,true,,,,,,,,,REBUILD,,[],"[""ORIGINAL_VISUAL_REPLACEMENT_REQUIRED""]","Hunt HUD; 72 nodes; layout reconstructability HIGH_FOR_SPRITE_LAYERS. Preserve hierarchy/function, never literal DS coordinates."
art:ui:nxr-info-bar:layout-reference,UI,NXR_SCENE_LAYOUT,ui/info_bar.nxr,YDIJ full-ROM NXR 96-scene census,R:\NEXUS LINK\原作\research-only\YDIJ_FULL_ROM_DECONSTRUCTION_2026-08-29\analysis\NXR_SCENE_REGISTRY_96.csv,DECODED_REFERENCE,UI_SCENE_87,NDS_2D,DOM_CSS,REUSABLE_STRUCTURE,ORIGINAL_REPLACEMENT_REQUIRED,HIGH_CONFIDENCE_STRUCTURE,ROM_COPYRIGHTED_REFERENCE,true,,,,,,,,,REBUILD,,[],"[""ORIGINAL_VISUAL_REPLACEMENT_REQUIRED""]","Shared UI Components; 9 nodes; layout reconstructability HIGH_FOR_SPRITE_LAYERS. Preserve hierarchy/function, never literal DS coordinates."
art:ui:nxr-keyboard:layout-reference,UI,NXR_SCENE_LAYOUT,ui/keyboard.nxr,YDIJ full-ROM NXR 96-scene census,R:\NEXUS LINK\原作\research-only\YDIJ_FULL_ROM_DECONSTRUCTION_2026-08-29\analysis\NXR_SCENE_REGISTRY_96.csv,DECODED_REFERENCE,UI_SCENE_88,NDS_2D,DOM_CSS,REUSABLE_STRUCTURE,ORIGINAL_REPLACEMENT_REQUIRED,HIGH_CONFIDENCE_STRUCTURE,ROM_COPYRIGHTED_REFERENCE,true,,,,,,,,,REBUILD,,[],"[""ORIGINAL_VISUAL_REPLACEMENT_REQUIRED""]","Shared UI Components; 131 nodes; layout reconstructability HIGH_FOR_SPRITE_LAYERS. Preserve hierarchy/function, never literal DS coordinates."
art:ui:nxr-launcher-plate:layout-reference,UI,NXR_SCENE_LAYOUT,ui/hunt/setting/launcher_plate.nxr,YDIJ full-ROM NXR 96-scene census,R:\NEXUS LINK\原作\research-only\YDIJ_FULL_ROM_DECONSTRUCTION_2026-08-29\analysis\NXR_SCENE_REGISTRY_96.csv,DECODED_REFERENCE,UI_SCENE_76,NDS_2D,DOM_CSS,REUSABLE_STRUCTURE,ORIGINAL_REPLACEMENT_REQUIRED,HIGH_CONFIDENCE_STRUCTURE,ROM_COPYRIGHTED_REFERENCE,true,,,,,,,,,REBUILD,,[],"[""ORIGINAL_VISUAL_REPLACEMENT_REQUIRED""]","Hunt Loadout / Equipment; 2 nodes; layout reconstructability HIGH_FOR_SPRITE_LAYERS. Preserve hierarchy/function, never literal DS coordinates."
art:ui:nxr-mail-win-scene:layout-reference,UI,NXR_SCENE_LAYOUT,training/mail_win_scene.nxr,YDIJ full-ROM NXR 96-scene census,R:\NEXUS LINK\原作\research-only\YDIJ_FULL_ROM_DECONSTRUCTION_2026-08-29\analysis\NXR_SCENE_REGISTRY_96.csv,DECODED_REFERENCE,UI_SCENE_55,NDS_2D,DOM_CSS,REUSABLE_STRUCTURE,ORIGINAL_REPLACEMENT_REQUIRED,HIGH_CONFIDENCE_STRUCTURE,ROM_COPYRIGHTED_REFERENCE,true,,,,,,,,,REBUILD,,[],"[""ORIGINAL_VISUAL_REPLACEMENT_REQUIRED""]","Training / Home / Schedule; 15 nodes; layout reconstructability HIGH_FOR_SPRITE_LAYERS. Preserve hierarchy/function, never literal DS coordinates."
art:ui:nxr-mailer-scene:layout-reference,UI,NXR_SCENE_LAYOUT,ui/mailer_scene.nxr,YDIJ full-ROM NXR 96-scene census,R:\NEXUS LINK\原作\research-only\YDIJ_FULL_ROM_DECONSTRUCTION_2026-08-29\analysis\NXR_SCENE_REGISTRY_96.csv,DECODED_REFERENCE,UI_SCENE_89,NDS_2D,DOM_CSS,REUSABLE_STRUCTURE,ORIGINAL_REPLACEMENT_REQUIRED,HIGH_CONFIDENCE_STRUCTURE,ROM_COPYRIGHTED_REFERENCE,true,,,,,,,,,REBUILD,,[],"[""ORIGINAL_VISUAL_REPLACEMENT_REQUIRED""]","Shared UI Components; 3 nodes; layout reconstructability HIGH_FOR_SPRITE_LAYERS. Preserve hierarchy/function, never literal DS coordinates."
art:ui:nxr-map-menu-scene:layout-reference,UI,NXR_SCENE_LAYOUT,battle_menu/map_menu_scene.nxr,YDIJ full-ROM NXR 96-scene census,R:\NEXUS LINK\原作\research-only\YDIJ_FULL_ROM_DECONSTRUCTION_2026-08-29\analysis\NXR_SCENE_REGISTRY_96.csv,DECODED_REFERENCE,UI_SCENE_4,NDS_2D,DOM_CSS,REUSABLE_STRUCTURE,ORIGINAL_REPLACEMENT_REQUIRED,HIGH_CONFIDENCE_STRUCTURE,ROM_COPYRIGHTED_REFERENCE,true,,,,,,,,,REBUILD,,[],"[""ORIGINAL_VISUAL_REPLACEMENT_REQUIRED""]","Battle Menu / Setup; 1 nodes; layout reconstructability HIGH_FOR_SPRITE_LAYERS. Preserve hierarchy/function, never literal DS coordinates."
art:ui:nxr-memorycard-plate-scene:layout-reference,UI,NXR_SCENE_LAYOUT,ui/hunt/hunting/memorycard_plate_scene.nxr,YDIJ full-ROM NXR 96-scene census,R:\NEXUS LINK\原作\research-only\YDIJ_FULL_ROM_DECONSTRUCTION_2026-08-29\analysis\NXR_SCENE_REGISTRY_96.csv,DECODED_REFERENCE,UI_SCENE_72,NDS_2D,DOM_CSS,REUSABLE_STRUCTURE,ORIGINAL_REPLACEMENT_REQUIRED,HIGH_CONFIDENCE_STRUCTURE,ROM_COPYRIGHTED_REFERENCE,true,,,,,,,,,REBUILD,,[],"[""ORIGINAL_VISUAL_REPLACEMENT_REQUIRED""]","Hunt HUD; 9 nodes; layout reconstructability HIGH_FOR_SPRITE_LAYERS. Preserve hierarchy/function, never literal DS coordinates."
art:ui:nxr-menu-top-gear-scene:layout-reference,UI,NXR_SCENE_LAYOUT,ui/hunt/setting/menu_top_gear_scene.nxr,YDIJ full-ROM NXR 96-scene census,R:\NEXUS LINK\原作\research-only\YDIJ_FULL_ROM_DECONSTRUCTION_2026-08-29\analysis\NXR_SCENE_REGISTRY_96.csv,DECODED_REFERENCE,UI_SCENE_77,NDS_2D,DOM_CSS,REUSABLE_STRUCTURE,ORIGINAL_REPLACEMENT_REQUIRED,HIGH_CONFIDENCE_STRUCTURE,ROM_COPYRIGHTED_REFERENCE,true,,,,,,,,,REBUILD,,[],"[""ORIGINAL_VISUAL_REPLACEMENT_REQUIRED""]","Hunt Loadout / Equipment; 9 nodes; layout reconstructability HIGH_FOR_SPRITE_LAYERS. Preserve hierarchy/function, never literal DS coordinates."
art:ui:nxr-menu-top-plugin-scene:layout-reference,UI,NXR_SCENE_LAYOUT,ui/hunt/setting/menu_top_plugin_scene.nxr,YDIJ full-ROM NXR 96-scene census,R:\NEXUS LINK\原作\research-only\YDIJ_FULL_ROM_DECONSTRUCTION_2026-08-29\analysis\NXR_SCENE_REGISTRY_96.csv,DECODED_REFERENCE,UI_SCENE_78,NDS_2D,DOM_CSS,REUSABLE_STRUCTURE,ORIGINAL_REPLACEMENT_REQUIRED,HIGH_CONFIDENCE_STRUCTURE,ROM_COPYRIGHTED_REFERENCE,true,,,,,,,,,REBUILD,,[],"[""ORIGINAL_VISUAL_REPLACEMENT_REQUIRED""]","Hunt Loadout / Equipment; 12 nodes; layout reconstructability HIGH_FOR_SPRITE_LAYERS. Preserve hierarchy/function, never literal DS coordinates."
art:ui:nxr-menu-top-release-scene:layout-reference,UI,NXR_SCENE_LAYOUT,ui/hunt/setting/menu_top_release_scene.nxr,YDIJ full-ROM NXR 96-scene census,R:\NEXUS LINK\原作\research-only\YDIJ_FULL_ROM_DECONSTRUCTION_2026-08-29\analysis\NXR_SCENE_REGISTRY_96.csv,DECODED_REFERENCE,UI_SCENE_79,NDS_2D,DOM_CSS,REUSABLE_STRUCTURE,ORIGINAL_REPLACEMENT_REQUIRED,HIGH_CONFIDENCE_STRUCTURE,ROM_COPYRIGHTED_REFERENCE,true,,,,,,,,,REBUILD,,[],"[""ORIGINAL_VISUAL_REPLACEMENT_REQUIRED""]","Hunt Loadout / Equipment; 9 nodes; layout reconstructability HIGH_FOR_SPRITE_LAYERS. Preserve hierarchy/function, never literal DS coordinates."
art:ui:nxr-name-edit:layout-reference,UI,NXR_SCENE_LAYOUT,ui/hunt/result/name_edit.nxr,YDIJ full-ROM NXR 96-scene census,R:\NEXUS LINK\原作\research-only\YDIJ_FULL_ROM_DECONSTRUCTION_2026-08-29\analysis\NXR_SCENE_REGISTRY_96.csv,DECODED_REFERENCE,UI_SCENE_74,NDS_2D,DOM_CSS,REUSABLE_STRUCTURE,ORIGINAL_REPLACEMENT_REQUIRED,HIGH_CONFIDENCE_STRUCTURE,ROM_COPYRIGHTED_REFERENCE,true,,,,,,,,,REBUILD,,[],"[""ORIGINAL_VISUAL_REPLACEMENT_REQUIRED""]","Hunt Result; 4 nodes; layout reconstructability HIGH_FOR_SPRITE_LAYERS. Preserve hierarchy/function, never literal DS coordinates."
art:ui:nxr-name-entry-scene:layout-reference,UI,NXR_SCENE_LAYOUT,title_menu/name_entry_scene.nxr,YDIJ full-ROM NXR 96-scene census,R:\NEXUS LINK\原作\research-only\YDIJ_FULL_ROM_DECONSTRUCTION_2026-08-29\analysis\NXR_SCENE_REGISTRY_96.csv,DECODED_REFERENCE,UI_SCENE_40,NDS_2D,DOM_CSS,REUSABLE_STRUCTURE,ORIGINAL_REPLACEMENT_REQUIRED,HIGH_CONFIDENCE_STRUCTURE,ROM_COPYRIGHTED_REFERENCE,true,,,,,,,,,REBUILD,,[],"[""ORIGINAL_VISUAL_REPLACEMENT_REQUIRED""]","Title / Login / Opening; 5 nodes; layout reconstructability HIGH_FOR_SPRITE_LAYERS. Preserve hierarchy/function, never literal DS coordinates."
art:ui:nxr-net-2select:layout-reference,UI,NXR_SCENE_LAYOUT,battle_menu_net/net_2select.nxr,YDIJ full-ROM NXR 96-scene census,R:\NEXUS LINK\原作\research-only\YDIJ_FULL_ROM_DECONSTRUCTION_2026-08-29\analysis\NXR_SCENE_REGISTRY_96.csv,DECODED_REFERENCE,UI_SCENE_7,NDS_2D,DOM_CSS,REUSABLE_STRUCTURE,ORIGINAL_REPLACEMENT_REQUIRED,HIGH_CONFIDENCE_STRUCTURE,ROM_COPYRIGHTED_REFERENCE,true,,,,,,,,,REBUILD,,[],"[""ORIGINAL_VISUAL_REPLACEMENT_REQUIRED""]","Network Battle UI; 10 nodes; layout reconstructability HIGH_FOR_SPRITE_LAYERS. Preserve hierarchy/function, never literal DS coordinates."
art:ui:nxr-net-3select:layout-reference,UI,NXR_SCENE_LAYOUT,battle_menu_net/net_3select.nxr,YDIJ full-ROM NXR 96-scene census,R:\NEXUS LINK\原作\research-only\YDIJ_FULL_ROM_DECONSTRUCTION_2026-08-29\analysis\NXR_SCENE_REGISTRY_96.csv,DECODED_REFERENCE,UI_SCENE_8,NDS_2D,DOM_CSS,REUSABLE_STRUCTURE,ORIGINAL_REPLACEMENT_REQUIRED,HIGH_CONFIDENCE_STRUCTURE,ROM_COPYRIGHTED_REFERENCE,true,,,,,,,,,REBUILD,,[],"[""ORIGINAL_VISUAL_REPLACEMENT_REQUIRED""]","Network Battle UI; 18 nodes; layout reconstructability HIGH_FOR_SPRITE_LAYERS. Preserve hierarchy/function, never literal DS coordinates."
art:ui:nxr-net-friend-list:layout-reference,UI,NXR_SCENE_LAYOUT,battle_menu_net/net_friend_list.nxr,YDIJ full-ROM NXR 96-scene census,R:\NEXUS LINK\原作\research-only\YDIJ_FULL_ROM_DECONSTRUCTION_2026-08-29\analysis\NXR_SCENE_REGISTRY_96.csv,DECODED_REFERENCE,UI_SCENE_9,NDS_2D,DOM_CSS,REUSABLE_STRUCTURE,ORIGINAL_REPLACEMENT_REQUIRED,HIGH_CONFIDENCE_STRUCTURE,ROM_COPYRIGHTED_REFERENCE,true,,,,,,,,,REBUILD,,[],"[""ORIGINAL_VISUAL_REPLACEMENT_REQUIRED""]","Network Battle UI; 5 nodes; layout reconstructability STRUCTURE_ONLY. Preserve hierarchy/function, never literal DS coordinates."
art:ui:nxr-net-friend-menu:layout-reference,UI,NXR_SCENE_LAYOUT,battle_menu_net/net_friend_menu.nxr,YDIJ full-ROM NXR 96-scene census,R:\NEXUS LINK\原作\research-only\YDIJ_FULL_ROM_DECONSTRUCTION_2026-08-29\analysis\NXR_SCENE_REGISTRY_96.csv,DECODED_REFERENCE,UI_SCENE_10,NDS_2D,DOM_CSS,REUSABLE_STRUCTURE,ORIGINAL_REPLACEMENT_REQUIRED,HIGH_CONFIDENCE_STRUCTURE,ROM_COPYRIGHTED_REFERENCE,true,,,,,,,,,REBUILD,,[],"[""ORIGINAL_VISUAL_REPLACEMENT_REQUIRED""]","Network Battle UI; 5 nodes; layout reconstructability HIGH_FOR_SPRITE_LAYERS. Preserve hierarchy/function, never literal DS coordinates."
art:ui:nxr-net-keyboard:layout-reference,UI,NXR_SCENE_LAYOUT,ui/net_keyboard.nxr,YDIJ full-ROM NXR 96-scene census,R:\NEXUS LINK\原作\research-only\YDIJ_FULL_ROM_DECONSTRUCTION_2026-08-29\analysis\NXR_SCENE_REGISTRY_96.csv,DECODED_REFERENCE,UI_SCENE_90,NDS_2D,DOM_CSS,REUSABLE_STRUCTURE,ORIGINAL_REPLACEMENT_REQUIRED,HIGH_CONFIDENCE_STRUCTURE,ROM_COPYRIGHTED_REFERENCE,true,,,,,,,,,REBUILD,,[],"[""ORIGINAL_VISUAL_REPLACEMENT_REQUIRED""]","Shared UI Components; 5 nodes; layout reconstructability HIGH_FOR_SPRITE_LAYERS. Preserve hierarchy/function, never literal DS coordinates."
art:ui:nxr-net-sub-desc:layout-reference,UI,NXR_SCENE_LAYOUT,battle_menu_net/net_sub_desc.nxr,YDIJ full-ROM NXR 96-scene census,R:\NEXUS LINK\原作\research-only\YDIJ_FULL_ROM_DECONSTRUCTION_2026-08-29\analysis\NXR_SCENE_REGISTRY_96.csv,DECODED_REFERENCE,UI_SCENE_11,NDS_2D,DOM_CSS,REUSABLE_STRUCTURE,ORIGINAL_REPLACEMENT_REQUIRED,HIGH_CONFIDENCE_STRUCTURE,ROM_COPYRIGHTED_REFERENCE,true,,,,,,,,,REBUILD,,[],"[""ORIGINAL_VISUAL_REPLACEMENT_REQUIRED""]","Network Battle UI; 2 nodes; layout reconstructability STRUCTURE_ONLY. Preserve hierarchy/function, never literal DS coordinates."
art:ui:nxr-opening-parts1-main:layout-reference,UI,NXR_SCENE_LAYOUT,title_menu/opening_parts1_main.nxr,YDIJ full-ROM NXR 96-scene census,R:\NEXUS LINK\原作\research-only\YDIJ_FULL_ROM_DECONSTRUCTION_2026-08-29\analysis\NXR_SCENE_REGISTRY_96.csv,DECODED_REFERENCE,UI_SCENE_41,NDS_2D,DOM_CSS,REUSABLE_STRUCTURE,ORIGINAL_REPLACEMENT_REQUIRED,HIGH_CONFIDENCE_STRUCTURE,ROM_COPYRIGHTED_REFERENCE,true,,,,,,,,,REBUILD,,[],"[""ORIGINAL_VISUAL_REPLACEMENT_REQUIRED""]","Title / Login / Opening; 4 nodes; layout reconstructability HIGH_FOR_SPRITE_LAYERS. Preserve hierarchy/function, never literal DS coordinates."
art:ui:nxr-opening-parts2-main:layout-reference,UI,NXR_SCENE_LAYOUT,title_menu/opening_parts2_main.nxr,YDIJ full-ROM NXR 96-scene census,R:\NEXUS LINK\原作\research-only\YDIJ_FULL_ROM_DECONSTRUCTION_2026-08-29\analysis\NXR_SCENE_REGISTRY_96.csv,DECODED_REFERENCE,UI_SCENE_42,NDS_2D,DOM_CSS,REUSABLE_STRUCTURE,ORIGINAL_REPLACEMENT_REQUIRED,HIGH_CONFIDENCE_STRUCTURE,ROM_COPYRIGHTED_REFERENCE,true,,,,,,,,,REBUILD,,[],"[""ORIGINAL_VISUAL_REPLACEMENT_REQUIRED""]","Title / Login / Opening; 2 nodes; layout reconstructability HIGH_FOR_SPRITE_LAYERS. Preserve hierarchy/function, never literal DS coordinates."
art:ui:nxr-opening-parts3-main:layout-reference,UI,NXR_SCENE_LAYOUT,title_menu/opening_parts3_main.nxr,YDIJ full-ROM NXR 96-scene census,R:\NEXUS LINK\原作\research-only\YDIJ_FULL_ROM_DECONSTRUCTION_2026-08-29\analysis\NXR_SCENE_REGISTRY_96.csv,DECODED_REFERENCE,UI_SCENE_43,NDS_2D,DOM_CSS,REUSABLE_STRUCTURE,ORIGINAL_REPLACEMENT_REQUIRED,HIGH_CONFIDENCE_STRUCTURE,ROM_COPYRIGHTED_REFERENCE,true,,,,,,,,,REBUILD,,[],"[""ORIGINAL_VISUAL_REPLACEMENT_REQUIRED""]","Title / Login / Opening; 2 nodes; layout reconstructability HIGH_FOR_SPRITE_LAYERS. Preserve hierarchy/function, never literal DS coordinates."
art:ui:nxr-opening-parts4-main:layout-reference,UI,NXR_SCENE_LAYOUT,title_menu/opening_parts4_main.nxr,YDIJ full-ROM NXR 96-scene census,R:\NEXUS LINK\原作\research-only\YDIJ_FULL_ROM_DECONSTRUCTION_2026-08-29\analysis\NXR_SCENE_REGISTRY_96.csv,DECODED_REFERENCE,UI_SCENE_44,NDS_2D,DOM_CSS,REUSABLE_STRUCTURE,ORIGINAL_REPLACEMENT_REQUIRED,HIGH_CONFIDENCE_STRUCTURE,ROM_COPYRIGHTED_REFERENCE,true,,,,,,,,,REBUILD,,[],"[""ORIGINAL_VISUAL_REPLACEMENT_REQUIRED""]","Title / Login / Opening; 1 nodes; layout reconstructability HIGH_FOR_SPRITE_LAYERS. Preserve hierarchy/function, never literal DS coordinates."
art:ui:nxr-pass-entry-scene:layout-reference,UI,NXR_SCENE_LAYOUT,title_menu/pass_entry_scene.nxr,YDIJ full-ROM NXR 96-scene census,R:\NEXUS LINK\原作\research-only\YDIJ_FULL_ROM_DECONSTRUCTION_2026-08-29\analysis\NXR_SCENE_REGISTRY_96.csv,DECODED_REFERENCE,UI_SCENE_45,NDS_2D,DOM_CSS,REUSABLE_STRUCTURE,ORIGINAL_REPLACEMENT_REQUIRED,HIGH_CONFIDENCE_STRUCTURE,ROM_COPYRIGHTED_REFERENCE,true,,,,,,,,,REBUILD,,[],"[""ORIGINAL_VISUAL_REPLACEMENT_REQUIRED""]","Title / Login / Opening; 4 nodes; layout reconstructability HIGH_FOR_SPRITE_LAYERS. Preserve hierarchy/function, never literal DS coordinates."
art:ui:nxr-prize-sub-scene:layout-reference,UI,NXR_SCENE_LAYOUT,database/prize_sub_scene.nxr,YDIJ full-ROM NXR 96-scene census,R:\NEXUS LINK\原作\research-only\YDIJ_FULL_ROM_DECONSTRUCTION_2026-08-29\analysis\NXR_SCENE_REGISTRY_96.csv,DECODED_REFERENCE,UI_SCENE_29,NDS_2D,DOM_CSS,REUSABLE_STRUCTURE,ORIGINAL_REPLACEMENT_REQUIRED,HIGH_CONFIDENCE_STRUCTURE,ROM_COPYRIGHTED_REFERENCE,true,,,,,,,,,REBUILD,,[],"[""ORIGINAL_VISUAL_REPLACEMENT_REQUIRED""]","Database / Encyclopedia; 4 nodes; layout reconstructability STRUCTURE_ONLY. Preserve hierarchy/function, never literal DS coordinates."
art:ui:nxr-result-sub-base:layout-reference,UI,NXR_SCENE_LAYOUT,battle_result/result_sub_base.nxr,YDIJ full-ROM NXR 96-scene census,R:\NEXUS LINK\原作\research-only\YDIJ_FULL_ROM_DECONSTRUCTION_2026-08-29\analysis\NXR_SCENE_REGISTRY_96.csv,DECODED_REFERENCE,UI_SCENE_14,NDS_2D,DOM_CSS,REUSABLE_STRUCTURE,ORIGINAL_REPLACEMENT_REQUIRED,HIGH_CONFIDENCE_STRUCTURE,ROM_COPYRIGHTED_REFERENCE,true,,,,,,,,,REBUILD,,[],"[""ORIGINAL_VISUAL_REPLACEMENT_REQUIRED""]","Battle Result; 10 nodes; layout reconstructability HIGH_FOR_SPRITE_LAYERS. Preserve hierarchy/function, never literal DS coordinates."
art:ui:nxr-result-sub-net-scene:layout-reference,UI,NXR_SCENE_LAYOUT,battle_result/result_sub_net_scene.nxr,YDIJ full-ROM NXR 96-scene census,R:\NEXUS LINK\原作\research-only\YDIJ_FULL_ROM_DECONSTRUCTION_2026-08-29\analysis\NXR_SCENE_REGISTRY_96.csv,DECODED_REFERENCE,UI_SCENE_15,NDS_2D,DOM_CSS,REUSABLE_STRUCTURE,ORIGINAL_REPLACEMENT_REQUIRED,HIGH_CONFIDENCE_STRUCTURE,ROM_COPYRIGHTED_REFERENCE,true,,,,,,,,,REBUILD,,[],"[""ORIGINAL_VISUAL_REPLACEMENT_REQUIRED""]","Battle Result; 33 nodes; layout reconstructability HIGH_FOR_SPRITE_LAYERS. Preserve hierarchy/function, never literal DS coordinates."
art:ui:nxr-result-sub-prize-scene:layout-reference,UI,NXR_SCENE_LAYOUT,battle_result/result_sub_prize_scene.nxr,YDIJ full-ROM NXR 96-scene census,R:\NEXUS LINK\原作\research-only\YDIJ_FULL_ROM_DECONSTRUCTION_2026-08-29\analysis\NXR_SCENE_REGISTRY_96.csv,DECODED_REFERENCE,UI_SCENE_16,NDS_2D,DOM_CSS,REUSABLE_STRUCTURE,ORIGINAL_REPLACEMENT_REQUIRED,HIGH_CONFIDENCE_STRUCTURE,ROM_COPYRIGHTED_REFERENCE,true,,,,,,,,,REBUILD,,[],"[""ORIGINAL_VISUAL_REPLACEMENT_REQUIRED""]","Battle Result; 32 nodes; layout reconstructability HIGH_FOR_SPRITE_LAYERS. Preserve hierarchy/function, never literal DS coordinates."
art:ui:nxr-result-sub-rankup-scene:layout-reference,UI,NXR_SCENE_LAYOUT,battle_result/result_sub_rankup_scene.nxr,YDIJ full-ROM NXR 96-scene census,R:\NEXUS LINK\原作\research-only\YDIJ_FULL_ROM_DECONSTRUCTION_2026-08-29\analysis\NXR_SCENE_REGISTRY_96.csv,DECODED_REFERENCE,UI_SCENE_17,NDS_2D,DOM_CSS,REUSABLE_STRUCTURE,ORIGINAL_REPLACEMENT_REQUIRED,HIGH_CONFIDENCE_STRUCTURE,ROM_COPYRIGHTED_REFERENCE,true,,,,,,,,,REBUILD,,[],"[""ORIGINAL_VISUAL_REPLACEMENT_REQUIRED""]","Battle Result; 12 nodes; layout reconstructability HIGH_FOR_SPRITE_LAYERS. Preserve hierarchy/function, never literal DS coordinates."
art:ui:nxr-result-sub-scene:layout-reference,UI,NXR_SCENE_LAYOUT,battle_result/result_sub_scene.nxr,YDIJ full-ROM NXR 96-scene census,R:\NEXUS LINK\原作\research-only\YDIJ_FULL_ROM_DECONSTRUCTION_2026-08-29\analysis\NXR_SCENE_REGISTRY_96.csv,DECODED_REFERENCE,UI_SCENE_18,NDS_2D,DOM_CSS,REUSABLE_STRUCTURE,ORIGINAL_REPLACEMENT_REQUIRED,HIGH_CONFIDENCE_STRUCTURE,ROM_COPYRIGHTED_REFERENCE,true,,,,,,,,,REBUILD,,[],"[""ORIGINAL_VISUAL_REPLACEMENT_REQUIRED""]","Battle Result; 4 nodes; layout reconstructability HIGH_FOR_SPRITE_LAYERS. Preserve hierarchy/function, never literal DS coordinates."
art:ui:nxr-result-sub-status-scene:layout-reference,UI,NXR_SCENE_LAYOUT,battle_result/result_sub_status_scene.nxr,YDIJ full-ROM NXR 96-scene census,R:\NEXUS LINK\原作\research-only\YDIJ_FULL_ROM_DECONSTRUCTION_2026-08-29\analysis\NXR_SCENE_REGISTRY_96.csv,DECODED_REFERENCE,UI_SCENE_19,NDS_2D,DOM_CSS,REUSABLE_STRUCTURE,ORIGINAL_REPLACEMENT_REQUIRED,HIGH_CONFIDENCE_STRUCTURE,ROM_COPYRIGHTED_REFERENCE,true,,,,,,,,,REBUILD,,[],"[""ORIGINAL_VISUAL_REPLACEMENT_REQUIRED""]","Battle Result; 32 nodes; layout reconstructability HIGH_FOR_SPRITE_LAYERS. Preserve hierarchy/function, never literal DS coordinates."
art:ui:nxr-result-sub-titleget:layout-reference,UI,NXR_SCENE_LAYOUT,battle_result/result_sub_titleget.nxr,YDIJ full-ROM NXR 96-scene census,R:\NEXUS LINK\原作\research-only\YDIJ_FULL_ROM_DECONSTRUCTION_2026-08-29\analysis\NXR_SCENE_REGISTRY_96.csv,DECODED_REFERENCE,UI_SCENE_20,NDS_2D,DOM_CSS,REUSABLE_STRUCTURE,ORIGINAL_REPLACEMENT_REQUIRED,HIGH_CONFIDENCE_STRUCTURE,ROM_COPYRIGHTED_REFERENCE,true,,,,,,,,,REBUILD,,[],"[""ORIGINAL_VISUAL_REPLACEMENT_REQUIRED""]","Battle Result; 39 nodes; layout reconstructability HIGH_FOR_SPRITE_LAYERS. Preserve hierarchy/function, never literal DS coordinates."
art:ui:nxr-save-icon-scene:layout-reference,UI,NXR_SCENE_LAYOUT,ui/save_icon_scene.nxr,YDIJ full-ROM NXR 96-scene census,R:\NEXUS LINK\原作\research-only\YDIJ_FULL_ROM_DECONSTRUCTION_2026-08-29\analysis\NXR_SCENE_REGISTRY_96.csv,DECODED_REFERENCE,UI_SCENE_91,NDS_2D,DOM_CSS,REUSABLE_STRUCTURE,ORIGINAL_REPLACEMENT_REQUIRED,HIGH_CONFIDENCE_STRUCTURE,ROM_COPYRIGHTED_REFERENCE,true,,,,,,,,,REBUILD,,[],"[""ORIGINAL_VISUAL_REPLACEMENT_REQUIRED""]","Shared UI Components; 2 nodes; layout reconstructability HIGH_FOR_SPRITE_LAYERS. Preserve hierarchy/function, never literal DS coordinates."
art:ui:nxr-schedule-item:layout-reference,UI,NXR_SCENE_LAYOUT,training/schedule_item.nxr,YDIJ full-ROM NXR 96-scene census,R:\NEXUS LINK\原作\research-only\YDIJ_FULL_ROM_DECONSTRUCTION_2026-08-29\analysis\NXR_SCENE_REGISTRY_96.csv,DECODED_REFERENCE,UI_SCENE_56,NDS_2D,DOM_CSS,REUSABLE_STRUCTURE,ORIGINAL_REPLACEMENT_REQUIRED,HIGH_CONFIDENCE_STRUCTURE,ROM_COPYRIGHTED_REFERENCE,true,,,,,,,,,REBUILD,,[],"[""ORIGINAL_VISUAL_REPLACEMENT_REQUIRED""]","Training / Home / Schedule; 25 nodes; layout reconstructability HIGH_FOR_SPRITE_LAYERS. Preserve hierarchy/function, never literal DS coordinates."
art:ui:nxr-schedule-season-bar-scene:layout-reference,UI,NXR_SCENE_LAYOUT,training/schedule_season_bar_scene.nxr,YDIJ full-ROM NXR 96-scene census,R:\NEXUS LINK\原作\research-only\YDIJ_FULL_ROM_DECONSTRUCTION_2026-08-29\analysis\NXR_SCENE_REGISTRY_96.csv,DECODED_REFERENCE,UI_SCENE_57,NDS_2D,DOM_CSS,REUSABLE_STRUCTURE,ORIGINAL_REPLACEMENT_REQUIRED,HIGH_CONFIDENCE_STRUCTURE,ROM_COPYRIGHTED_REFERENCE,true,,,,,,,,,REBUILD,,[],"[""ORIGINAL_VISUAL_REPLACEMENT_REQUIRED""]","Training / Home / Schedule; 10 nodes; layout reconstructability HIGH_FOR_SPRITE_LAYERS. Preserve hierarchy/function, never literal DS coordinates."
art:ui:nxr-setting-equip-main-scene:layout-reference,UI,NXR_SCENE_LAYOUT,ui/hunt/setting/setting_equip_main_scene.nxr,YDIJ full-ROM NXR 96-scene census,R:\NEXUS LINK\原作\research-only\YDIJ_FULL_ROM_DECONSTRUCTION_2026-08-29\analysis\NXR_SCENE_REGISTRY_96.csv,DECODED_REFERENCE,UI_SCENE_80,NDS_2D,DOM_CSS,REUSABLE_STRUCTURE,ORIGINAL_REPLACEMENT_REQUIRED,HIGH_CONFIDENCE_STRUCTURE,ROM_COPYRIGHTED_REFERENCE,true,,,,,,,,,REBUILD,,[],"[""ORIGINAL_VISUAL_REPLACEMENT_REQUIRED""]","Hunt Loadout / Equipment; 22 nodes; layout reconstructability HIGH_FOR_SPRITE_LAYERS. Preserve hierarchy/function, never literal DS coordinates."
art:ui:nxr-setting-equip-sub-scene:layout-reference,UI,NXR_SCENE_LAYOUT,ui/hunt/setting/setting_equip_sub_scene.nxr,YDIJ full-ROM NXR 96-scene census,R:\NEXUS LINK\原作\research-only\YDIJ_FULL_ROM_DECONSTRUCTION_2026-08-29\analysis\NXR_SCENE_REGISTRY_96.csv,DECODED_REFERENCE,UI_SCENE_81,NDS_2D,DOM_CSS,REUSABLE_STRUCTURE,ORIGINAL_REPLACEMENT_REQUIRED,HIGH_CONFIDENCE_STRUCTURE,ROM_COPYRIGHTED_REFERENCE,true,,,,,,,,,REBUILD,,[],"[""ORIGINAL_VISUAL_REPLACEMENT_REQUIRED""]","Hunt Loadout / Equipment; 5 nodes; layout reconstructability HIGH_FOR_SPRITE_LAYERS. Preserve hierarchy/function, never literal DS coordinates."
art:ui:nxr-setting-gear-main-scene:layout-reference,UI,NXR_SCENE_LAYOUT,ui/hunt/setting/setting_gear_main_scene.nxr,YDIJ full-ROM NXR 96-scene census,R:\NEXUS LINK\原作\research-only\YDIJ_FULL_ROM_DECONSTRUCTION_2026-08-29\analysis\NXR_SCENE_REGISTRY_96.csv,DECODED_REFERENCE,UI_SCENE_82,NDS_2D,DOM_CSS,REUSABLE_STRUCTURE,ORIGINAL_REPLACEMENT_REQUIRED,HIGH_CONFIDENCE_STRUCTURE,ROM_COPYRIGHTED_REFERENCE,true,,,,,,,,,REBUILD,,[],"[""ORIGINAL_VISUAL_REPLACEMENT_REQUIRED""]","Hunt Loadout / Equipment; 12 nodes; layout reconstructability HIGH_FOR_SPRITE_LAYERS. Preserve hierarchy/function, never literal DS coordinates."
art:ui:nxr-setting-gear-main-slot-scene:layout-reference,UI,NXR_SCENE_LAYOUT,ui/hunt/setting/setting_gear_main_slot_scene.nxr,YDIJ full-ROM NXR 96-scene census,R:\NEXUS LINK\原作\research-only\YDIJ_FULL_ROM_DECONSTRUCTION_2026-08-29\analysis\NXR_SCENE_REGISTRY_96.csv,DECODED_REFERENCE,UI_SCENE_83,NDS_2D,DOM_CSS,REUSABLE_STRUCTURE,ORIGINAL_REPLACEMENT_REQUIRED,HIGH_CONFIDENCE_STRUCTURE,ROM_COPYRIGHTED_REFERENCE,true,,,,,,,,,REBUILD,,[],"[""ORIGINAL_VISUAL_REPLACEMENT_REQUIRED""]","Hunt Loadout / Equipment; 13 nodes; layout reconstructability HIGH_FOR_SPRITE_LAYERS. Preserve hierarchy/function, never literal DS coordinates."
art:ui:nxr-setting-gear-sub-scene:layout-reference,UI,NXR_SCENE_LAYOUT,ui/hunt/setting/setting_gear_sub_scene.nxr,YDIJ full-ROM NXR 96-scene census,R:\NEXUS LINK\原作\research-only\YDIJ_FULL_ROM_DECONSTRUCTION_2026-08-29\analysis\NXR_SCENE_REGISTRY_96.csv,DECODED_REFERENCE,UI_SCENE_84,NDS_2D,DOM_CSS,REUSABLE_STRUCTURE,ORIGINAL_REPLACEMENT_REQUIRED,HIGH_CONFIDENCE_STRUCTURE,ROM_COPYRIGHTED_REFERENCE,true,,,,,,,,,REBUILD,,[],"[""ORIGINAL_VISUAL_REPLACEMENT_REQUIRED""]","Hunt Loadout / Equipment; 8 nodes; layout reconstructability HIGH_FOR_SPRITE_LAYERS. Preserve hierarchy/function, never literal DS coordinates."
art:ui:nxr-setting-sub-base-scene:layout-reference,UI,NXR_SCENE_LAYOUT,ui/hunt/setting/setting_sub_base_scene.nxr,YDIJ full-ROM NXR 96-scene census,R:\NEXUS LINK\原作\research-only\YDIJ_FULL_ROM_DECONSTRUCTION_2026-08-29\analysis\NXR_SCENE_REGISTRY_96.csv,DECODED_REFERENCE,UI_SCENE_85,NDS_2D,DOM_CSS,REUSABLE_STRUCTURE,ORIGINAL_REPLACEMENT_REQUIRED,HIGH_CONFIDENCE_STRUCTURE,ROM_COPYRIGHTED_REFERENCE,true,,,,,,,,,REBUILD,,[],"[""ORIGINAL_VISUAL_REPLACEMENT_REQUIRED""]","Hunt Loadout / Equipment; 7 nodes; layout reconstructability HIGH_FOR_SPRITE_LAYERS. Preserve hierarchy/function, never literal DS coordinates."
art:ui:nxr-shop-buy-plate-scene:layout-reference,UI,NXR_SCENE_LAYOUT,shop/shop_buy_plate_scene.nxr,YDIJ full-ROM NXR 96-scene census,R:\NEXUS LINK\原作\research-only\YDIJ_FULL_ROM_DECONSTRUCTION_2026-08-29\analysis\NXR_SCENE_REGISTRY_96.csv,DECODED_REFERENCE,UI_SCENE_32,NDS_2D,DOM_CSS,REUSABLE_STRUCTURE,ORIGINAL_REPLACEMENT_REQUIRED,HIGH_CONFIDENCE_STRUCTURE,ROM_COPYRIGHTED_REFERENCE,true,,,,,,,,,REBUILD,,[],"[""ORIGINAL_VISUAL_REPLACEMENT_REQUIRED""]","Shop; 44 nodes; layout reconstructability HIGH_FOR_SPRITE_LAYERS. Preserve hierarchy/function, never literal DS coordinates."
art:ui:nxr-shop-item-plate-scene:layout-reference,UI,NXR_SCENE_LAYOUT,shop/shop_item_plate_scene.nxr,YDIJ full-ROM NXR 96-scene census,R:\NEXUS LINK\原作\research-only\YDIJ_FULL_ROM_DECONSTRUCTION_2026-08-29\analysis\NXR_SCENE_REGISTRY_96.csv,DECODED_REFERENCE,UI_SCENE_33,NDS_2D,DOM_CSS,REUSABLE_STRUCTURE,ORIGINAL_REPLACEMENT_REQUIRED,HIGH_CONFIDENCE_STRUCTURE,ROM_COPYRIGHTED_REFERENCE,true,,,,,,,,,REBUILD,,[],"[""ORIGINAL_VISUAL_REPLACEMENT_REQUIRED""]","Shop; 17 nodes; layout reconstructability HIGH_FOR_SPRITE_LAYERS. Preserve hierarchy/function, never literal DS coordinates."
art:ui:nxr-shop-main-bunner-scene:layout-reference,UI,NXR_SCENE_LAYOUT,shop/shop_main_bunner_scene.nxr,YDIJ full-ROM NXR 96-scene census,R:\NEXUS LINK\原作\research-only\YDIJ_FULL_ROM_DECONSTRUCTION_2026-08-29\analysis\NXR_SCENE_REGISTRY_96.csv,DECODED_REFERENCE,UI_SCENE_34,NDS_2D,DOM_CSS,REUSABLE_STRUCTURE,ORIGINAL_REPLACEMENT_REQUIRED,HIGH_CONFIDENCE_STRUCTURE,ROM_COPYRIGHTED_REFERENCE,true,,,,,,,,,REBUILD,,[],"[""ORIGINAL_VISUAL_REPLACEMENT_REQUIRED""]","Shop; 10 nodes; layout reconstructability HIGH_FOR_SPRITE_LAYERS. Preserve hierarchy/function, never literal DS coordinates."
art:ui:nxr-shop-main-menu-scene:layout-reference,UI,NXR_SCENE_LAYOUT,shop/shop_main_menu_scene.nxr,YDIJ full-ROM NXR 96-scene census,R:\NEXUS LINK\原作\research-only\YDIJ_FULL_ROM_DECONSTRUCTION_2026-08-29\analysis\NXR_SCENE_REGISTRY_96.csv,DECODED_REFERENCE,UI_SCENE_35,NDS_2D,DOM_CSS,REUSABLE_STRUCTURE,ORIGINAL_REPLACEMENT_REQUIRED,HIGH_CONFIDENCE_STRUCTURE,ROM_COPYRIGHTED_REFERENCE,true,,,,,,,,,REBUILD,,[],"[""ORIGINAL_VISUAL_REPLACEMENT_REQUIRED""]","Shop; 4 nodes; layout reconstructability HIGH_FOR_SPRITE_LAYERS. Preserve hierarchy/function, never literal DS coordinates."
art:ui:nxr-shop-main-scene:layout-reference,UI,NXR_SCENE_LAYOUT,shop/shop_main_scene.nxr,YDIJ full-ROM NXR 96-scene census,R:\NEXUS LINK\原作\research-only\YDIJ_FULL_ROM_DECONSTRUCTION_2026-08-29\analysis\NXR_SCENE_REGISTRY_96.csv,DECODED_REFERENCE,UI_SCENE_36,NDS_2D,DOM_CSS,REUSABLE_STRUCTURE,ORIGINAL_REPLACEMENT_REQUIRED,HIGH_CONFIDENCE_STRUCTURE,ROM_COPYRIGHTED_REFERENCE,true,,,,,,,,,REBUILD,,[],"[""ORIGINAL_VISUAL_REPLACEMENT_REQUIRED""]","Shop; 16 nodes; layout reconstructability HIGH_FOR_SPRITE_LAYERS. Preserve hierarchy/function, never literal DS coordinates."
art:ui:nxr-shop-sub-scene:layout-reference,UI,NXR_SCENE_LAYOUT,shop/shop_sub_scene.nxr,YDIJ full-ROM NXR 96-scene census,R:\NEXUS LINK\原作\research-only\YDIJ_FULL_ROM_DECONSTRUCTION_2026-08-29\analysis\NXR_SCENE_REGISTRY_96.csv,DECODED_REFERENCE,UI_SCENE_37,NDS_2D,DOM_CSS,REUSABLE_STRUCTURE,ORIGINAL_REPLACEMENT_REQUIRED,HIGH_CONFIDENCE_STRUCTURE,ROM_COPYRIGHTED_REFERENCE,true,,,,,,,,,REBUILD,,[],"[""ORIGINAL_VISUAL_REPLACEMENT_REQUIRED""]","Shop; 24 nodes; layout reconstructability HIGH_FOR_SPRITE_LAYERS. Preserve hierarchy/function, never literal DS coordinates."
art:ui:nxr-tamer-info-main-scene:layout-reference,UI,NXR_SCENE_LAYOUT,tamer_info/tamer_info_main_scene.nxr,YDIJ full-ROM NXR 96-scene census,R:\NEXUS LINK\原作\research-only\YDIJ_FULL_ROM_DECONSTRUCTION_2026-08-29\analysis\NXR_SCENE_REGISTRY_96.csv,DECODED_REFERENCE,UI_SCENE_38,NDS_2D,DOM_CSS,REUSABLE_STRUCTURE,ORIGINAL_REPLACEMENT_REQUIRED,HIGH_CONFIDENCE_STRUCTURE,ROM_COPYRIGHTED_REFERENCE,true,,,,,,,,,REBUILD,,[],"[""ORIGINAL_VISUAL_REPLACEMENT_REQUIRED""]","Tamer Info / Profile; 21 nodes; layout reconstructability HIGH_FOR_SPRITE_LAYERS. Preserve hierarchy/function, never literal DS coordinates."
art:ui:nxr-tamer-info-sub-scene:layout-reference,UI,NXR_SCENE_LAYOUT,tamer_info/tamer_info_sub_scene.nxr,YDIJ full-ROM NXR 96-scene census,R:\NEXUS LINK\原作\research-only\YDIJ_FULL_ROM_DECONSTRUCTION_2026-08-29\analysis\NXR_SCENE_REGISTRY_96.csv,DECODED_REFERENCE,UI_SCENE_39,NDS_2D,DOM_CSS,REUSABLE_STRUCTURE,ORIGINAL_REPLACEMENT_REQUIRED,HIGH_CONFIDENCE_STRUCTURE,ROM_COPYRIGHTED_REFERENCE,true,,,,,,,,,REBUILD,,[],"[""ORIGINAL_VISUAL_REPLACEMENT_REQUIRED""]","Tamer Info / Profile; 23 nodes; layout reconstructability HIGH_FOR_SPRITE_LAYERS. Preserve hierarchy/function, never literal DS coordinates."
art:ui:nxr-team-list-plate-scene:layout-reference,UI,NXR_SCENE_LAYOUT,training/team_list_plate_scene.nxr,YDIJ full-ROM NXR 96-scene census,R:\NEXUS LINK\原作\research-only\YDIJ_FULL_ROM_DECONSTRUCTION_2026-08-29\analysis\NXR_SCENE_REGISTRY_96.csv,DECODED_REFERENCE,UI_SCENE_58,NDS_2D,DOM_CSS,REUSABLE_STRUCTURE,ORIGINAL_REPLACEMENT_REQUIRED,HIGH_CONFIDENCE_STRUCTURE,ROM_COPYRIGHTED_REFERENCE,true,,,,,,,,,REBUILD,,[],"[""ORIGINAL_VISUAL_REPLACEMENT_REQUIRED""]","Training / Home / Schedule; 20 nodes; layout reconstructability HIGH_FOR_SPRITE_LAYERS. Preserve hierarchy/function, never literal DS coordinates."
art:ui:nxr-team-pass-scene:layout-reference,UI,NXR_SCENE_LAYOUT,battle_menu/team_pass_scene.nxr,YDIJ full-ROM NXR 96-scene census,R:\NEXUS LINK\原作\research-only\YDIJ_FULL_ROM_DECONSTRUCTION_2026-08-29\analysis\NXR_SCENE_REGISTRY_96.csv,DECODED_REFERENCE,UI_SCENE_5,NDS_2D,DOM_CSS,REUSABLE_STRUCTURE,ORIGINAL_REPLACEMENT_REQUIRED,HIGH_CONFIDENCE_STRUCTURE,ROM_COPYRIGHTED_REFERENCE,true,,,,,,,,,REBUILD,,[],"[""ORIGINAL_VISUAL_REPLACEMENT_REQUIRED""]","Battle Menu / Setup; 3 nodes; layout reconstructability HIGH_FOR_SPRITE_LAYERS. Preserve hierarchy/function, never literal DS coordinates."
art:ui:nxr-title-confirm-base-scene:layout-reference,UI,NXR_SCENE_LAYOUT,title_menu/title_confirm_base_scene.nxr,YDIJ full-ROM NXR 96-scene census,R:\NEXUS LINK\原作\research-only\YDIJ_FULL_ROM_DECONSTRUCTION_2026-08-29\analysis\NXR_SCENE_REGISTRY_96.csv,DECODED_REFERENCE,UI_SCENE_46,NDS_2D,DOM_CSS,REUSABLE_STRUCTURE,ORIGINAL_REPLACEMENT_REQUIRED,HIGH_CONFIDENCE_STRUCTURE,ROM_COPYRIGHTED_REFERENCE,true,,,,,,,,,REBUILD,,[],"[""ORIGINAL_VISUAL_REPLACEMENT_REQUIRED""]","Title / Login / Opening; 13 nodes; layout reconstructability HIGH_FOR_SPRITE_LAYERS. Preserve hierarchy/function, never literal DS coordinates."
art:ui:nxr-title-login-scene:layout-reference,UI,NXR_SCENE_LAYOUT,title_menu/title_login_scene.nxr,YDIJ full-ROM NXR 96-scene census,R:\NEXUS LINK\原作\research-only\YDIJ_FULL_ROM_DECONSTRUCTION_2026-08-29\analysis\NXR_SCENE_REGISTRY_96.csv,DECODED_REFERENCE,UI_SCENE_47,NDS_2D,DOM_CSS,REUSABLE_STRUCTURE,ORIGINAL_REPLACEMENT_REQUIRED,HIGH_CONFIDENCE_STRUCTURE,ROM_COPYRIGHTED_REFERENCE,true,,,,,,,,,REBUILD,,[],"[""ORIGINAL_VISUAL_REPLACEMENT_REQUIRED""]","Title / Login / Opening; 3 nodes; layout reconstructability HIGH_FOR_SPRITE_LAYERS. Preserve hierarchy/function, never literal DS coordinates."
art:ui:nxr-title-menu-scene:layout-reference,UI,NXR_SCENE_LAYOUT,title_menu/title_menu_scene.nxr,YDIJ full-ROM NXR 96-scene census,R:\NEXUS LINK\原作\research-only\YDIJ_FULL_ROM_DECONSTRUCTION_2026-08-29\analysis\NXR_SCENE_REGISTRY_96.csv,DECODED_REFERENCE,UI_SCENE_48,NDS_2D,DOM_CSS,REUSABLE_STRUCTURE,ORIGINAL_REPLACEMENT_REQUIRED,HIGH_CONFIDENCE_STRUCTURE,ROM_COPYRIGHTED_REFERENCE,true,,,,,,,,,REBUILD,,[],"[""ORIGINAL_VISUAL_REPLACEMENT_REQUIRED""]","Title / Login / Opening; 6 nodes; layout reconstructability HIGH_FOR_SPRITE_LAYERS. Preserve hierarchy/function, never literal DS coordinates."
art:ui:nxr-title-welcome-scene:layout-reference,UI,NXR_SCENE_LAYOUT,title_menu/title_welcome_scene.nxr,YDIJ full-ROM NXR 96-scene census,R:\NEXUS LINK\原作\research-only\YDIJ_FULL_ROM_DECONSTRUCTION_2026-08-29\analysis\NXR_SCENE_REGISTRY_96.csv,DECODED_REFERENCE,UI_SCENE_49,NDS_2D,DOM_CSS,REUSABLE_STRUCTURE,ORIGINAL_REPLACEMENT_REQUIRED,HIGH_CONFIDENCE_STRUCTURE,ROM_COPYRIGHTED_REFERENCE,true,,,,,,,,,REBUILD,,[],"[""ORIGINAL_VISUAL_REPLACEMENT_REQUIRED""]","Title / Login / Opening; 1 nodes; layout reconstructability HIGH_FOR_SPRITE_LAYERS. Preserve hierarchy/function, never literal DS coordinates."
art:ui:nxr-titlematch-top-sub-scene:layout-reference,UI,NXR_SCENE_LAYOUT,battle_menu/titlematch_top_sub_scene.nxr,YDIJ full-ROM NXR 96-scene census,R:\NEXUS LINK\原作\research-only\YDIJ_FULL_ROM_DECONSTRUCTION_2026-08-29\analysis\NXR_SCENE_REGISTRY_96.csv,DECODED_REFERENCE,UI_SCENE_6,NDS_2D,DOM_CSS,REUSABLE_STRUCTURE,ORIGINAL_REPLACEMENT_REQUIRED,HIGH_CONFIDENCE_STRUCTURE,ROM_COPYRIGHTED_REFERENCE,true,,,,,,,,,REBUILD,,[],"[""ORIGINAL_VISUAL_REPLACEMENT_REQUIRED""]","Battle Menu / Setup; 17 nodes; layout reconstructability HIGH_FOR_SPRITE_LAYERS. Preserve hierarchy/function, never literal DS coordinates."
art:ui:nxr-today-window-ext-scene:layout-reference,UI,NXR_SCENE_LAYOUT,today_window/today_window_ext_scene.nxr,YDIJ full-ROM NXR 96-scene census,R:\NEXUS LINK\原作\research-only\YDIJ_FULL_ROM_DECONSTRUCTION_2026-08-29\analysis\NXR_SCENE_REGISTRY_96.csv,DECODED_REFERENCE,UI_SCENE_51,NDS_2D,DOM_CSS,REUSABLE_STRUCTURE,ORIGINAL_REPLACEMENT_REQUIRED,HIGH_CONFIDENCE_STRUCTURE,ROM_COPYRIGHTED_REFERENCE,true,,,,,,,,,REBUILD,,[],"[""ORIGINAL_VISUAL_REPLACEMENT_REQUIRED""]","Today / Calendar; 11 nodes; layout reconstructability HIGH_FOR_SPRITE_LAYERS. Preserve hierarchy/function, never literal DS coordinates."
art:ui:nxr-today-window-normal-scene:layout-reference,UI,NXR_SCENE_LAYOUT,today_window/today_window_normal_scene.nxr,YDIJ full-ROM NXR 96-scene census,R:\NEXUS LINK\原作\research-only\YDIJ_FULL_ROM_DECONSTRUCTION_2026-08-29\analysis\NXR_SCENE_REGISTRY_96.csv,DECODED_REFERENCE,UI_SCENE_52,NDS_2D,DOM_CSS,REUSABLE_STRUCTURE,ORIGINAL_REPLACEMENT_REQUIRED,HIGH_CONFIDENCE_STRUCTURE,ROM_COPYRIGHTED_REFERENCE,true,,,,,,,,,REBUILD,,[],"[""ORIGINAL_VISUAL_REPLACEMENT_REQUIRED""]","Today / Calendar; 4 nodes; layout reconstructability HIGH_FOR_SPRITE_LAYERS. Preserve hierarchy/function, never literal DS coordinates."
art:ui:nxr-toolbar:layout-reference,UI,NXR_SCENE_LAYOUT,ui/toolbar.nxr,YDIJ full-ROM NXR 96-scene census,R:\NEXUS LINK\原作\research-only\YDIJ_FULL_ROM_DECONSTRUCTION_2026-08-29\analysis\NXR_SCENE_REGISTRY_96.csv,DECODED_REFERENCE,UI_SCENE_92,NDS_2D,DOM_CSS,REUSABLE_STRUCTURE,ORIGINAL_REPLACEMENT_REQUIRED,HIGH_CONFIDENCE_STRUCTURE,ROM_COPYRIGHTED_REFERENCE,true,,,,,,,,,REBUILD,,[],"[""ORIGINAL_VISUAL_REPLACEMENT_REQUIRED""]","Shared UI Components; 18 nodes; layout reconstructability HIGH_FOR_SPRITE_LAYERS. Preserve hierarchy/function, never literal DS coordinates."
art:ui:nxr-training-sub-scene:layout-reference,UI,NXR_SCENE_LAYOUT,training/training_sub_scene.nxr,YDIJ full-ROM NXR 96-scene census,R:\NEXUS LINK\原作\research-only\YDIJ_FULL_ROM_DECONSTRUCTION_2026-08-29\analysis\NXR_SCENE_REGISTRY_96.csv,DECODED_REFERENCE,UI_SCENE_59,NDS_2D,DOM_CSS,REUSABLE_STRUCTURE,ORIGINAL_REPLACEMENT_REQUIRED,HIGH_CONFIDENCE_STRUCTURE,ROM_COPYRIGHTED_REFERENCE,true,,,,,,,,,REBUILD,,[],"[""ORIGINAL_VISUAL_REPLACEMENT_REQUIRED""]","Training / Home / Schedule; 75 nodes; layout reconstructability HIGH_FOR_SPRITE_LAYERS. Preserve hierarchy/function, never literal DS coordinates."
art:ui:nxr-wifi-strength-level-icon:layout-reference,UI,NXR_SCENE_LAYOUT,battle_menu_net/wifi_strength_level_icon.nxr,YDIJ full-ROM NXR 96-scene census,R:\NEXUS LINK\原作\research-only\YDIJ_FULL_ROM_DECONSTRUCTION_2026-08-29\analysis\NXR_SCENE_REGISTRY_96.csv,DECODED_REFERENCE,UI_SCENE_12,NDS_2D,DOM_CSS,REUSABLE_STRUCTURE,ORIGINAL_REPLACEMENT_REQUIRED,HIGH_CONFIDENCE_STRUCTURE,ROM_COPYRIGHTED_REFERENCE,true,,,,,,,,,REBUILD,,[],"[""ORIGINAL_VISUAL_REPLACEMENT_REQUIRED""]","Network Battle UI; 3 nodes; layout reconstructability HIGH_FOR_SPRITE_LAYERS. Preserve hierarchy/function, never literal DS coordinates."
art:ui:nxr-world-number-scene:layout-reference,UI,NXR_SCENE_LAYOUT,ui/world_number_scene.nxr,YDIJ full-ROM NXR 96-scene census,R:\NEXUS LINK\原作\research-only\YDIJ_FULL_ROM_DECONSTRUCTION_2026-08-29\analysis\NXR_SCENE_REGISTRY_96.csv,DECODED_REFERENCE,UI_SCENE_93,NDS_2D,DOM_CSS,REUSABLE_STRUCTURE,ORIGINAL_REPLACEMENT_REQUIRED,HIGH_CONFIDENCE_STRUCTURE,ROM_COPYRIGHTED_REFERENCE,true,,,,,,,,,REBUILD,,[],"[""ORIGINAL_VISUAL_REPLACEMENT_REQUIRED""]","Shared UI Components; 16 nodes; layout reconstructability HIGH_FOR_SPRITE_LAYERS. Preserve hierarchy/function, never literal DS coordinates."
art:ui:nxr-world-sub-base-scene:layout-reference,UI,NXR_SCENE_LAYOUT,ui/hunt/world/world_sub_base_scene.nxr,YDIJ full-ROM NXR 96-scene census,R:\NEXUS LINK\原作\research-only\YDIJ_FULL_ROM_DECONSTRUCTION_2026-08-29\analysis\NXR_SCENE_REGISTRY_96.csv,DECODED_REFERENCE,UI_SCENE_86,NDS_2D,DOM_CSS,REUSABLE_STRUCTURE,ORIGINAL_REPLACEMENT_REQUIRED,HIGH_CONFIDENCE_STRUCTURE,ROM_COPYRIGHTED_REFERENCE,true,,,,,,,,,REBUILD,,[],"[""ORIGINAL_VISUAL_REPLACEMENT_REQUIRED""]","Hunt World / Gate UI; 5 nodes; layout reconstructability HIGH_FOR_SPRITE_LAYERS. Preserve hierarchy/function, never literal DS coordinates."
art:vfx:battle-atkup:nitro-reference,VFX,NITRO_3D_EFFECT_FAMILY,battle/atkup,YDIJ Nitro 3D inventory + decoded reference pack,R:\NEXUS LINK\原作\YDIJ_3D_RESEARCH_PACK_2026-08-24\3D_ASSET_INVENTORY.csv,ROM_BINARY,RAW_3D_BATTLE_ATKUP,NITRO_3D_VFX,HYBRID_2D_3D,NEEDS_CONVERSION,ORIGINAL_REPLACEMENT_REQUIRED,VERIFIED_BINARY,ROM_COPYRIGHTED_REFERENCE,true,,,,,,,,,REBUILD,,[],"[""CLEAN_ROOM_ORIGINAL_REPLACEMENT_REQUIRED""]","Verified Nitro 3D effect family; recreate only the effect layer, not the whole scene."
art:vfx:battle-circle-my:nitro-reference,VFX,NITRO_3D_EFFECT_FAMILY,battle/circle_my,YDIJ Nitro 3D inventory + decoded reference pack,R:\NEXUS LINK\原作\YDIJ_3D_RESEARCH_PACK_2026-08-24\3D_ASSET_INVENTORY.csv,ROM_BINARY,RAW_3D_BATTLE_CIRCLE_MY,NITRO_3D_VFX,HYBRID_2D_3D,NEEDS_CONVERSION,ORIGINAL_REPLACEMENT_REQUIRED,VERIFIED_BINARY,ROM_COPYRIGHTED_REFERENCE,true,,,,,,,,,REBUILD,,[],"[""CLEAN_ROOM_ORIGINAL_REPLACEMENT_REQUIRED""]","Verified Nitro 3D effect family; recreate only the effect layer, not the whole scene."
art:vfx:battle-circle:nitro-reference,VFX,NITRO_3D_EFFECT_FAMILY,battle/circle,YDIJ Nitro 3D inventory + decoded reference pack,R:\NEXUS LINK\原作\YDIJ_3D_RESEARCH_PACK_2026-08-24\3D_ASSET_INVENTORY.csv,ROM_BINARY,RAW_3D_BATTLE_CIRCLE,NITRO_3D_VFX,HYBRID_2D_3D,NEEDS_CONVERSION,ORIGINAL_REPLACEMENT_REQUIRED,VERIFIED_BINARY,ROM_COPYRIGHTED_REFERENCE,true,,,,,,,,,REBUILD,,[],"[""CLEAN_ROOM_ORIGINAL_REPLACEMENT_REQUIRED""]","Verified Nitro 3D effect family; recreate only the effect layer, not the whole scene."
art:vfx:battle-critup:nitro-reference,VFX,NITRO_3D_EFFECT_FAMILY,battle/critup,YDIJ Nitro 3D inventory + decoded reference pack,R:\NEXUS LINK\原作\YDIJ_3D_RESEARCH_PACK_2026-08-24\3D_ASSET_INVENTORY.csv,ROM_BINARY,RAW_3D_BATTLE_CRITUP,NITRO_3D_VFX,HYBRID_2D_3D,NEEDS_CONVERSION,ORIGINAL_REPLACEMENT_REQUIRED,VERIFIED_BINARY,ROM_COPYRIGHTED_REFERENCE,true,,,,,,,,,REBUILD,,[],"[""CLEAN_ROOM_ORIGINAL_REPLACEMENT_REQUIRED""]","Verified Nitro 3D effect family; recreate only the effect layer, not the whole scene."
art:vfx:battle-defup:nitro-reference,VFX,NITRO_3D_EFFECT_FAMILY,battle/defup,YDIJ Nitro 3D inventory + decoded reference pack,R:\NEXUS LINK\原作\YDIJ_3D_RESEARCH_PACK_2026-08-24\3D_ASSET_INVENTORY.csv,ROM_BINARY,RAW_3D_BATTLE_DEFUP,NITRO_3D_VFX,HYBRID_2D_3D,NEEDS_CONVERSION,ORIGINAL_REPLACEMENT_REQUIRED,VERIFIED_BINARY,ROM_COPYRIGHTED_REFERENCE,true,,,,,,,,,REBUILD,,[],"[""CLEAN_ROOM_ORIGINAL_REPLACEMENT_REQUIRED""]","Verified Nitro 3D effect family; recreate only the effect layer, not the whole scene."
art:vfx:battle-earth-hit:nitro-reference,VFX,NITRO_3D_EFFECT_FAMILY,battle/earth_hit,YDIJ Nitro 3D inventory + decoded reference pack,R:\NEXUS LINK\原作\YDIJ_3D_RESEARCH_PACK_2026-08-24\3D_ASSET_INVENTORY.csv,ROM_BINARY,RAW_3D_BATTLE_EARTH_HIT,NITRO_3D_VFX,HYBRID_2D_3D,NEEDS_CONVERSION,ORIGINAL_REPLACEMENT_REQUIRED,VERIFIED_BINARY,ROM_COPYRIGHTED_REFERENCE,true,,,,,,,,,REBUILD,,[],"[""CLEAN_ROOM_ORIGINAL_REPLACEMENT_REQUIRED""]","Verified Nitro 3D effect family; recreate only the effect layer, not the whole scene."
art:vfx:battle-hitspark-big:nitro-reference,VFX,NITRO_3D_EFFECT_FAMILY,battle/hitspark_big,YDIJ Nitro 3D inventory + decoded reference pack,R:\NEXUS LINK\原作\YDIJ_3D_RESEARCH_PACK_2026-08-24\3D_ASSET_INVENTORY.csv,ROM_BINARY,RAW_3D_BATTLE_HITSPARK_BIG,NITRO_3D_VFX,HYBRID_2D_3D,NEEDS_CONVERSION,ORIGINAL_REPLACEMENT_REQUIRED,VERIFIED_BINARY,ROM_COPYRIGHTED_REFERENCE,true,,,,,,,,,REBUILD,,[],"[""CLEAN_ROOM_ORIGINAL_REPLACEMENT_REQUIRED""]","Verified Nitro 3D effect family; recreate only the effect layer, not the whole scene."
art:vfx:battle-hitspark-small:nitro-reference,VFX,NITRO_3D_EFFECT_FAMILY,battle/hitspark_small,YDIJ Nitro 3D inventory + decoded reference pack,R:\NEXUS LINK\原作\YDIJ_3D_RESEARCH_PACK_2026-08-24\3D_ASSET_INVENTORY.csv,ROM_BINARY,RAW_3D_BATTLE_HITSPARK_SMALL,NITRO_3D_VFX,HYBRID_2D_3D,NEEDS_CONVERSION,ORIGINAL_REPLACEMENT_REQUIRED,VERIFIED_BINARY,ROM_COPYRIGHTED_REFERENCE,true,,,,,,,,,REBUILD,,[],"[""CLEAN_ROOM_ORIGINAL_REPLACEMENT_REQUIRED""]","Verified Nitro 3D effect family; recreate only the effect layer, not the whole scene."
art:vfx:battle-hitup:nitro-reference,VFX,NITRO_3D_EFFECT_FAMILY,battle/hitup,YDIJ Nitro 3D inventory + decoded reference pack,R:\NEXUS LINK\原作\YDIJ_3D_RESEARCH_PACK_2026-08-24\3D_ASSET_INVENTORY.csv,ROM_BINARY,RAW_3D_BATTLE_HITUP,NITRO_3D_VFX,HYBRID_2D_3D,NEEDS_CONVERSION,ORIGINAL_REPLACEMENT_REQUIRED,VERIFIED_BINARY,ROM_COPYRIGHTED_REFERENCE,true,,,,,,,,,REBUILD,,[],"[""CLEAN_ROOM_ORIGINAL_REPLACEMENT_REQUIRED""]","Verified Nitro 3D effect family; recreate only the effect layer, not the whole scene."
art:vfx:battle-hypereffect-ring:nitro-reference,VFX,NITRO_3D_EFFECT_FAMILY,battle/hypereffect_ring,YDIJ Nitro 3D inventory + decoded reference pack,R:\NEXUS LINK\原作\YDIJ_3D_RESEARCH_PACK_2026-08-24\3D_ASSET_INVENTORY.csv,ROM_BINARY,RAW_3D_BATTLE_HYPEREFFECT_RING,NITRO_3D_VFX,HYBRID_2D_3D,NEEDS_CONVERSION,ORIGINAL_REPLACEMENT_REQUIRED,VERIFIED_BINARY,ROM_COPYRIGHTED_REFERENCE,true,,,,,,,,,REBUILD,,[],"[""CLEAN_ROOM_ORIGINAL_REPLACEMENT_REQUIRED""]","Verified Nitro 3D effect family; recreate only the effect layer, not the whole scene."
art:vfx:battle-hypereffect:nitro-reference,VFX,NITRO_3D_EFFECT_FAMILY,battle/hypereffect,YDIJ Nitro 3D inventory + decoded reference pack,R:\NEXUS LINK\原作\YDIJ_3D_RESEARCH_PACK_2026-08-24\3D_ASSET_INVENTORY.csv,ROM_BINARY,RAW_3D_BATTLE_HYPEREFFECT,NITRO_3D_VFX,HYBRID_2D_3D,NEEDS_CONVERSION,ORIGINAL_REPLACEMENT_REQUIRED,VERIFIED_BINARY,ROM_COPYRIGHTED_REFERENCE,true,,,,,,,,,REBUILD,,[],"[""CLEAN_ROOM_ORIGINAL_REPLACEMENT_REQUIRED""]","Verified Nitro 3D effect family; recreate only the effect layer, not the whole scene."
art:vfx:battle-s-impact-b:nitro-reference,VFX,NITRO_3D_EFFECT_FAMILY,battle/s_impact_b,YDIJ Nitro 3D inventory + decoded reference pack,R:\NEXUS LINK\原作\YDIJ_3D_RESEARCH_PACK_2026-08-24\3D_ASSET_INVENTORY.csv,ROM_BINARY,RAW_3D_BATTLE_S_IMPACT_B,NITRO_3D_VFX,HYBRID_2D_3D,NEEDS_CONVERSION,ORIGINAL_REPLACEMENT_REQUIRED,VERIFIED_BINARY,ROM_COPYRIGHTED_REFERENCE,true,,,,,,,,,REBUILD,,[],"[""CLEAN_ROOM_ORIGINAL_REPLACEMENT_REQUIRED""]","Verified Nitro 3D effect family; recreate only the effect layer, not the whole scene."
art:vfx:battle-s-impact-s:nitro-reference,VFX,NITRO_3D_EFFECT_FAMILY,battle/s_impact_s,YDIJ Nitro 3D inventory + decoded reference pack,R:\NEXUS LINK\原作\YDIJ_3D_RESEARCH_PACK_2026-08-24\3D_ASSET_INVENTORY.csv,ROM_BINARY,RAW_3D_BATTLE_S_IMPACT_S,NITRO_3D_VFX,HYBRID_2D_3D,NEEDS_CONVERSION,ORIGINAL_REPLACEMENT_REQUIRED,VERIFIED_BINARY,ROM_COPYRIGHTED_REFERENCE,true,,,,,,,,,REBUILD,,[],"[""CLEAN_ROOM_ORIGINAL_REPLACEMENT_REQUIRED""]","Verified Nitro 3D effect family; recreate only the effect layer, not the whole scene."
art:vfx:battle-speedup:nitro-reference,VFX,NITRO_3D_EFFECT_FAMILY,battle/speedup,YDIJ Nitro 3D inventory + decoded reference pack,R:\NEXUS LINK\原作\YDIJ_3D_RESEARCH_PACK_2026-08-24\3D_ASSET_INVENTORY.csv,ROM_BINARY,RAW_3D_BATTLE_SPEEDUP,NITRO_3D_VFX,HYBRID_2D_3D,NEEDS_CONVERSION,ORIGINAL_REPLACEMENT_REQUIRED,VERIFIED_BINARY,ROM_COPYRIGHTED_REFERENCE,true,,,,,,,,,REBUILD,,[],"[""CLEAN_ROOM_ORIGINAL_REPLACEMENT_REQUIRED""]","Verified Nitro 3D effect family; recreate only the effect layer, not the whole scene."
art:vfx:battle-test-buff:nitro-reference,VFX,NITRO_3D_EFFECT_FAMILY,battle/test_buff,YDIJ Nitro 3D inventory + decoded reference pack,R:\NEXUS LINK\原作\YDIJ_3D_RESEARCH_PACK_2026-08-24\3D_ASSET_INVENTORY.csv,ROM_BINARY,RAW_3D_BATTLE_TEST_BUFF,NITRO_3D_VFX,HYBRID_2D_3D,NEEDS_CONVERSION,ORIGINAL_REPLACEMENT_REQUIRED,VERIFIED_BINARY,ROM_COPYRIGHTED_REFERENCE,true,,,,,,,,,REBUILD,,[],"[""CLEAN_ROOM_ORIGINAL_REPLACEMENT_REQUIRED""]","Verified Nitro 3D effect family; recreate only the effect layer, not the whole scene."
art:vfx:battle-test-eff:nitro-reference,VFX,NITRO_3D_EFFECT_FAMILY,battle/test_eff,YDIJ Nitro 3D inventory + decoded reference pack,R:\NEXUS LINK\原作\YDIJ_3D_RESEARCH_PACK_2026-08-24\3D_ASSET_INVENTORY.csv,ROM_BINARY,RAW_3D_BATTLE_TEST_EFF,NITRO_3D_VFX,HYBRID_2D_3D,NEEDS_CONVERSION,ORIGINAL_REPLACEMENT_REQUIRED,VERIFIED_BINARY,ROM_COPYRIGHTED_REFERENCE,true,,,,,,,,,REBUILD,,[],"[""CLEAN_ROOM_ORIGINAL_REPLACEMENT_REQUIRED""]","Verified Nitro 3D effect family; recreate only the effect layer, not the whole scene."
art:vfx:battle-toleup:nitro-reference,VFX,NITRO_3D_EFFECT_FAMILY,battle/toleup,YDIJ Nitro 3D inventory + decoded reference pack,R:\NEXUS LINK\原作\YDIJ_3D_RESEARCH_PACK_2026-08-24\3D_ASSET_INVENTORY.csv,ROM_BINARY,RAW_3D_BATTLE_TOLEUP,NITRO_3D_VFX,HYBRID_2D_3D,NEEDS_CONVERSION,ORIGINAL_REPLACEMENT_REQUIRED,VERIFIED_BINARY,ROM_COPYRIGHTED_REFERENCE,true,,,,,,,,,REBUILD,,[],"[""CLEAN_ROOM_ORIGINAL_REPLACEMENT_REQUIRED""]","Verified Nitro 3D effect family; recreate only the effect layer, not the whole scene."
art:vfx:common-lightup:nitro-reference,VFX,NITRO_3D_EFFECT_FAMILY,common/lightup,YDIJ Nitro 3D inventory + decoded reference pack,R:\NEXUS LINK\原作\YDIJ_3D_RESEARCH_PACK_2026-08-24\3D_ASSET_INVENTORY.csv,ROM_BINARY,RAW_3D_COMMON_LIGHTUP,NITRO_3D_VFX,HYBRID_2D_3D,NEEDS_CONVERSION,ORIGINAL_REPLACEMENT_REQUIRED,VERIFIED_BINARY,ROM_COPYRIGHTED_REFERENCE,true,,,,,,,,,REBUILD,,[],"[""CLEAN_ROOM_ORIGINAL_REPLACEMENT_REQUIRED""]","Verified Nitro 3D effect family; recreate only the effect layer, not the whole scene."
art:vfx:common-mist:nitro-reference,VFX,NITRO_3D_EFFECT_FAMILY,common/mist,YDIJ Nitro 3D inventory + decoded reference pack,R:\NEXUS LINK\原作\YDIJ_3D_RESEARCH_PACK_2026-08-24\3D_ASSET_INVENTORY.csv,ROM_BINARY,RAW_3D_COMMON_MIST,NITRO_3D_VFX,HYBRID_2D_3D,NEEDS_CONVERSION,ORIGINAL_REPLACEMENT_REQUIRED,VERIFIED_BINARY,ROM_COPYRIGHTED_REFERENCE,true,,,,,,,,,REBUILD,,[],"[""CLEAN_ROOM_ORIGINAL_REPLACEMENT_REQUIRED""]","Verified Nitro 3D effect family; recreate only the effect layer, not the whole scene."
art:vfx:common-rain:nitro-reference,VFX,NITRO_3D_EFFECT_FAMILY,common/rain,YDIJ Nitro 3D inventory + decoded reference pack,R:\NEXUS LINK\原作\YDIJ_3D_RESEARCH_PACK_2026-08-24\3D_ASSET_INVENTORY.csv,ROM_BINARY,RAW_3D_COMMON_RAIN,NITRO_3D_VFX,HYBRID_2D_3D,NEEDS_CONVERSION,ORIGINAL_REPLACEMENT_REQUIRED,VERIFIED_BINARY,ROM_COPYRIGHTED_REFERENCE,true,,,,,,,,,REBUILD,,[],"[""CLEAN_ROOM_ORIGINAL_REPLACEMENT_REQUIRED""]","Verified Nitro 3D effect family; recreate only the effect layer, not the whole scene."
art:vfx:common-sandstome:nitro-reference,VFX,NITRO_3D_EFFECT_FAMILY,common/sandstome,YDIJ Nitro 3D inventory + decoded reference pack,R:\NEXUS LINK\原作\YDIJ_3D_RESEARCH_PACK_2026-08-24\3D_ASSET_INVENTORY.csv,ROM_BINARY,RAW_3D_COMMON_SANDSTOME,NITRO_3D_VFX,HYBRID_2D_3D,NEEDS_CONVERSION,ORIGINAL_REPLACEMENT_REQUIRED,VERIFIED_BINARY,ROM_COPYRIGHTED_REFERENCE,true,,,,,,,,,REBUILD,,[],"[""CLEAN_ROOM_ORIGINAL_REPLACEMENT_REQUIRED""]","Verified Nitro 3D effect family; recreate only the effect layer, not the whole scene."
art:vfx:common-snow:nitro-reference,VFX,NITRO_3D_EFFECT_FAMILY,common/snow,YDIJ Nitro 3D inventory + decoded reference pack,R:\NEXUS LINK\原作\YDIJ_3D_RESEARCH_PACK_2026-08-24\3D_ASSET_INVENTORY.csv,ROM_BINARY,RAW_3D_COMMON_SNOW,NITRO_3D_VFX,HYBRID_2D_3D,NEEDS_CONVERSION,ORIGINAL_REPLACEMENT_REQUIRED,VERIFIED_BINARY,ROM_COPYRIGHTED_REFERENCE,true,,,,,,,,,REBUILD,,[],"[""CLEAN_ROOM_ORIGINAL_REPLACEMENT_REQUIRED""]","Verified Nitro 3D effect family; recreate only the effect layer, not the whole scene."
art:vfx:common-snowstome:nitro-reference,VFX,NITRO_3D_EFFECT_FAMILY,common/snowstome,YDIJ Nitro 3D inventory + decoded reference pack,R:\NEXUS LINK\原作\YDIJ_3D_RESEARCH_PACK_2026-08-24\3D_ASSET_INVENTORY.csv,ROM_BINARY,RAW_3D_COMMON_SNOWSTOME,NITRO_3D_VFX,HYBRID_2D_3D,NEEDS_CONVERSION,ORIGINAL_REPLACEMENT_REQUIRED,VERIFIED_BINARY,ROM_COPYRIGHTED_REFERENCE,true,,,,,,,,,REBUILD,,[],"[""CLEAN_ROOM_ORIGINAL_REPLACEMENT_REQUIRED""]","Verified Nitro 3D effect family; recreate only the effect layer, not the whole scene."
art:vfx:common-spark:nitro-reference,VFX,NITRO_3D_EFFECT_FAMILY,common/spark,YDIJ Nitro 3D inventory + decoded reference pack,R:\NEXUS LINK\原作\YDIJ_3D_RESEARCH_PACK_2026-08-24\3D_ASSET_INVENTORY.csv,ROM_BINARY,RAW_3D_COMMON_SPARK,NITRO_3D_VFX,HYBRID_2D_3D,NEEDS_CONVERSION,ORIGINAL_REPLACEMENT_REQUIRED,VERIFIED_BINARY,ROM_COPYRIGHTED_REFERENCE,true,,,,,,,,,REBUILD,,[],"[""CLEAN_ROOM_ORIGINAL_REPLACEMENT_REQUIRED""]","Verified Nitro 3D effect family; recreate only the effect layer, not the whole scene."
art:vfx:common-time-pl:nitro-reference,VFX,NITRO_3D_EFFECT_FAMILY,common/time_pl,YDIJ Nitro 3D inventory + decoded reference pack,R:\NEXUS LINK\原作\YDIJ_3D_RESEARCH_PACK_2026-08-24\3D_ASSET_INVENTORY.csv,ROM_BINARY,RAW_3D_COMMON_TIME_PL,NITRO_3D_VFX,HYBRID_2D_3D,NEEDS_CONVERSION,ORIGINAL_REPLACEMENT_REQUIRED,VERIFIED_BINARY,ROM_COPYRIGHTED_REFERENCE,true,,,,,,,,,REBUILD,,[],"[""CLEAN_ROOM_ORIGINAL_REPLACEMENT_REQUIRED""]","Verified Nitro 3D effect family; recreate only the effect layer, not the whole scene."
art:vfx:common-wind:nitro-reference,VFX,NITRO_3D_EFFECT_FAMILY,common/wind,YDIJ Nitro 3D inventory + decoded reference pack,R:\NEXUS LINK\原作\YDIJ_3D_RESEARCH_PACK_2026-08-24\3D_ASSET_INVENTORY.csv,ROM_BINARY,RAW_3D_COMMON_WIND,NITRO_3D_VFX,HYBRID_2D_3D,NEEDS_CONVERSION,ORIGINAL_REPLACEMENT_REQUIRED,VERIFIED_BINARY,ROM_COPYRIGHTED_REFERENCE,true,,,,,,,,,REBUILD,,[],"[""CLEAN_ROOM_ORIGINAL_REPLACEMENT_REQUIRED""]","Verified Nitro 3D effect family; recreate only the effect layer, not the whole scene."
