assetId,domain,assetKind,logicalGroup,source,sourcePath,sourceType,originalFunction,originalRenderer,modernRenderer,productionStatus,shippingStatus,evidenceStatus,rightsStatus,replacementRequired,replacementComplete,humanApproved,runtimeQaPassed,dimensions,format,runtimeConsumer,visualQaStatus,generation,disposition,replacementAssetId,dependencies,blockers,notes
art:vfx:battle-atkup:nitro-reference,VFX,NITRO_3D_EFFECT_FAMILY,battle/atkup,YDIJ Nitro 3D inventory + decoded reference pack,R:\NEXUS LINK\原作\YDIJ_3D_RESEARCH_PACK_2026-08-24\3D_ASSET_INVENTORY.csv,ROM_BINARY,RAW_3D_BATTLE_ATKUP,NITRO_3D_VFX,HYBRID_2D_3D,NEEDS_CONVERSION,ORIGINAL_REPLACEMENT_REQUIRED,VERIFIED_BINARY,ROM_COPYRIGHTED_REFERENCE,true,,,,,,,,,REBUILD,,[],"[""CLEAN_ROOM_ORIGINAL_REPLACEMENT_REQUIRED""]","Verified Nitro 3D effect family; recreate only the effect layer, not the whole scene."
art:vfx:battle-circle-my:nitro-reference,VFX,NITRO_3D_EFFECT_FAMILY,battle/circle_my,YDIJ Nitro 3D inventory + decoded reference pack,R:\NEXUS LINK\原作\YDIJ_3D_RESEARCH_PACK_2026-08-24\3D_ASSET_INVENTORY.csv,ROM_BINARY,RAW_3D_BATTLE_CIRCLE_MY,NITRO_3D_VFX,HYBRID_2D_3D,NEEDS_CONVERSION,ORIGINAL_REPLACEMENT_REQUIRED,VERIFIED_BINARY,ROM_COPYRIGHTED_REFERENCE,true,,,,,,,,,REBUILD,,[],"[""CLEAN_ROOM_ORIGINAL_REPLACEMENT_REQUIRED""]","Verified Nitro 3D effect family; recreate only the effect layer, not the whole scene."
art:vfx:battle-circle:nitro-reference,VFX,NITRO_3D_EFFECT_FAMILY,battle/circle,YDIJ Nitro 3D inventory + decoded reference pack,R:\NEXUS LINK\原作\YDIJ_3D_RESEARCH_PACK_2026-08-24\3D_ASSET_INVENTORY.csv,ROM_BINARY,RAW_3D_BATTLE_CIRCLE,NITRO_3D_VFX,HYBRID_2D_3D,NEEDS_CONVERSION,ORIGINAL_REPLACEMENT_REQUIRED,VERIFIED_BINARY,ROM_COPYRIGHTED_REFERENCE,true,,,,,,,,,REBUILD,,[],"[""CLEAN_ROOM_ORIGINAL_REPLACEMENT_REQUIRED""]","Verified Nitro 3D effect family; recreate only the effect layer, not the whole scene."
art:vfx:battle-critup:nitro-reference,VFX,NITRO_3D_EFFECT_FAMILY,battle/critup,YDIJ Nitro 3D inventory + decoded reference pack,R:\NEXUS LINK\原作\YDIJ_3D_RESEARCH_PACK_2026-08-24\3D_ASSET_INVENTORY.csv,ROM_BINARY,RAW_3D_BATTLE_CRITUP,NITRO_3D_VFX,HYBRID_2D_3D,NEEDS_CONVERSION,ORIGINAL_REPLACEMENT_REQUIRED,VERIFIED_BINARY,ROM_COPYRIGHTED_REFERENCE,true,,,,,,,,,REBUILD,,[],"[""CLEAN_ROOM_ORIGINAL_REPLACEMENT_REQUIRED""]","Verified Nitro 3D effect family; recreate only the effect layer, not the whole scene."
art:vfx:battle-defup:nitro-reference,VFX,NITRO_3D_EFFECT_FAMILY,battle/defup,YDIJ Nitro 3D inventory + decoded reference pack,R:\NEXUS LINK\原作\YDIJ_3D_RESEARCH_PACK_2026-08-24\3D_ASSET_INVENTORY.csv,ROM_BINARY,RAW_3D_BATTLE_DEFUP,NITRO_3D_VFX,HYBRID_2D_3D,NEEDS_CONVERSION,ORIGINAL_REPLACEMENT_REQUIRED,VERIFIED_BINARY,ROM_COPYRIGHTED_REFERENCE,true,,,,,,,,,REBUILD,,[],"[""CLEAN_ROOM_ORIGINAL_REPLACEMENT_REQUIRED""]","Verified Nitro 3D effect family; recreate only the effect layer, not the whole scene."
art:vfx:battle-earth-hit:nitro-reference,VFX,NITRO_3D_EFFECT_FAMILY,battle/earth_hit,YDIJ Nitro 3D inventory + decoded reference pack,R:\NEXUS LINK\原作\YDIJ_3D_RESEARCH_PACK_2026-08-24\3D_ASSET_INVENTORY.csv,ROM_BINARY,RAW_3D_BATTLE_EARTH_HIT,NITRO_3D_VFX,HYBRID_2D_3D,NEEDS_CONVERSION,ORIGINAL_REPLACEMENT_REQUIRED,VERIFIED_BINARY,ROM_COPYRIGHTED_REFERENCE,true,,,,,,,,,REBUILD,,[],"[""CLEAN_ROOM_ORIGINAL_REPLACEMENT_REQUIRED""]","Verified Nitro 3D effect family; recreate only the effect layer, not the whole scene."
art:vfx:battle-hitspark-big:nitro-reference,VFX,NITRO_3D_EFFECT_FAMILY,battle/hitspark_big,YDIJ Nitro 3D inventory + decoded reference pack,R:\NEXUS LINK\原作\YDIJ_3D_RESEARCH_PACK_2026-08-24\3D_ASSET_INVENTORY.csv,ROM_BINARY,RAW_3D_BATTLE_HITSPARK_BIG,NITRO_3D_VFX,HYBRID_2D_3D,NEEDS_CONVERSION,ORIGINAL_REPLACEMENT_REQUIRED,VERIFIED_BINARY,ROM_COPYRIGHTED_REFERENCE,true,,,,,,,,,REBUILD,,[],"[""CLEAN_ROOM_ORIGINAL_REPLACEMENT_REQUIRED""]","Verified Nitro 3D effect family; recreate only the effect layer, not the whole scene."
art:vfx:battle-hitspark-small:nitro-reference,VFX,NITRO_3D_EFFECT_FAMILY,battle/hitspark_small,YDIJ Nitro 3D inventory + decoded reference pack,R:\NEXUS LINK\原作\YDIJ_3D_RESEARCH_PACK_2026-08-24\3D_ASSET_INVENTORY.csv,ROM_BINARY,RAW_3D_BATTLE_HITSPARK_SMALL,NITRO_3D_VFX,HYBRID_2D_3D,NEEDS_CONVERSION,ORIGINAL_REPLACEMENT_REQUIRED,VERIFIED_BINARY,ROM_COPYRIGHTED_REFERENCE,true,,,,,,,,,REBUILD,,[],"[""CLEAN_ROOM_ORIGINAL_REPLACEMENT_REQUIRED""]","Verified Nitro 3D effect family; recreate only the effect layer, not the whole scene."
art:vfx:battle-hitup:nitro-reference,VFX,NITRO_3D_EFFECT_FAMILY,battle/hitup,YDIJ Nitro 3D inventory + decoded reference pack,R:\NEXUS LINK\原作\YDIJ_3D_RESEARCH_PACK_2026-08-24\3D_ASSET_INVENTORY.csv,ROM_BINARY,RAW_3D_BATTLE_HITUP,NITRO_3D_VFX,HYBRID_2D_3D,NEEDS_CONVERSION,ORIGINAL_REPLACEMENT_REQUIRED,VERIFIED_BINARY,ROM_COPYRIGHTED_REFERENCE,true,,,,,,,,,REBUILD,,[],"[""CLEAN_ROOM_ORIGINAL_REPLACEMENT_REQUIRED""]","Verified Nitro 3D effect family; recreate only the effect layer, not the whole scene."
art:vfx:battle-hypereffect-ring:nitro-reference,VFX,NITRO_3D_EFFECT_FAMILY,battle/hypereffect_ring,YDIJ Nitro 3D inventory + decoded reference pack,R:\NEXUS LINK\原作\YDIJ_3D_RESEARCH_PACK_2026-08-24\3D_ASSET_INVENTORY.csv,ROM_BINARY,RAW_3D_BATTLE_HYPEREFFECT_RING,NITRO_3D_VFX,HYBRID_2D_3D,NEEDS_CONVERSION,ORIGINAL_REPLACEMENT_REQUIRED,VERIFIED_BINARY,ROM_COPYRIGHTED_REFERENCE,true,,,,,,,,,REBUILD,,[],"[""CLEAN_ROOM_ORIGINAL_REPLACEMENT_REQUIRED""]","Verified Nitro 3D effect family; recreate only the effect layer, not the whole scene."
art:vfx:battle-hypereffect:nitro-reference,VFX,NITRO_3D_EFFECT_FAMILY,battle/hypereffect,YDIJ Nitro 3D inventory + decoded reference pack,R:\NEXUS LINK\原作\YDIJ_3D_RESEARCH_PACK_2026-08-24\3D_ASSET_INVENTORY.csv,ROM_BINARY,RAW_3D_BATTLE_HYPEREFFECT,NITRO_3D_VFX,HYBRID_2D_3D,NEEDS_CONVERSION,ORIGINAL_REPLACEMENT_REQUIRED,VERIFIED_BINARY,ROM_COPYRIGHTED_REFERENCE,true,,,,,,,,,REBUILD,,[],"[""CLEAN_ROOM_ORIGINAL_REPLACEMENT_REQUIRED""]","Verified Nitro 3D effect family; recreate only the effect layer, not the whole scene."
art:vfx:battle-s-impact-b:nitro-reference,VFX,NITRO_3D_EFFECT_FAMILY,battle/s_impact_b,YDIJ Nitro 3D inventory + decoded reference pack,R:\NEXUS LINK\原作\YDIJ_3D_RESEARCH_PACK_2026-08-24\3D_ASSET_INVENTORY.csv,ROM_BINARY,RAW_3D_BATTLE_S_IMPACT_B,NITRO_3D_VFX,HYBRID_2D_3D,NEEDS_CONVERSION,ORIGINAL_REPLACEMENT_REQUIRED,VERIFIED_BINARY,ROM_COPYRIGHTED_REFERENCE,true,,,,,,,,,REBUILD,,[],"[""CLEAN_ROOM_ORIGINAL_REPLACEMENT_REQUIRED""]","Verified Nitro 3D effect family; recreate only the effect layer, not the whole scene."
art:vfx:battle-s-impact-s:nitro-reference,VFX,NITRO_3D_EFFECT_FAMILY,battle/s_impact_s,YDIJ Nitro 3D inventory + decoded reference pack,R:\NEXUS LINK\原作\YDIJ_3D_RESEARCH_PACK_2026-08-24\3D_ASSET_INVENTORY.csv,ROM_BINARY,RAW_3D_BATTLE_S_IMPACT_S,NITRO_3D_VFX,HYBRID_2D_3D,NEEDS_CONVERSION,ORIGINAL_REPLACEMENT_REQUIRED,VERIFIED_BINARY,ROM_COPYRIGHTED_REFERENCE,true,,,,,,,,,REBUILD,,[],"[""CLEAN_ROOM_ORIGINAL_REPLACEMENT_REQUIRED""]","Verified Nitro 3D effect family; recreate only the effect layer, not the whole scene."
art:vfx:battle-speedup:nitro-reference,VFX,NITRO_3D_EFFECT_FAMILY,battle/speedup,YDIJ Nitro 3D inventory + decoded reference pack,R:\NEXUS LINK\原作\YDIJ_3D_RESEARCH_PACK_2026-08-24\3D_ASSET_INVENTORY.csv,ROM_BINARY,RAW_3D_BATTLE_SPEEDUP,NITRO_3D_VFX,HYBRID_2D_3D,NEEDS_CONVERSION,ORIGINAL_REPLACEMENT_REQUIRED,VERIFIED_BINARY,ROM_COPYRIGHTED_REFERENCE,true,,,,,,,,,REBUILD,,[],"[""CLEAN_ROOM_ORIGINAL_REPLACEMENT_REQUIRED""]","Verified Nitro 3D effect family; recreate only the effect layer, not the whole scene."
art:vfx:battle-test-buff:nitro-reference,VFX,NITRO_3D_EFFECT_FAMILY,battle/test_buff,YDIJ Nitro 3D inventory + decoded reference pack,R:\NEXUS LINK\原作\YDIJ_3D_RESEARCH_PACK_2026-08-24\3D_ASSET_INVENTORY.csv,ROM_BINARY,RAW_3D_BATTLE_TEST_BUFF,NITRO_3D_VFX,HYBRID_2D_3D,NEEDS_CONVERSION,ORIGINAL_REPLACEMENT_REQUIRED,VERIFIED_BINARY,ROM_COPYRIGHTED_REFERENCE,true,,,,,,,,,REBUILD,,[],"[""CLEAN_ROOM_ORIGINAL_REPLACEMENT_REQUIRED""]","Verified Nitro 3D effect family; recreate only the effect layer, not the whole scene."
art:vfx:battle-test-eff:nitro-reference,VFX,NITRO_3D_EFFECT_FAMILY,battle/test_eff,YDIJ Nitro 3D inventory + decoded reference pack,R:\NEXUS LINK\原作\YDIJ_3D_RESEARCH_PACK_2026-08-24\3D_ASSET_INVENTORY.csv,ROM_BINARY,RAW_3D_BATTLE_TEST_EFF,NITRO_3D_VFX,HYBRID_2D_3D,NEEDS_CONVERSION,ORIGINAL_REPLACEMENT_REQUIRED,VERIFIED_BINARY,ROM_COPYRIGHTED_REFERENCE,true,,,,,,,,,REBUILD,,[],"[""CLEAN_ROOM_ORIGINAL_REPLACEMENT_REQUIRED""]","Verified Nitro 3D effect family; recreate only the effect layer, not the whole scene."
art:vfx:battle-toleup:nitro-reference,VFX,NITRO_3D_EFFECT_FAMILY,battle/toleup,YDIJ Nitro 3D inventory + decoded reference pack,R:\NEXUS LINK\原作\YDIJ_3D_RESEARCH_PACK_2026-08-24\3D_ASSET_INVENTORY.csv,ROM_BINARY,RAW_3D_BATTLE_TOLEUP,NITRO_3D_VFX,HYBRID_2D_3D,NEEDS_CONVERSION,ORIGINAL_REPLACEMENT_REQUIRED,VERIFIED_BINARY,ROM_COPYRIGHTED_REFERENCE,true,,,,,,,,,REBUILD,,[],"[""CLEAN_ROOM_ORIGINAL_REPLACEMENT_REQUIRED""]","Verified Nitro 3D effect family; recreate only the effect layer, not the whole scene."
art:vfx:common-lightup:nitro-reference,VFX,NITRO_3D_EFFECT_FAMILY,common/lightup,YDIJ Nitro 3D inventory + decoded reference pack,R:\NEXUS LINK\原作\YDIJ_3D_RESEARCH_PACK_2026-08-24\3D_ASSET_INVENTORY.csv,ROM_BINARY,RAW_3D_COMMON_LIGHTUP,NITRO_3D_VFX,HYBRID_2D_3D,NEEDS_CONVERSION,ORIGINAL_REPLACEMENT_REQUIRED,VERIFIED_BINARY,ROM_COPYRIGHTED_REFERENCE,true,,,,,,,,,REBUILD,,[],"[""CLEAN_ROOM_ORIGINAL_REPLACEMENT_REQUIRED""]","Verified Nitro 3D effect family; recreate only the effect layer, not the whole scene."
art:vfx:common-mist:nitro-reference,VFX,NITRO_3D_EFFECT_FAMILY,common/mist,YDIJ Nitro 3D inventory + decoded reference pack,R:\NEXUS LINK\原作\YDIJ_3D_RESEARCH_PACK_2026-08-24\3D_ASSET_INVENTORY.csv,ROM_BINARY,RAW_3D_COMMON_MIST,NITRO_3D_VFX,HYBRID_2D_3D,NEEDS_CONVERSION,ORIGINAL_REPLACEMENT_REQUIRED,VERIFIED_BINARY,ROM_COPYRIGHTED_REFERENCE,true,,,,,,,,,REBUILD,,[],"[""CLEAN_ROOM_ORIGINAL_REPLACEMENT_REQUIRED""]","Verified Nitro 3D effect family; recreate only the effect layer, not the whole scene."
art:vfx:common-rain:nitro-reference,VFX,NITRO_3D_EFFECT_FAMILY,common/rain,YDIJ Nitro 3D inventory + decoded reference pack,R:\NEXUS LINK\原作\YDIJ_3D_RESEARCH_PACK_2026-08-24\3D_ASSET_INVENTORY.csv,ROM_BINARY,RAW_3D_COMMON_RAIN,NITRO_3D_VFX,HYBRID_2D_3D,NEEDS_CONVERSION,ORIGINAL_REPLACEMENT_REQUIRED,VERIFIED_BINARY,ROM_COPYRIGHTED_REFERENCE,true,,,,,,,,,REBUILD,,[],"[""CLEAN_ROOM_ORIGINAL_REPLACEMENT_REQUIRED""]","Verified Nitro 3D effect family; recreate only the effect layer, not the whole scene."
art:vfx:common-sandstome:nitro-reference,VFX,NITRO_3D_EFFECT_FAMILY,common/sandstome,YDIJ Nitro 3D inventory + decoded reference pack,R:\NEXUS LINK\原作\YDIJ_3D_RESEARCH_PACK_2026-08-24\3D_ASSET_INVENTORY.csv,ROM_BINARY,RAW_3D_COMMON_SANDSTOME,NITRO_3D_VFX,HYBRID_2D_3D,NEEDS_CONVERSION,ORIGINAL_REPLACEMENT_REQUIRED,VERIFIED_BINARY,ROM_COPYRIGHTED_REFERENCE,true,,,,,,,,,REBUILD,,[],"[""CLEAN_ROOM_ORIGINAL_REPLACEMENT_REQUIRED""]","Verified Nitro 3D effect family; recreate only the effect layer, not the whole scene."
art:vfx:common-snow:nitro-reference,VFX,NITRO_3D_EFFECT_FAMILY,common/snow,YDIJ Nitro 3D inventory + decoded reference pack,R:\NEXUS LINK\原作\YDIJ_3D_RESEARCH_PACK_2026-08-24\3D_ASSET_INVENTORY.csv,ROM_BINARY,RAW_3D_COMMON_SNOW,NITRO_3D_VFX,HYBRID_2D_3D,NEEDS_CONVERSION,ORIGINAL_REPLACEMENT_REQUIRED,VERIFIED_BINARY,ROM_COPYRIGHTED_REFERENCE,true,,,,,,,,,REBUILD,,[],"[""CLEAN_ROOM_ORIGINAL_REPLACEMENT_REQUIRED""]","Verified Nitro 3D effect family; recreate only the effect layer, not the whole scene."
art:vfx:common-snowstome:nitro-reference,VFX,NITRO_3D_EFFECT_FAMILY,common/snowstome,YDIJ Nitro 3D inventory + decoded reference pack,R:\NEXUS LINK\原作\YDIJ_3D_RESEARCH_PACK_2026-08-24\3D_ASSET_INVENTORY.csv,ROM_BINARY,RAW_3D_COMMON_SNOWSTOME,NITRO_3D_VFX,HYBRID_2D_3D,NEEDS_CONVERSION,ORIGINAL_REPLACEMENT_REQUIRED,VERIFIED_BINARY,ROM_COPYRIGHTED_REFERENCE,true,,,,,,,,,REBUILD,,[],"[""CLEAN_ROOM_ORIGINAL_REPLACEMENT_REQUIRED""]","Verified Nitro 3D effect family; recreate only the effect layer, not the whole scene."
art:vfx:common-spark:nitro-reference,VFX,NITRO_3D_EFFECT_FAMILY,common/spark,YDIJ Nitro 3D inventory + decoded reference pack,R:\NEXUS LINK\原作\YDIJ_3D_RESEARCH_PACK_2026-08-24\3D_ASSET_INVENTORY.csv,ROM_BINARY,RAW_3D_COMMON_SPARK,NITRO_3D_VFX,HYBRID_2D_3D,NEEDS_CONVERSION,ORIGINAL_REPLACEMENT_REQUIRED,VERIFIED_BINARY,ROM_COPYRIGHTED_REFERENCE,true,,,,,,,,,REBUILD,,[],"[""CLEAN_ROOM_ORIGINAL_REPLACEMENT_REQUIRED""]","Verified Nitro 3D effect family; recreate only the effect layer, not the whole scene."
art:vfx:common-time-pl:nitro-reference,VFX,NITRO_3D_EFFECT_FAMILY,common/time_pl,YDIJ Nitro 3D inventory + decoded reference pack,R:\NEXUS LINK\原作\YDIJ_3D_RESEARCH_PACK_2026-08-24\3D_ASSET_INVENTORY.csv,ROM_BINARY,RAW_3D_COMMON_TIME_PL,NITRO_3D_VFX,HYBRID_2D_3D,NEEDS_CONVERSION,ORIGINAL_REPLACEMENT_REQUIRED,VERIFIED_BINARY,ROM_COPYRIGHTED_REFERENCE,true,,,,,,,,,REBUILD,,[],"[""CLEAN_ROOM_ORIGINAL_REPLACEMENT_REQUIRED""]","Verified Nitro 3D effect family; recreate only the effect layer, not the whole scene."
art:vfx:common-wind:nitro-reference,VFX,NITRO_3D_EFFECT_FAMILY,common/wind,YDIJ Nitro 3D inventory + decoded reference pack,R:\NEXUS LINK\原作\YDIJ_3D_RESEARCH_PACK_2026-08-24\3D_ASSET_INVENTORY.csv,ROM_BINARY,RAW_3D_COMMON_WIND,NITRO_3D_VFX,HYBRID_2D_3D,NEEDS_CONVERSION,ORIGINAL_REPLACEMENT_REQUIRED,VERIFIED_BINARY,ROM_COPYRIGHTED_REFERENCE,true,,,,,,,,,REBUILD,,[],"[""CLEAN_ROOM_ORIGINAL_REPLACEMENT_REQUIRED""]","Verified Nitro 3D effect family; recreate only the effect layer, not the whole scene."
art:vfx:e000-effect:sprite-reference,VFX,VFX_2D_SPRITE_FAMILY,common/e000_effect,YDIJ ROM art census,docs/art/ROM_ART_CENSUS.json,ROM_BINARY,RAW_2D_SHARED_EFFECT_SPRITE_E000_EFFECT,NDS_2D,PIXIJS_2D,NEEDS_REBUILD,ORIGINAL_REPLACEMENT_REQUIRED,VERIFIED_BINARY,ROM_COPYRIGHTED_REFERENCE,true,,,,,,,,,REBUILD,,[],"[""ORIGINAL_EFFECT_REPLACEMENT_REQUIRED"",""TRIGGER_AND_TIMING_UNKNOWN_REQUIRES_TRACE"",""SPRITE_VFX_TIER_NOT_IN_ORIGINAL_752_UNIT_AUDIT""]","2D cell-animated effect family (SHARED_EFFECT_SPRITE). The original 26 VFX units are all Nitro 3D models; this entire 2D sprite library was outside the 752-unit audit. Trigger and timing remain gameplay authority and must be traced, not inferred from the artwork."
art:vfx:e001-evolution-all:sprite-reference,VFX,VFX_2D_SPRITE_FAMILY,common/e001_evolution_all,YDIJ ROM art census,docs/art/ROM_ART_CENSUS.json,ROM_BINARY,RAW_2D_EVOLUTION_OR_RAISING_SPRITE_E001_EVOLUTION_ALL,NDS_2D,PIXIJS_2D,NEEDS_REBUILD,ORIGINAL_REPLACEMENT_REQUIRED,VERIFIED_BINARY,ROM_COPYRIGHTED_REFERENCE,true,,,,,,,,,REBUILD,,[],"[""ORIGINAL_EFFECT_REPLACEMENT_REQUIRED"",""TRIGGER_AND_TIMING_UNKNOWN_REQUIRES_TRACE"",""SPRITE_VFX_TIER_NOT_IN_ORIGINAL_752_UNIT_AUDIT""]","2D cell-animated effect family (EVOLUTION_OR_RAISING_SPRITE). The original 26 VFX units are all Nitro 3D models; this entire 2D sprite library was outside the 752-unit audit. Trigger and timing remain gameplay authority and must be traced, not inferred from the artwork."
art:vfx:e001-ikusei:sprite-reference,VFX,VFX_2D_SPRITE_FAMILY,common/e001_ikusei,YDIJ ROM art census,docs/art/ROM_ART_CENSUS.json,ROM_BINARY,RAW_2D_EVOLUTION_OR_RAISING_SPRITE_E001_IKUSEI,NDS_2D,PIXIJS_2D,NEEDS_REBUILD,ORIGINAL_REPLACEMENT_REQUIRED,VERIFIED_BINARY,ROM_COPYRIGHTED_REFERENCE,true,,,,,,,,,REBUILD,,[],"[""ORIGINAL_EFFECT_REPLACEMENT_REQUIRED"",""TRIGGER_AND_TIMING_UNKNOWN_REQUIRES_TRACE"",""SPRITE_VFX_TIER_NOT_IN_ORIGINAL_752_UNIT_AUDIT""]","2D cell-animated effect family (EVOLUTION_OR_RAISING_SPRITE). The original 26 VFX units are all Nitro 3D models; this entire 2D sprite library was outside the 752-unit audit. Trigger and timing remain gameplay authority and must be traced, not inferred from the artwork."
art:vfx:e002-hunt-bom-flash:sprite-reference,VFX,VFX_2D_SPRITE_FAMILY,common/e002_hunt_bom_flash,YDIJ ROM art census,docs/art/ROM_ART_CENSUS.json,ROM_BINARY,RAW_2D_HUNT_TOOL_OR_TRAP_SPRITE_E002_HUNT_BOM_FLASH,NDS_2D,PIXIJS_2D,NEEDS_REBUILD,ORIGINAL_REPLACEMENT_REQUIRED,VERIFIED_BINARY,ROM_COPYRIGHTED_REFERENCE,true,,,,,,,,,REBUILD,,[],"[""ORIGINAL_EFFECT_REPLACEMENT_REQUIRED"",""TRIGGER_AND_TIMING_UNKNOWN_REQUIRES_TRACE"",""SPRITE_VFX_TIER_NOT_IN_ORIGINAL_752_UNIT_AUDIT""]","2D cell-animated effect family (HUNT_TOOL_OR_TRAP_SPRITE). The original 26 VFX units are all Nitro 3D models; this entire 2D sprite library was outside the 752-unit audit. Trigger and timing remain gameplay authority and must be traced, not inferred from the artwork."
art:vfx:e002-hunt-bom-nomal:sprite-reference,VFX,VFX_2D_SPRITE_FAMILY,common/e002_hunt_bom_nomal,YDIJ ROM art census,docs/art/ROM_ART_CENSUS.json,ROM_BINARY,RAW_2D_HUNT_TOOL_OR_TRAP_SPRITE_E002_HUNT_BOM_NOMAL,NDS_2D,PIXIJS_2D,NEEDS_REBUILD,ORIGINAL_REPLACEMENT_REQUIRED,VERIFIED_BINARY,ROM_COPYRIGHTED_REFERENCE,true,,,,,,,,,REBUILD,,[],"[""ORIGINAL_EFFECT_REPLACEMENT_REQUIRED"",""TRIGGER_AND_TIMING_UNKNOWN_REQUIRES_TRACE"",""SPRITE_VFX_TIER_NOT_IN_ORIGINAL_752_UNIT_AUDIT""]","2D cell-animated effect family (HUNT_TOOL_OR_TRAP_SPRITE). The original 26 VFX units are all Nitro 3D models; this entire 2D sprite library was outside the 752-unit audit. Trigger and timing remain gameplay authority and must be traced, not inferred from the artwork."
art:vfx:e002-hunt-bom-sleep:sprite-reference,VFX,VFX_2D_SPRITE_FAMILY,common/e002_hunt_bom_sleep,YDIJ ROM art census,docs/art/ROM_ART_CENSUS.json,ROM_BINARY,RAW_2D_HUNT_TOOL_OR_TRAP_SPRITE_E002_HUNT_BOM_SLEEP,NDS_2D,PIXIJS_2D,NEEDS_REBUILD,ORIGINAL_REPLACEMENT_REQUIRED,VERIFIED_BINARY,ROM_COPYRIGHTED_REFERENCE,true,,,,,,,,,REBUILD,,[],"[""ORIGINAL_EFFECT_REPLACEMENT_REQUIRED"",""TRIGGER_AND_TIMING_UNKNOWN_REQUIRES_TRACE"",""SPRITE_VFX_TIER_NOT_IN_ORIGINAL_752_UNIT_AUDIT""]","2D cell-animated effect family (HUNT_TOOL_OR_TRAP_SPRITE). The original 26 VFX units are all Nitro 3D models; this entire 2D sprite library was outside the 752-unit audit. Trigger and timing remain gameplay authority and must be traced, not inferred from the artwork."
art:vfx:e002-hunt-bom-stun:sprite-reference,VFX,VFX_2D_SPRITE_FAMILY,common/e002_hunt_bom_stun,YDIJ ROM art census,docs/art/ROM_ART_CENSUS.json,ROM_BINARY,RAW_2D_HUNT_TOOL_OR_TRAP_SPRITE_E002_HUNT_BOM_STUN,NDS_2D,PIXIJS_2D,NEEDS_REBUILD,ORIGINAL_REPLACEMENT_REQUIRED,VERIFIED_BINARY,ROM_COPYRIGHTED_REFERENCE,true,,,,,,,,,REBUILD,,[],"[""ORIGINAL_EFFECT_REPLACEMENT_REQUIRED"",""TRIGGER_AND_TIMING_UNKNOWN_REQUIRES_TRACE"",""SPRITE_VFX_TIER_NOT_IN_ORIGINAL_752_UNIT_AUDIT""]","2D cell-animated effect family (HUNT_TOOL_OR_TRAP_SPRITE). The original 26 VFX units are all Nitro 3D models; this entire 2D sprite library was outside the 752-unit audit. Trigger and timing remain gameplay authority and must be traced, not inferred from the artwork."
art:vfx:e002-hunt-bullet-nomal:sprite-reference,VFX,VFX_2D_SPRITE_FAMILY,common/e002_hunt_bullet_nomal,YDIJ ROM art census,docs/art/ROM_ART_CENSUS.json,ROM_BINARY,RAW_2D_HUNT_TOOL_OR_TRAP_SPRITE_E002_HUNT_BULLET_NOMAL,NDS_2D,PIXIJS_2D,NEEDS_REBUILD,ORIGINAL_REPLACEMENT_REQUIRED,VERIFIED_BINARY,ROM_COPYRIGHTED_REFERENCE,true,,,,,,,,,REBUILD,,[],"[""ORIGINAL_EFFECT_REPLACEMENT_REQUIRED"",""TRIGGER_AND_TIMING_UNKNOWN_REQUIRES_TRACE"",""SPRITE_VFX_TIER_NOT_IN_ORIGINAL_752_UNIT_AUDIT""]","2D cell-animated effect family (HUNT_TOOL_OR_TRAP_SPRITE). The original 26 VFX units are all Nitro 3D models; this entire 2D sprite library was outside the 752-unit audit. Trigger and timing remain gameplay authority and must be traced, not inferred from the artwork."
art:vfx:e002-hunt-bullet-sleep:sprite-reference,VFX,VFX_2D_SPRITE_FAMILY,common/e002_hunt_bullet_sleep,YDIJ ROM art census,docs/art/ROM_ART_CENSUS.json,ROM_BINARY,RAW_2D_HUNT_TOOL_OR_TRAP_SPRITE_E002_HUNT_BULLET_SLEEP,NDS_2D,PIXIJS_2D,NEEDS_REBUILD,ORIGINAL_REPLACEMENT_REQUIRED,VERIFIED_BINARY,ROM_COPYRIGHTED_REFERENCE,true,,,,,,,,,REBUILD,,[],"[""ORIGINAL_EFFECT_REPLACEMENT_REQUIRED"",""TRIGGER_AND_TIMING_UNKNOWN_REQUIRES_TRACE"",""SPRITE_VFX_TIER_NOT_IN_ORIGINAL_752_UNIT_AUDIT""]","2D cell-animated effect family (HUNT_TOOL_OR_TRAP_SPRITE). The original 26 VFX units are all Nitro 3D models; this entire 2D sprite library was outside the 752-unit audit. Trigger and timing remain gameplay authority and must be traced, not inferred from the artwork."
art:vfx:e002-hunt-bullet-stun:sprite-reference,VFX,VFX_2D_SPRITE_FAMILY,common/e002_hunt_bullet_stun,YDIJ ROM art census,docs/art/ROM_ART_CENSUS.json,ROM_BINARY,RAW_2D_HUNT_TOOL_OR_TRAP_SPRITE_E002_HUNT_BULLET_STUN,NDS_2D,PIXIJS_2D,NEEDS_REBUILD,ORIGINAL_REPLACEMENT_REQUIRED,VERIFIED_BINARY,ROM_COPYRIGHTED_REFERENCE,true,,,,,,,,,REBUILD,,[],"[""ORIGINAL_EFFECT_REPLACEMENT_REQUIRED"",""TRIGGER_AND_TIMING_UNKNOWN_REQUIRES_TRACE"",""SPRITE_VFX_TIER_NOT_IN_ORIGINAL_752_UNIT_AUDIT""]","2D cell-animated effect family (HUNT_TOOL_OR_TRAP_SPRITE). The original 26 VFX units are all Nitro 3D models; this entire 2D sprite library was outside the 752-unit audit. Trigger and timing remain gameplay authority and must be traced, not inferred from the artwork."
art:vfx:e002-hunt-decoy2:sprite-reference,VFX,VFX_2D_SPRITE_FAMILY,common/e002_hunt_decoy2,YDIJ ROM art census,docs/art/ROM_ART_CENSUS.json,ROM_BINARY,RAW_2D_HUNT_TOOL_OR_TRAP_SPRITE_E002_HUNT_DECOY2,NDS_2D,PIXIJS_2D,NEEDS_REBUILD,ORIGINAL_REPLACEMENT_REQUIRED,VERIFIED_BINARY,ROM_COPYRIGHTED_REFERENCE,true,,,,,,,,,REBUILD,,[],"[""ORIGINAL_EFFECT_REPLACEMENT_REQUIRED"",""TRIGGER_AND_TIMING_UNKNOWN_REQUIRES_TRACE"",""SPRITE_VFX_TIER_NOT_IN_ORIGINAL_752_UNIT_AUDIT""]","2D cell-animated effect family (HUNT_TOOL_OR_TRAP_SPRITE). The original 26 VFX units are all Nitro 3D models; this entire 2D sprite library was outside the 752-unit audit. Trigger and timing remain gameplay authority and must be traced, not inferred from the artwork."
art:vfx:e002-hunt-decoy:sprite-reference,VFX,VFX_2D_SPRITE_FAMILY,common/e002_hunt_decoy,YDIJ ROM art census,docs/art/ROM_ART_CENSUS.json,ROM_BINARY,RAW_2D_HUNT_TOOL_OR_TRAP_SPRITE_E002_HUNT_DECOY,NDS_2D,PIXIJS_2D,NEEDS_REBUILD,ORIGINAL_REPLACEMENT_REQUIRED,VERIFIED_BINARY,ROM_COPYRIGHTED_REFERENCE,true,,,,,,,,,REBUILD,,[],"[""ORIGINAL_EFFECT_REPLACEMENT_REQUIRED"",""TRIGGER_AND_TIMING_UNKNOWN_REQUIRES_TRACE"",""SPRITE_VFX_TIER_NOT_IN_ORIGINAL_752_UNIT_AUDIT""]","2D cell-animated effect family (HUNT_TOOL_OR_TRAP_SPRITE). The original 26 VFX units are all Nitro 3D models; this entire 2D sprite library was outside the 752-unit audit. Trigger and timing remain gameplay authority and must be traced, not inferred from the artwork."
art:vfx:e002-hunt-digicach:sprite-reference,VFX,VFX_2D_SPRITE_FAMILY,common/e002_hunt_digicach,YDIJ ROM art census,docs/art/ROM_ART_CENSUS.json,ROM_BINARY,RAW_2D_HUNT_TOOL_OR_TRAP_SPRITE_E002_HUNT_DIGICACH,NDS_2D,PIXIJS_2D,NEEDS_REBUILD,ORIGINAL_REPLACEMENT_REQUIRED,VERIFIED_BINARY,ROM_COPYRIGHTED_REFERENCE,true,,,,,,,,,REBUILD,,[],"[""ORIGINAL_EFFECT_REPLACEMENT_REQUIRED"",""TRIGGER_AND_TIMING_UNKNOWN_REQUIRES_TRACE"",""SPRITE_VFX_TIER_NOT_IN_ORIGINAL_752_UNIT_AUDIT""]","2D cell-animated effect family (HUNT_TOOL_OR_TRAP_SPRITE). The original 26 VFX units are all Nitro 3D models; this entire 2D sprite library was outside the 752-unit audit. Trigger and timing remain gameplay authority and must be traced, not inferred from the artwork."
art:vfx:e002-hunt-digilight2:sprite-reference,VFX,VFX_2D_SPRITE_FAMILY,common/e002_hunt_digilight2,YDIJ ROM art census,docs/art/ROM_ART_CENSUS.json,ROM_BINARY,RAW_2D_HUNT_TOOL_OR_TRAP_SPRITE_E002_HUNT_DIGILIGHT2,NDS_2D,PIXIJS_2D,NEEDS_REBUILD,ORIGINAL_REPLACEMENT_REQUIRED,VERIFIED_BINARY,ROM_COPYRIGHTED_REFERENCE,true,,,,,,,,,REBUILD,,[],"[""ORIGINAL_EFFECT_REPLACEMENT_REQUIRED"",""TRIGGER_AND_TIMING_UNKNOWN_REQUIRES_TRACE"",""SPRITE_VFX_TIER_NOT_IN_ORIGINAL_752_UNIT_AUDIT""]","2D cell-animated effect family (HUNT_TOOL_OR_TRAP_SPRITE). The original 26 VFX units are all Nitro 3D models; this entire 2D sprite library was outside the 752-unit audit. Trigger and timing remain gameplay authority and must be traced, not inferred from the artwork."
art:vfx:e002-hunt-digilight:sprite-reference,VFX,VFX_2D_SPRITE_FAMILY,common/e002_hunt_digilight,YDIJ ROM art census,docs/art/ROM_ART_CENSUS.json,ROM_BINARY,RAW_2D_HUNT_TOOL_OR_TRAP_SPRITE_E002_HUNT_DIGILIGHT,NDS_2D,PIXIJS_2D,NEEDS_REBUILD,ORIGINAL_REPLACEMENT_REQUIRED,VERIFIED_BINARY,ROM_COPYRIGHTED_REFERENCE,true,,,,,,,,,REBUILD,,[],"[""ORIGINAL_EFFECT_REPLACEMENT_REQUIRED"",""TRIGGER_AND_TIMING_UNKNOWN_REQUIRES_TRACE"",""SPRITE_VFX_TIER_NOT_IN_ORIGINAL_752_UNIT_AUDIT""]","2D cell-animated effect family (HUNT_TOOL_OR_TRAP_SPRITE). The original 26 VFX units are all Nitro 3D models; this entire 2D sprite library was outside the 752-unit audit. Trigger and timing remain gameplay authority and must be traced, not inferred from the artwork."
art:vfx:e002-hunt-digiprison:sprite-reference,VFX,VFX_2D_SPRITE_FAMILY,common/e002_hunt_digiprison,YDIJ ROM art census,docs/art/ROM_ART_CENSUS.json,ROM_BINARY,RAW_2D_HUNT_TOOL_OR_TRAP_SPRITE_E002_HUNT_DIGIPRISON,NDS_2D,PIXIJS_2D,NEEDS_REBUILD,ORIGINAL_REPLACEMENT_REQUIRED,VERIFIED_BINARY,ROM_COPYRIGHTED_REFERENCE,true,,,,,,,,,REBUILD,,[],"[""ORIGINAL_EFFECT_REPLACEMENT_REQUIRED"",""TRIGGER_AND_TIMING_UNKNOWN_REQUIRES_TRACE"",""SPRITE_VFX_TIER_NOT_IN_ORIGINAL_752_UNIT_AUDIT""]","2D cell-animated effect family (HUNT_TOOL_OR_TRAP_SPRITE). The original 26 VFX units are all Nitro 3D models; this entire 2D sprite library was outside the 752-unit audit. Trigger and timing remain gameplay authority and must be traced, not inferred from the artwork."
art:vfx:e002-hunt-digirope:sprite-reference,VFX,VFX_2D_SPRITE_FAMILY,common/e002_hunt_digirope,YDIJ ROM art census,docs/art/ROM_ART_CENSUS.json,ROM_BINARY,RAW_2D_HUNT_TOOL_OR_TRAP_SPRITE_E002_HUNT_DIGIROPE,NDS_2D,PIXIJS_2D,NEEDS_REBUILD,ORIGINAL_REPLACEMENT_REQUIRED,VERIFIED_BINARY,ROM_COPYRIGHTED_REFERENCE,true,,,,,,,,,REBUILD,,[],"[""ORIGINAL_EFFECT_REPLACEMENT_REQUIRED"",""TRIGGER_AND_TIMING_UNKNOWN_REQUIRES_TRACE"",""SPRITE_VFX_TIER_NOT_IN_ORIGINAL_752_UNIT_AUDIT""]","2D cell-animated effect family (HUNT_TOOL_OR_TRAP_SPRITE). The original 26 VFX units are all Nitro 3D models; this entire 2D sprite library was outside the 752-unit audit. Trigger and timing remain gameplay authority and must be traced, not inferred from the artwork."
art:vfx:e002-hunt-guidewire:sprite-reference,VFX,VFX_2D_SPRITE_FAMILY,common/e002_hunt_guidewire,YDIJ ROM art census,docs/art/ROM_ART_CENSUS.json,ROM_BINARY,RAW_2D_HUNT_TOOL_OR_TRAP_SPRITE_E002_HUNT_GUIDEWIRE,NDS_2D,PIXIJS_2D,NEEDS_REBUILD,ORIGINAL_REPLACEMENT_REQUIRED,VERIFIED_BINARY,ROM_COPYRIGHTED_REFERENCE,true,,,,,,,,,REBUILD,,[],"[""ORIGINAL_EFFECT_REPLACEMENT_REQUIRED"",""TRIGGER_AND_TIMING_UNKNOWN_REQUIRES_TRACE"",""SPRITE_VFX_TIER_NOT_IN_ORIGINAL_752_UNIT_AUDIT""]","2D cell-animated effect family (HUNT_TOOL_OR_TRAP_SPRITE). The original 26 VFX units are all Nitro 3D models; this entire 2D sprite library was outside the 752-unit audit. Trigger and timing remain gameplay authority and must be traced, not inferred from the artwork."
art:vfx:e002-hunt-hardrope:sprite-reference,VFX,VFX_2D_SPRITE_FAMILY,common/e002_hunt_hardrope,YDIJ ROM art census,docs/art/ROM_ART_CENSUS.json,ROM_BINARY,RAW_2D_HUNT_TOOL_OR_TRAP_SPRITE_E002_HUNT_HARDROPE,NDS_2D,PIXIJS_2D,NEEDS_REBUILD,ORIGINAL_REPLACEMENT_REQUIRED,VERIFIED_BINARY,ROM_COPYRIGHTED_REFERENCE,true,,,,,,,,,REBUILD,,[],"[""ORIGINAL_EFFECT_REPLACEMENT_REQUIRED"",""TRIGGER_AND_TIMING_UNKNOWN_REQUIRES_TRACE"",""SPRITE_VFX_TIER_NOT_IN_ORIGINAL_752_UNIT_AUDIT""]","2D cell-animated effect family (HUNT_TOOL_OR_TRAP_SPRITE). The original 26 VFX units are all Nitro 3D models; this entire 2D sprite library was outside the 752-unit audit. Trigger and timing remain gameplay authority and must be traced, not inferred from the artwork."
art:vfx:e002-hunt-hugemine:sprite-reference,VFX,VFX_2D_SPRITE_FAMILY,common/e002_hunt_hugemine,YDIJ ROM art census,docs/art/ROM_ART_CENSUS.json,ROM_BINARY,RAW_2D_HUNT_TOOL_OR_TRAP_SPRITE_E002_HUNT_HUGEMINE,NDS_2D,PIXIJS_2D,NEEDS_REBUILD,ORIGINAL_REPLACEMENT_REQUIRED,VERIFIED_BINARY,ROM_COPYRIGHTED_REFERENCE,true,,,,,,,,,REBUILD,,[],"[""ORIGINAL_EFFECT_REPLACEMENT_REQUIRED"",""TRIGGER_AND_TIMING_UNKNOWN_REQUIRES_TRACE"",""SPRITE_VFX_TIER_NOT_IN_ORIGINAL_752_UNIT_AUDIT""]","2D cell-animated effect family (HUNT_TOOL_OR_TRAP_SPRITE). The original 26 VFX units are all Nitro 3D models; this entire 2D sprite library was outside the 752-unit audit. Trigger and timing remain gameplay authority and must be traced, not inferred from the artwork."
art:vfx:e002-hunt-magnetwire:sprite-reference,VFX,VFX_2D_SPRITE_FAMILY,common/e002_hunt_magnetwire,YDIJ ROM art census,docs/art/ROM_ART_CENSUS.json,ROM_BINARY,RAW_2D_HUNT_TOOL_OR_TRAP_SPRITE_E002_HUNT_MAGNETWIRE,NDS_2D,PIXIJS_2D,NEEDS_REBUILD,ORIGINAL_REPLACEMENT_REQUIRED,VERIFIED_BINARY,ROM_COPYRIGHTED_REFERENCE,true,,,,,,,,,REBUILD,,[],"[""ORIGINAL_EFFECT_REPLACEMENT_REQUIRED"",""TRIGGER_AND_TIMING_UNKNOWN_REQUIRES_TRACE"",""SPRITE_VFX_TIER_NOT_IN_ORIGINAL_752_UNIT_AUDIT""]","2D cell-animated effect family (HUNT_TOOL_OR_TRAP_SPRITE). The original 26 VFX units are all Nitro 3D models; this entire 2D sprite library was outside the 752-unit audit. Trigger and timing remain gameplay authority and must be traced, not inferred from the artwork."
art:vfx:e002-hunt-niku-big:sprite-reference,VFX,VFX_2D_SPRITE_FAMILY,common/e002_hunt_niku_big,YDIJ ROM art census,docs/art/ROM_ART_CENSUS.json,ROM_BINARY,RAW_2D_HUNT_TOOL_OR_TRAP_SPRITE_E002_HUNT_NIKU_BIG,NDS_2D,PIXIJS_2D,NEEDS_REBUILD,ORIGINAL_REPLACEMENT_REQUIRED,VERIFIED_BINARY,ROM_COPYRIGHTED_REFERENCE,true,,,,,,,,,REBUILD,,[],"[""ORIGINAL_EFFECT_REPLACEMENT_REQUIRED"",""TRIGGER_AND_TIMING_UNKNOWN_REQUIRES_TRACE"",""SPRITE_VFX_TIER_NOT_IN_ORIGINAL_752_UNIT_AUDIT""]","2D cell-animated effect family (HUNT_TOOL_OR_TRAP_SPRITE). The original 26 VFX units are all Nitro 3D models; this entire 2D sprite library was outside the 752-unit audit. Trigger and timing remain gameplay authority and must be traced, not inferred from the artwork."
art:vfx:e002-hunt-niku-nomal:sprite-reference,VFX,VFX_2D_SPRITE_FAMILY,common/e002_hunt_niku_nomal,YDIJ ROM art census,docs/art/ROM_ART_CENSUS.json,ROM_BINARY,RAW_2D_HUNT_TOOL_OR_TRAP_SPRITE_E002_HUNT_NIKU_NOMAL,NDS_2D,PIXIJS_2D,NEEDS_REBUILD,ORIGINAL_REPLACEMENT_REQUIRED,VERIFIED_BINARY,ROM_COPYRIGHTED_REFERENCE,true,,,,,,,,,REBUILD,,[],"[""ORIGINAL_EFFECT_REPLACEMENT_REQUIRED"",""TRIGGER_AND_TIMING_UNKNOWN_REQUIRES_TRACE"",""SPRITE_VFX_TIER_NOT_IN_ORIGINAL_752_UNIT_AUDIT""]","2D cell-animated effect family (HUNT_TOOL_OR_TRAP_SPRITE). The original 26 VFX units are all Nitro 3D models; this entire 2D sprite library was outside the 752-unit audit. Trigger and timing remain gameplay authority and must be traced, not inferred from the artwork."
art:vfx:e002-hunt-niku-poison:sprite-reference,VFX,VFX_2D_SPRITE_FAMILY,common/e002_hunt_niku_poison,YDIJ ROM art census,docs/art/ROM_ART_CENSUS.json,ROM_BINARY,RAW_2D_HUNT_TOOL_OR_TRAP_SPRITE_E002_HUNT_NIKU_POISON,NDS_2D,PIXIJS_2D,NEEDS_REBUILD,ORIGINAL_REPLACEMENT_REQUIRED,VERIFIED_BINARY,ROM_COPYRIGHTED_REFERENCE,true,,,,,,,,,REBUILD,,[],"[""ORIGINAL_EFFECT_REPLACEMENT_REQUIRED"",""TRIGGER_AND_TIMING_UNKNOWN_REQUIRES_TRACE"",""SPRITE_VFX_TIER_NOT_IN_ORIGINAL_752_UNIT_AUDIT""]","2D cell-animated effect family (HUNT_TOOL_OR_TRAP_SPRITE). The original 26 VFX units are all Nitro 3D models; this entire 2D sprite library was outside the 752-unit audit. Trigger and timing remain gameplay authority and must be traced, not inferred from the artwork."
art:vfx:e002-hunt-niku-sleep:sprite-reference,VFX,VFX_2D_SPRITE_FAMILY,common/e002_hunt_niku_sleep,YDIJ ROM art census,docs/art/ROM_ART_CENSUS.json,ROM_BINARY,RAW_2D_HUNT_TOOL_OR_TRAP_SPRITE_E002_HUNT_NIKU_SLEEP,NDS_2D,PIXIJS_2D,NEEDS_REBUILD,ORIGINAL_REPLACEMENT_REQUIRED,VERIFIED_BINARY,ROM_COPYRIGHTED_REFERENCE,true,,,,,,,,,REBUILD,,[],"[""ORIGINAL_EFFECT_REPLACEMENT_REQUIRED"",""TRIGGER_AND_TIMING_UNKNOWN_REQUIRES_TRACE"",""SPRITE_VFX_TIER_NOT_IN_ORIGINAL_752_UNIT_AUDIT""]","2D cell-animated effect family (HUNT_TOOL_OR_TRAP_SPRITE). The original 26 VFX units are all Nitro 3D models; this entire 2D sprite library was outside the 752-unit audit. Trigger and timing remain gameplay authority and must be traced, not inferred from the artwork."
art:vfx:e002-hunt-niku-stun:sprite-reference,VFX,VFX_2D_SPRITE_FAMILY,common/e002_hunt_niku_stun,YDIJ ROM art census,docs/art/ROM_ART_CENSUS.json,ROM_BINARY,RAW_2D_HUNT_TOOL_OR_TRAP_SPRITE_E002_HUNT_NIKU_STUN,NDS_2D,PIXIJS_2D,NEEDS_REBUILD,ORIGINAL_REPLACEMENT_REQUIRED,VERIFIED_BINARY,ROM_COPYRIGHTED_REFERENCE,true,,,,,,,,,REBUILD,,[],"[""ORIGINAL_EFFECT_REPLACEMENT_REQUIRED"",""TRIGGER_AND_TIMING_UNKNOWN_REQUIRES_TRACE"",""SPRITE_VFX_TIER_NOT_IN_ORIGINAL_752_UNIT_AUDIT""]","2D cell-animated effect family (HUNT_TOOL_OR_TRAP_SPRITE). The original 26 VFX units are all Nitro 3D models; this entire 2D sprite library was outside the 752-unit audit. Trigger and timing remain gameplay authority and must be traced, not inferred from the artwork."
art:vfx:e002-hunt-nomalrope:sprite-reference,VFX,VFX_2D_SPRITE_FAMILY,common/e002_hunt_nomalrope,YDIJ ROM art census,docs/art/ROM_ART_CENSUS.json,ROM_BINARY,RAW_2D_HUNT_TOOL_OR_TRAP_SPRITE_E002_HUNT_NOMALROPE,NDS_2D,PIXIJS_2D,NEEDS_REBUILD,ORIGINAL_REPLACEMENT_REQUIRED,VERIFIED_BINARY,ROM_COPYRIGHTED_REFERENCE,true,,,,,,,,,REBUILD,,[],"[""ORIGINAL_EFFECT_REPLACEMENT_REQUIRED"",""TRIGGER_AND_TIMING_UNKNOWN_REQUIRES_TRACE"",""SPRITE_VFX_TIER_NOT_IN_ORIGINAL_752_UNIT_AUDIT""]","2D cell-animated effect family (HUNT_TOOL_OR_TRAP_SPRITE). The original 26 VFX units are all Nitro 3D models; this entire 2D sprite library was outside the 752-unit audit. Trigger and timing remain gameplay authority and must be traced, not inferred from the artwork."
art:vfx:e002-hunt-smallmine:sprite-reference,VFX,VFX_2D_SPRITE_FAMILY,common/e002_hunt_smallmine,YDIJ ROM art census,docs/art/ROM_ART_CENSUS.json,ROM_BINARY,RAW_2D_HUNT_TOOL_OR_TRAP_SPRITE_E002_HUNT_SMALLMINE,NDS_2D,PIXIJS_2D,NEEDS_REBUILD,ORIGINAL_REPLACEMENT_REQUIRED,VERIFIED_BINARY,ROM_COPYRIGHTED_REFERENCE,true,,,,,,,,,REBUILD,,[],"[""ORIGINAL_EFFECT_REPLACEMENT_REQUIRED"",""TRIGGER_AND_TIMING_UNKNOWN_REQUIRES_TRACE"",""SPRITE_VFX_TIER_NOT_IN_ORIGINAL_752_UNIT_AUDIT""]","2D cell-animated effect family (HUNT_TOOL_OR_TRAP_SPRITE). The original 26 VFX units are all Nitro 3D models; this entire 2D sprite library was outside the 752-unit audit. Trigger and timing remain gameplay authority and must be traced, not inferred from the artwork."
art:vfx:e002-hunt-sparkwire:sprite-reference,VFX,VFX_2D_SPRITE_FAMILY,common/e002_hunt_sparkwire,YDIJ ROM art census,docs/art/ROM_ART_CENSUS.json,ROM_BINARY,RAW_2D_HUNT_TOOL_OR_TRAP_SPRITE_E002_HUNT_SPARKWIRE,NDS_2D,PIXIJS_2D,NEEDS_REBUILD,ORIGINAL_REPLACEMENT_REQUIRED,VERIFIED_BINARY,ROM_COPYRIGHTED_REFERENCE,true,,,,,,,,,REBUILD,,[],"[""ORIGINAL_EFFECT_REPLACEMENT_REQUIRED"",""TRIGGER_AND_TIMING_UNKNOWN_REQUIRES_TRACE"",""SPRITE_VFX_TIER_NOT_IN_ORIGINAL_752_UNIT_AUDIT""]","2D cell-animated effect family (HUNT_TOOL_OR_TRAP_SPRITE). The original 26 VFX units are all Nitro 3D models; this entire 2D sprite library was outside the 752-unit audit. Trigger and timing remain gameplay authority and must be traced, not inferred from the artwork."
art:vfx:e002-hunt-sub:sprite-reference,VFX,VFX_2D_SPRITE_FAMILY,common/e002_hunt.sub,YDIJ ROM art census,docs/art/ROM_ART_CENSUS.json,ROM_BINARY,RAW_2D_HUNT_TOOL_OR_TRAP_SPRITE_E002_HUNT_SUB,NDS_2D,PIXIJS_2D,NEEDS_REBUILD,ORIGINAL_REPLACEMENT_REQUIRED,VERIFIED_BINARY,ROM_COPYRIGHTED_REFERENCE,true,,,,,,,,,REBUILD,,[],"[""ORIGINAL_EFFECT_REPLACEMENT_REQUIRED"",""TRIGGER_AND_TIMING_UNKNOWN_REQUIRES_TRACE"",""SPRITE_VFX_TIER_NOT_IN_ORIGINAL_752_UNIT_AUDIT""]","2D cell-animated effect family (HUNT_TOOL_OR_TRAP_SPRITE). The original 26 VFX units are all Nitro 3D models; this entire 2D sprite library was outside the 752-unit audit. Trigger and timing remain gameplay authority and must be traced, not inferred from the artwork."
art:vfx:e002-hunt:sprite-reference,VFX,VFX_2D_SPRITE_FAMILY,common/e002_hunt,YDIJ ROM art census,docs/art/ROM_ART_CENSUS.json,ROM_BINARY,RAW_2D_HUNT_TOOL_OR_TRAP_SPRITE_E002_HUNT,NDS_2D,PIXIJS_2D,NEEDS_REBUILD,ORIGINAL_REPLACEMENT_REQUIRED,VERIFIED_BINARY,ROM_COPYRIGHTED_REFERENCE,true,,,,,,,,,REBUILD,,[],"[""ORIGINAL_EFFECT_REPLACEMENT_REQUIRED"",""TRIGGER_AND_TIMING_UNKNOWN_REQUIRES_TRACE"",""SPRITE_VFX_TIER_NOT_IN_ORIGINAL_752_UNIT_AUDIT""]","2D cell-animated effect family (HUNT_TOOL_OR_TRAP_SPRITE). The original 26 VFX units are all Nitro 3D models; this entire 2D sprite library was outside the 752-unit audit. Trigger and timing remain gameplay authority and must be traced, not inferred from the artwork."
art:vfx:e003-abduction00:sprite-reference,VFX,VFX_2D_SPRITE_FAMILY,common/e003_abduction00,YDIJ ROM art census,docs/art/ROM_ART_CENSUS.json,ROM_BINARY,RAW_2D_BATTLE_ATTACK_SPRITE_E003_ABDUCTION00,NDS_2D,PIXIJS_2D,NEEDS_REBUILD,ORIGINAL_REPLACEMENT_REQUIRED,VERIFIED_BINARY,ROM_COPYRIGHTED_REFERENCE,true,,,,,,,,,REBUILD,,[],"[""ORIGINAL_EFFECT_REPLACEMENT_REQUIRED"",""TRIGGER_AND_TIMING_UNKNOWN_REQUIRES_TRACE"",""SPRITE_VFX_TIER_NOT_IN_ORIGINAL_752_UNIT_AUDIT""]","2D cell-animated effect family (BATTLE_ATTACK_SPRITE). The original 26 VFX units are all Nitro 3D models; this entire 2D sprite library was outside the 752-unit audit. Trigger and timing remain gameplay authority and must be traced, not inferred from the artwork."
art:vfx:e003-airneedle00:sprite-reference,VFX,VFX_2D_SPRITE_FAMILY,common/e003_airneedle00,YDIJ ROM art census,docs/art/ROM_ART_CENSUS.json,ROM_BINARY,RAW_2D_BATTLE_ATTACK_SPRITE_E003_AIRNEEDLE00,NDS_2D,PIXIJS_2D,NEEDS_REBUILD,ORIGINAL_REPLACEMENT_REQUIRED,VERIFIED_BINARY,ROM_COPYRIGHTED_REFERENCE,true,,,,,,,,,REBUILD,,[],"[""ORIGINAL_EFFECT_REPLACEMENT_REQUIRED"",""TRIGGER_AND_TIMING_UNKNOWN_REQUIRES_TRACE"",""SPRITE_VFX_TIER_NOT_IN_ORIGINAL_752_UNIT_AUDIT""]","2D cell-animated effect family (BATTLE_ATTACK_SPRITE). The original 26 VFX units are all Nitro 3D models; this entire 2D sprite library was outside the 752-unit audit. Trigger and timing remain gameplay authority and must be traced, not inferred from the artwork."
art:vfx:e003-apollomonarrow00:sprite-reference,VFX,VFX_2D_SPRITE_FAMILY,common/e003_apollomonarrow00,YDIJ ROM art census,docs/art/ROM_ART_CENSUS.json,ROM_BINARY,RAW_2D_BATTLE_ATTACK_SPRITE_E003_APOLLOMONARROW00,NDS_2D,PIXIJS_2D,NEEDS_REBUILD,ORIGINAL_REPLACEMENT_REQUIRED,VERIFIED_BINARY,ROM_COPYRIGHTED_REFERENCE,true,,,,,,,,,REBUILD,,[],"[""ORIGINAL_EFFECT_REPLACEMENT_REQUIRED"",""TRIGGER_AND_TIMING_UNKNOWN_REQUIRES_TRACE"",""SPRITE_VFX_TIER_NOT_IN_ORIGINAL_752_UNIT_AUDIT""]","2D cell-animated effect family (BATTLE_ATTACK_SPRITE). The original 26 VFX units are all Nitro 3D models; this entire 2D sprite library was outside the 752-unit audit. Trigger and timing remain gameplay authority and must be traced, not inferred from the artwork."
art:vfx:e003-bakemoncurse00:sprite-reference,VFX,VFX_2D_SPRITE_FAMILY,common/e003_bakemoncurse00,YDIJ ROM art census,docs/art/ROM_ART_CENSUS.json,ROM_BINARY,RAW_2D_BATTLE_ATTACK_SPRITE_E003_BAKEMONCURSE00,NDS_2D,PIXIJS_2D,NEEDS_REBUILD,ORIGINAL_REPLACEMENT_REQUIRED,VERIFIED_BINARY,ROM_COPYRIGHTED_REFERENCE,true,,,,,,,,,REBUILD,,[],"[""ORIGINAL_EFFECT_REPLACEMENT_REQUIRED"",""TRIGGER_AND_TIMING_UNKNOWN_REQUIRES_TRACE"",""SPRITE_VFX_TIER_NOT_IN_ORIGINAL_752_UNIT_AUDIT""]","2D cell-animated effect family (BATTLE_ATTACK_SPRITE). The original 26 VFX units are all Nitro 3D models; this entire 2D sprite library was outside the 752-unit audit. Trigger and timing remain gameplay authority and must be traced, not inferred from the artwork."
art:vfx:e003-banana00:sprite-reference,VFX,VFX_2D_SPRITE_FAMILY,common/e003_banana00,YDIJ ROM art census,docs/art/ROM_ART_CENSUS.json,ROM_BINARY,RAW_2D_BATTLE_ATTACK_SPRITE_E003_BANANA00,NDS_2D,PIXIJS_2D,NEEDS_REBUILD,ORIGINAL_REPLACEMENT_REQUIRED,VERIFIED_BINARY,ROM_COPYRIGHTED_REFERENCE,true,,,,,,,,,REBUILD,,[],"[""ORIGINAL_EFFECT_REPLACEMENT_REQUIRED"",""TRIGGER_AND_TIMING_UNKNOWN_REQUIRES_TRACE"",""SPRITE_VFX_TIER_NOT_IN_ORIGINAL_752_UNIT_AUDIT""]","2D cell-animated effect family (BATTLE_ATTACK_SPRITE). The original 26 VFX units are all Nitro 3D models; this entire 2D sprite library was outside the 752-unit audit. Trigger and timing remain gameplay authority and must be traced, not inferred from the artwork."
art:vfx:e003-battle-popup:sprite-reference,VFX,VFX_2D_SPRITE_FAMILY,common/e003_battle_popup,YDIJ ROM art census,docs/art/ROM_ART_CENSUS.json,ROM_BINARY,RAW_2D_BATTLE_ATTACK_SPRITE_E003_BATTLE_POPUP,NDS_2D,PIXIJS_2D,NEEDS_REBUILD,ORIGINAL_REPLACEMENT_REQUIRED,VERIFIED_BINARY,ROM_COPYRIGHTED_REFERENCE,true,,,,,,,,,REBUILD,,[],"[""ORIGINAL_EFFECT_REPLACEMENT_REQUIRED"",""TRIGGER_AND_TIMING_UNKNOWN_REQUIRES_TRACE"",""SPRITE_VFX_TIER_NOT_IN_ORIGINAL_752_UNIT_AUDIT""]","2D cell-animated effect family (BATTLE_ATTACK_SPRITE). The original 26 VFX units are all Nitro 3D models; this entire 2D sprite library was outside the 752-unit audit. Trigger and timing remain gameplay authority and must be traced, not inferred from the artwork."
art:vfx:e003-battle:sprite-reference,VFX,VFX_2D_SPRITE_FAMILY,common/e003_battle,YDIJ ROM art census,docs/art/ROM_ART_CENSUS.json,ROM_BINARY,RAW_2D_BATTLE_ATTACK_SPRITE_E003_BATTLE,NDS_2D,PIXIJS_2D,NEEDS_REBUILD,ORIGINAL_REPLACEMENT_REQUIRED,VERIFIED_BINARY,ROM_COPYRIGHTED_REFERENCE,true,,,,,,,,,REBUILD,,[],"[""ORIGINAL_EFFECT_REPLACEMENT_REQUIRED"",""TRIGGER_AND_TIMING_UNKNOWN_REQUIRES_TRACE"",""SPRITE_VFX_TIER_NOT_IN_ORIGINAL_752_UNIT_AUDIT""]","2D cell-animated effect family (BATTLE_ATTACK_SPRITE). The original 26 VFX units are all Nitro 3D models; this entire 2D sprite library was outside the 752-unit audit. Trigger and timing remain gameplay authority and must be traced, not inferred from the artwork."
art:vfx:e003-beam00:sprite-reference,VFX,VFX_2D_SPRITE_FAMILY,common/e003_beam00,YDIJ ROM art census,docs/art/ROM_ART_CENSUS.json,ROM_BINARY,RAW_2D_BATTLE_ATTACK_SPRITE_E003_BEAM00,NDS_2D,PIXIJS_2D,NEEDS_REBUILD,ORIGINAL_REPLACEMENT_REQUIRED,VERIFIED_BINARY,ROM_COPYRIGHTED_REFERENCE,true,,,,,,,,,REBUILD,,[],"[""ORIGINAL_EFFECT_REPLACEMENT_REQUIRED"",""TRIGGER_AND_TIMING_UNKNOWN_REQUIRES_TRACE"",""SPRITE_VFX_TIER_NOT_IN_ORIGINAL_752_UNIT_AUDIT""]","2D cell-animated effect family (BATTLE_ATTACK_SPRITE). The original 26 VFX units are all Nitro 3D models; this entire 2D sprite library was outside the 752-unit audit. Trigger and timing remain gameplay authority and must be traced, not inferred from the artwork."
art:vfx:e003-beam01:sprite-reference,VFX,VFX_2D_SPRITE_FAMILY,common/e003_beam01,YDIJ ROM art census,docs/art/ROM_ART_CENSUS.json,ROM_BINARY,RAW_2D_BATTLE_ATTACK_SPRITE_E003_BEAM01,NDS_2D,PIXIJS_2D,NEEDS_REBUILD,ORIGINAL_REPLACEMENT_REQUIRED,VERIFIED_BINARY,ROM_COPYRIGHTED_REFERENCE,true,,,,,,,,,REBUILD,,[],"[""ORIGINAL_EFFECT_REPLACEMENT_REQUIRED"",""TRIGGER_AND_TIMING_UNKNOWN_REQUIRES_TRACE"",""SPRITE_VFX_TIER_NOT_IN_ORIGINAL_752_UNIT_AUDIT""]","2D cell-animated effect family (BATTLE_ATTACK_SPRITE). The original 26 VFX units are all Nitro 3D models; this entire 2D sprite library was outside the 752-unit audit. Trigger and timing remain gameplay authority and must be traced, not inferred from the artwork."
art:vfx:e003-beam02:sprite-reference,VFX,VFX_2D_SPRITE_FAMILY,common/e003_beam02,YDIJ ROM art census,docs/art/ROM_ART_CENSUS.json,ROM_BINARY,RAW_2D_BATTLE_ATTACK_SPRITE_E003_BEAM02,NDS_2D,PIXIJS_2D,NEEDS_REBUILD,ORIGINAL_REPLACEMENT_REQUIRED,VERIFIED_BINARY,ROM_COPYRIGHTED_REFERENCE,true,,,,,,,,,REBUILD,,[],"[""ORIGINAL_EFFECT_REPLACEMENT_REQUIRED"",""TRIGGER_AND_TIMING_UNKNOWN_REQUIRES_TRACE"",""SPRITE_VFX_TIER_NOT_IN_ORIGINAL_752_UNIT_AUDIT""]","2D cell-animated effect family (BATTLE_ATTACK_SPRITE). The original 26 VFX units are all Nitro 3D models; this entire 2D sprite library was outside the 752-unit audit. Trigger and timing remain gameplay authority and must be traced, not inferred from the artwork."
art:vfx:e003-beam03:sprite-reference,VFX,VFX_2D_SPRITE_FAMILY,common/e003_beam03,YDIJ ROM art census,docs/art/ROM_ART_CENSUS.json,ROM_BINARY,RAW_2D_BATTLE_ATTACK_SPRITE_E003_BEAM03,NDS_2D,PIXIJS_2D,NEEDS_REBUILD,ORIGINAL_REPLACEMENT_REQUIRED,VERIFIED_BINARY,ROM_COPYRIGHTED_REFERENCE,true,,,,,,,,,REBUILD,,[],"[""ORIGINAL_EFFECT_REPLACEMENT_REQUIRED"",""TRIGGER_AND_TIMING_UNKNOWN_REQUIRES_TRACE"",""SPRITE_VFX_TIER_NOT_IN_ORIGINAL_752_UNIT_AUDIT""]","2D cell-animated effect family (BATTLE_ATTACK_SPRITE). The original 26 VFX units are all Nitro 3D models; this entire 2D sprite library was outside the 752-unit audit. Trigger and timing remain gameplay authority and must be traced, not inferred from the artwork."
art:vfx:e003-beam04:sprite-reference,VFX,VFX_2D_SPRITE_FAMILY,common/e003_beam04,YDIJ ROM art census,docs/art/ROM_ART_CENSUS.json,ROM_BINARY,RAW_2D_BATTLE_ATTACK_SPRITE_E003_BEAM04,NDS_2D,PIXIJS_2D,NEEDS_REBUILD,ORIGINAL_REPLACEMENT_REQUIRED,VERIFIED_BINARY,ROM_COPYRIGHTED_REFERENCE,true,,,,,,,,,REBUILD,,[],"[""ORIGINAL_EFFECT_REPLACEMENT_REQUIRED"",""TRIGGER_AND_TIMING_UNKNOWN_REQUIRES_TRACE"",""SPRITE_VFX_TIER_NOT_IN_ORIGINAL_752_UNIT_AUDIT""]","2D cell-animated effect family (BATTLE_ATTACK_SPRITE). The original 26 VFX units are all Nitro 3D models; this entire 2D sprite library was outside the 752-unit audit. Trigger and timing remain gameplay authority and must be traced, not inferred from the artwork."
art:vfx:e003-beam05:sprite-reference,VFX,VFX_2D_SPRITE_FAMILY,common/e003_beam05,YDIJ ROM art census,docs/art/ROM_ART_CENSUS.json,ROM_BINARY,RAW_2D_BATTLE_ATTACK_SPRITE_E003_BEAM05,NDS_2D,PIXIJS_2D,NEEDS_REBUILD,ORIGINAL_REPLACEMENT_REQUIRED,VERIFIED_BINARY,ROM_COPYRIGHTED_REFERENCE,true,,,,,,,,,REBUILD,,[],"[""ORIGINAL_EFFECT_REPLACEMENT_REQUIRED"",""TRIGGER_AND_TIMING_UNKNOWN_REQUIRES_TRACE"",""SPRITE_VFX_TIER_NOT_IN_ORIGINAL_752_UNIT_AUDIT""]","2D cell-animated effect family (BATTLE_ATTACK_SPRITE). The original 26 VFX units are all Nitro 3D models; this entire 2D sprite library was outside the 752-unit audit. Trigger and timing remain gameplay authority and must be traced, not inferred from the artwork."
art:vfx:e003-beam06:sprite-reference,VFX,VFX_2D_SPRITE_FAMILY,common/e003_beam06,YDIJ ROM art census,docs/art/ROM_ART_CENSUS.json,ROM_BINARY,RAW_2D_BATTLE_ATTACK_SPRITE_E003_BEAM06,NDS_2D,PIXIJS_2D,NEEDS_REBUILD,ORIGINAL_REPLACEMENT_REQUIRED,VERIFIED_BINARY,ROM_COPYRIGHTED_REFERENCE,true,,,,,,,,,REBUILD,,[],"[""ORIGINAL_EFFECT_REPLACEMENT_REQUIRED"",""TRIGGER_AND_TIMING_UNKNOWN_REQUIRES_TRACE"",""SPRITE_VFX_TIER_NOT_IN_ORIGINAL_752_UNIT_AUDIT""]","2D cell-animated effect family (BATTLE_ATTACK_SPRITE). The original 26 VFX units are all Nitro 3D models; this entire 2D sprite library was outside the 752-unit audit. Trigger and timing remain gameplay authority and must be traced, not inferred from the artwork."
art:vfx:e003-beam07:sprite-reference,VFX,VFX_2D_SPRITE_FAMILY,common/e003_beam07,YDIJ ROM art census,docs/art/ROM_ART_CENSUS.json,ROM_BINARY,RAW_2D_BATTLE_ATTACK_SPRITE_E003_BEAM07,NDS_2D,PIXIJS_2D,NEEDS_REBUILD,ORIGINAL_REPLACEMENT_REQUIRED,VERIFIED_BINARY,ROM_COPYRIGHTED_REFERENCE,true,,,,,,,,,REBUILD,,[],"[""ORIGINAL_EFFECT_REPLACEMENT_REQUIRED"",""TRIGGER_AND_TIMING_UNKNOWN_REQUIRES_TRACE"",""SPRITE_VFX_TIER_NOT_IN_ORIGINAL_752_UNIT_AUDIT""]","2D cell-animated effect family (BATTLE_ATTACK_SPRITE). The original 26 VFX units are all Nitro 3D models; this entire 2D sprite library was outside the 752-unit audit. Trigger and timing remain gameplay authority and must be traced, not inferred from the artwork."
art:vfx:e003-beam08:sprite-reference,VFX,VFX_2D_SPRITE_FAMILY,common/e003_beam08,YDIJ ROM art census,docs/art/ROM_ART_CENSUS.json,ROM_BINARY,RAW_2D_BATTLE_ATTACK_SPRITE_E003_BEAM08,NDS_2D,PIXIJS_2D,NEEDS_REBUILD,ORIGINAL_REPLACEMENT_REQUIRED,VERIFIED_BINARY,ROM_COPYRIGHTED_REFERENCE,true,,,,,,,,,REBUILD,,[],"[""ORIGINAL_EFFECT_REPLACEMENT_REQUIRED"",""TRIGGER_AND_TIMING_UNKNOWN_REQUIRES_TRACE"",""SPRITE_VFX_TIER_NOT_IN_ORIGINAL_752_UNIT_AUDIT""]","2D cell-animated effect family (BATTLE_ATTACK_SPRITE). The original 26 VFX units are all Nitro 3D models; this entire 2D sprite library was outside the 752-unit audit. Trigger and timing remain gameplay authority and must be traced, not inferred from the artwork."
art:vfx:e003-bigsmileybomber00:sprite-reference,VFX,VFX_2D_SPRITE_FAMILY,common/e003_bigsmileybomber00,YDIJ ROM art census,docs/art/ROM_ART_CENSUS.json,ROM_BINARY,RAW_2D_BATTLE_ATTACK_SPRITE_E003_BIGSMILEYBOMBER00,NDS_2D,PIXIJS_2D,NEEDS_REBUILD,ORIGINAL_REPLACEMENT_REQUIRED,VERIFIED_BINARY,ROM_COPYRIGHTED_REFERENCE,true,,,,,,,,,REBUILD,,[],"[""ORIGINAL_EFFECT_REPLACEMENT_REQUIRED"",""TRIGGER_AND_TIMING_UNKNOWN_REQUIRES_TRACE"",""SPRITE_VFX_TIER_NOT_IN_ORIGINAL_752_UNIT_AUDIT""]","2D cell-animated effect family (BATTLE_ATTACK_SPRITE). The original 26 VFX units are all Nitro 3D models; this entire 2D sprite library was outside the 752-unit audit. Trigger and timing remain gameplay authority and must be traced, not inferred from the artwork."
art:vfx:e003-bitbomb00:sprite-reference,VFX,VFX_2D_SPRITE_FAMILY,common/e003_bitbomb00,YDIJ ROM art census,docs/art/ROM_ART_CENSUS.json,ROM_BINARY,RAW_2D_BATTLE_ATTACK_SPRITE_E003_BITBOMB00,NDS_2D,PIXIJS_2D,NEEDS_REBUILD,ORIGINAL_REPLACEMENT_REQUIRED,VERIFIED_BINARY,ROM_COPYRIGHTED_REFERENCE,true,,,,,,,,,REBUILD,,[],"[""ORIGINAL_EFFECT_REPLACEMENT_REQUIRED"",""TRIGGER_AND_TIMING_UNKNOWN_REQUIRES_TRACE"",""SPRITE_VFX_TIER_NOT_IN_ORIGINAL_752_UNIT_AUDIT""]","2D cell-animated effect family (BATTLE_ATTACK_SPRITE). The original 26 VFX units are all Nitro 3D models; this entire 2D sprite library was outside the 752-unit audit. Trigger and timing remain gameplay authority and must be traced, not inferred from the artwork."
art:vfx:e003-blacksmoke00:sprite-reference,VFX,VFX_2D_SPRITE_FAMILY,common/e003_blacksmoke00,YDIJ ROM art census,docs/art/ROM_ART_CENSUS.json,ROM_BINARY,RAW_2D_BATTLE_ATTACK_SPRITE_E003_BLACKSMOKE00,NDS_2D,PIXIJS_2D,NEEDS_REBUILD,ORIGINAL_REPLACEMENT_REQUIRED,VERIFIED_BINARY,ROM_COPYRIGHTED_REFERENCE,true,,,,,,,,,REBUILD,,[],"[""ORIGINAL_EFFECT_REPLACEMENT_REQUIRED"",""TRIGGER_AND_TIMING_UNKNOWN_REQUIRES_TRACE"",""SPRITE_VFX_TIER_NOT_IN_ORIGINAL_752_UNIT_AUDIT""]","2D cell-animated effect family (BATTLE_ATTACK_SPRITE). The original 26 VFX units are all Nitro 3D models; this entire 2D sprite library was outside the 752-unit audit. Trigger and timing remain gameplay authority and must be traced, not inferred from the artwork."
art:vfx:e003-blacksmoke01:sprite-reference,VFX,VFX_2D_SPRITE_FAMILY,common/e003_blacksmoke01,YDIJ ROM art census,docs/art/ROM_ART_CENSUS.json,ROM_BINARY,RAW_2D_BATTLE_ATTACK_SPRITE_E003_BLACKSMOKE01,NDS_2D,PIXIJS_2D,NEEDS_REBUILD,ORIGINAL_REPLACEMENT_REQUIRED,VERIFIED_BINARY,ROM_COPYRIGHTED_REFERENCE,true,,,,,,,,,REBUILD,,[],"[""ORIGINAL_EFFECT_REPLACEMENT_REQUIRED"",""TRIGGER_AND_TIMING_UNKNOWN_REQUIRES_TRACE"",""SPRITE_VFX_TIER_NOT_IN_ORIGINAL_752_UNIT_AUDIT""]","2D cell-animated effect family (BATTLE_ATTACK_SPRITE). The original 26 VFX units are all Nitro 3D models; this entire 2D sprite library was outside the 752-unit audit. Trigger and timing remain gameplay authority and must be traced, not inferred from the artwork."
art:vfx:e003-blacksmoke02:sprite-reference,VFX,VFX_2D_SPRITE_FAMILY,common/e003_blacksmoke02,YDIJ ROM art census,docs/art/ROM_ART_CENSUS.json,ROM_BINARY,RAW_2D_BATTLE_ATTACK_SPRITE_E003_BLACKSMOKE02,NDS_2D,PIXIJS_2D,NEEDS_REBUILD,ORIGINAL_REPLACEMENT_REQUIRED,VERIFIED_BINARY,ROM_COPYRIGHTED_REFERENCE,true,,,,,,,,,REBUILD,,[],"[""ORIGINAL_EFFECT_REPLACEMENT_REQUIRED"",""TRIGGER_AND_TIMING_UNKNOWN_REQUIRES_TRACE"",""SPRITE_VFX_TIER_NOT_IN_ORIGINAL_752_UNIT_AUDIT""]","2D cell-animated effect family (BATTLE_ATTACK_SPRITE). The original 26 VFX units are all Nitro 3D models; this entire 2D sprite library was outside the 752-unit audit. Trigger and timing remain gameplay authority and must be traced, not inferred from the artwork."
art:vfx:e003-blacksmoke03:sprite-reference,VFX,VFX_2D_SPRITE_FAMILY,common/e003_blacksmoke03,YDIJ ROM art census,docs/art/ROM_ART_CENSUS.json,ROM_BINARY,RAW_2D_BATTLE_ATTACK_SPRITE_E003_BLACKSMOKE03,NDS_2D,PIXIJS_2D,NEEDS_REBUILD,ORIGINAL_REPLACEMENT_REQUIRED,VERIFIED_BINARY,ROM_COPYRIGHTED_REFERENCE,true,,,,,,,,,REBUILD,,[],"[""ORIGINAL_EFFECT_REPLACEMENT_REQUIRED"",""TRIGGER_AND_TIMING_UNKNOWN_REQUIRES_TRACE"",""SPRITE_VFX_TIER_NOT_IN_ORIGINAL_752_UNIT_AUDIT""]","2D cell-animated effect family (BATTLE_ATTACK_SPRITE). The original 26 VFX units are all Nitro 3D models; this entire 2D sprite library was outside the 752-unit audit. Trigger and timing remain gameplay authority and must be traced, not inferred from the artwork."
art:vfx:e003-blacksmoke04:sprite-reference,VFX,VFX_2D_SPRITE_FAMILY,common/e003_blacksmoke04,YDIJ ROM art census,docs/art/ROM_ART_CENSUS.json,ROM_BINARY,RAW_2D_BATTLE_ATTACK_SPRITE_E003_BLACKSMOKE04,NDS_2D,PIXIJS_2D,NEEDS_REBUILD,ORIGINAL_REPLACEMENT_REQUIRED,VERIFIED_BINARY,ROM_COPYRIGHTED_REFERENCE,true,,,,,,,,,REBUILD,,[],"[""ORIGINAL_EFFECT_REPLACEMENT_REQUIRED"",""TRIGGER_AND_TIMING_UNKNOWN_REQUIRES_TRACE"",""SPRITE_VFX_TIER_NOT_IN_ORIGINAL_752_UNIT_AUDIT""]","2D cell-animated effect family (BATTLE_ATTACK_SPRITE). The original 26 VFX units are all Nitro 3D models; this entire 2D sprite library was outside the 752-unit audit. Trigger and timing remain gameplay authority and must be traced, not inferred from the artwork."
art:vfx:e003-blacksmoke05:sprite-reference,VFX,VFX_2D_SPRITE_FAMILY,common/e003_blacksmoke05,YDIJ ROM art census,docs/art/ROM_ART_CENSUS.json,ROM_BINARY,RAW_2D_BATTLE_ATTACK_SPRITE_E003_BLACKSMOKE05,NDS_2D,PIXIJS_2D,NEEDS_REBUILD,ORIGINAL_REPLACEMENT_REQUIRED,VERIFIED_BINARY,ROM_COPYRIGHTED_REFERENCE,true,,,,,,,,,REBUILD,,[],"[""ORIGINAL_EFFECT_REPLACEMENT_REQUIRED"",""TRIGGER_AND_TIMING_UNKNOWN_REQUIRES_TRACE"",""SPRITE_VFX_TIER_NOT_IN_ORIGINAL_752_UNIT_AUDIT""]","2D cell-animated effect family (BATTLE_ATTACK_SPRITE). The original 26 VFX units are all Nitro 3D models; this entire 2D sprite library was outside the 752-unit audit. Trigger and timing remain gameplay authority and must be traced, not inferred from the artwork."
art:vfx:e003-bone00:sprite-reference,VFX,VFX_2D_SPRITE_FAMILY,common/e003_bone00,YDIJ ROM art census,docs/art/ROM_ART_CENSUS.json,ROM_BINARY,RAW_2D_BATTLE_ATTACK_SPRITE_E003_BONE00,NDS_2D,PIXIJS_2D,NEEDS_REBUILD,ORIGINAL_REPLACEMENT_REQUIRED,VERIFIED_BINARY,ROM_COPYRIGHTED_REFERENCE,true,,,,,,,,,REBUILD,,[],"[""ORIGINAL_EFFECT_REPLACEMENT_REQUIRED"",""TRIGGER_AND_TIMING_UNKNOWN_REQUIRES_TRACE"",""SPRITE_VFX_TIER_NOT_IN_ORIGINAL_752_UNIT_AUDIT""]","2D cell-animated effect family (BATTLE_ATTACK_SPRITE). The original 26 VFX units are all Nitro 3D models; this entire 2D sprite library was outside the 752-unit audit. Trigger and timing remain gameplay authority and must be traced, not inferred from the artwork."
art:vfx:e003-brakedramon:sprite-reference,VFX,VFX_2D_SPRITE_FAMILY,common/e003_brakedramon,YDIJ ROM art census,docs/art/ROM_ART_CENSUS.json,ROM_BINARY,RAW_2D_BATTLE_ATTACK_SPRITE_E003_BRAKEDRAMON,NDS_2D,PIXIJS_2D,NEEDS_REBUILD,ORIGINAL_REPLACEMENT_REQUIRED,VERIFIED_BINARY,ROM_COPYRIGHTED_REFERENCE,true,,,,,,,,,REBUILD,,[],"[""ORIGINAL_EFFECT_REPLACEMENT_REQUIRED"",""TRIGGER_AND_TIMING_UNKNOWN_REQUIRES_TRACE"",""SPRITE_VFX_TIER_NOT_IN_ORIGINAL_752_UNIT_AUDIT""]","2D cell-animated effect family (BATTLE_ATTACK_SPRITE). The original 26 VFX units are all Nitro 3D models; this entire 2D sprite library was outside the 752-unit audit. Trigger and timing remain gameplay authority and must be traced, not inferred from the artwork."
art:vfx:e003-bubble00:sprite-reference,VFX,VFX_2D_SPRITE_FAMILY,common/e003_bubble00,YDIJ ROM art census,docs/art/ROM_ART_CENSUS.json,ROM_BINARY,RAW_2D_BATTLE_ATTACK_SPRITE_E003_BUBBLE00,NDS_2D,PIXIJS_2D,NEEDS_REBUILD,ORIGINAL_REPLACEMENT_REQUIRED,VERIFIED_BINARY,ROM_COPYRIGHTED_REFERENCE,true,,,,,,,,,REBUILD,,[],"[""ORIGINAL_EFFECT_REPLACEMENT_REQUIRED"",""TRIGGER_AND_TIMING_UNKNOWN_REQUIRES_TRACE"",""SPRITE_VFX_TIER_NOT_IN_ORIGINAL_752_UNIT_AUDIT""]","2D cell-animated effect family (BATTLE_ATTACK_SPRITE). The original 26 VFX units are all Nitro 3D models; this entire 2D sprite library was outside the 752-unit audit. Trigger and timing remain gameplay authority and must be traced, not inferred from the artwork."
art:vfx:e003-bubble01:sprite-reference,VFX,VFX_2D_SPRITE_FAMILY,common/e003_bubble01,YDIJ ROM art census,docs/art/ROM_ART_CENSUS.json,ROM_BINARY,RAW_2D_BATTLE_ATTACK_SPRITE_E003_BUBBLE01,NDS_2D,PIXIJS_2D,NEEDS_REBUILD,ORIGINAL_REPLACEMENT_REQUIRED,VERIFIED_BINARY,ROM_COPYRIGHTED_REFERENCE,true,,,,,,,,,REBUILD,,[],"[""ORIGINAL_EFFECT_REPLACEMENT_REQUIRED"",""TRIGGER_AND_TIMING_UNKNOWN_REQUIRES_TRACE"",""SPRITE_VFX_TIER_NOT_IN_ORIGINAL_752_UNIT_AUDIT""]","2D cell-animated effect family (BATTLE_ATTACK_SPRITE). The original 26 VFX units are all Nitro 3D models; this entire 2D sprite library was outside the 752-unit audit. Trigger and timing remain gameplay authority and must be traced, not inferred from the artwork."
art:vfx:e003-casuburesu00:sprite-reference,VFX,VFX_2D_SPRITE_FAMILY,common/e003_casuburesu00,YDIJ ROM art census,docs/art/ROM_ART_CENSUS.json,ROM_BINARY,RAW_2D_BATTLE_ATTACK_SPRITE_E003_CASUBURESU00,NDS_2D,PIXIJS_2D,NEEDS_REBUILD,ORIGINAL_REPLACEMENT_REQUIRED,VERIFIED_BINARY,ROM_COPYRIGHTED_REFERENCE,true,,,,,,,,,REBUILD,,[],"[""ORIGINAL_EFFECT_REPLACEMENT_REQUIRED"",""TRIGGER_AND_TIMING_UNKNOWN_REQUIRES_TRACE"",""SPRITE_VFX_TIER_NOT_IN_ORIGINAL_752_UNIT_AUDIT""]","2D cell-animated effect family (BATTLE_ATTACK_SPRITE). The original 26 VFX units are all Nitro 3D models; this entire 2D sprite library was outside the 752-unit audit. Trigger and timing remain gameplay authority and must be traced, not inferred from the artwork."
art:vfx:e003-catseye00:sprite-reference,VFX,VFX_2D_SPRITE_FAMILY,common/e003_catseye00,YDIJ ROM art census,docs/art/ROM_ART_CENSUS.json,ROM_BINARY,RAW_2D_BATTLE_ATTACK_SPRITE_E003_CATSEYE00,NDS_2D,PIXIJS_2D,NEEDS_REBUILD,ORIGINAL_REPLACEMENT_REQUIRED,VERIFIED_BINARY,ROM_COPYRIGHTED_REFERENCE,true,,,,,,,,,REBUILD,,[],"[""ORIGINAL_EFFECT_REPLACEMENT_REQUIRED"",""TRIGGER_AND_TIMING_UNKNOWN_REQUIRES_TRACE"",""SPRITE_VFX_TIER_NOT_IN_ORIGINAL_752_UNIT_AUDIT""]","2D cell-animated effect family (BATTLE_ATTACK_SPRITE). The original 26 VFX units are all Nitro 3D models; this entire 2D sprite library was outside the 752-unit audit. Trigger and timing remain gameplay authority and must be traced, not inferred from the artwork."
art:vfx:e003-cherrybomb00:sprite-reference,VFX,VFX_2D_SPRITE_FAMILY,common/e003_cherrybomb00,YDIJ ROM art census,docs/art/ROM_ART_CENSUS.json,ROM_BINARY,RAW_2D_BATTLE_ATTACK_SPRITE_E003_CHERRYBOMB00,NDS_2D,PIXIJS_2D,NEEDS_REBUILD,ORIGINAL_REPLACEMENT_REQUIRED,VERIFIED_BINARY,ROM_COPYRIGHTED_REFERENCE,true,,,,,,,,,REBUILD,,[],"[""ORIGINAL_EFFECT_REPLACEMENT_REQUIRED"",""TRIGGER_AND_TIMING_UNKNOWN_REQUIRES_TRACE"",""SPRITE_VFX_TIER_NOT_IN_ORIGINAL_752_UNIT_AUDIT""]","2D cell-animated effect family (BATTLE_ATTACK_SPRITE). The original 26 VFX units are all Nitro 3D models; this entire 2D sprite library was outside the 752-unit audit. Trigger and timing remain gameplay authority and must be traced, not inferred from the artwork."
art:vfx:e003-clockmonclock:sprite-reference,VFX,VFX_2D_SPRITE_FAMILY,common/e003_clockmonclock,YDIJ ROM art census,docs/art/ROM_ART_CENSUS.json,ROM_BINARY,RAW_2D_BATTLE_ATTACK_SPRITE_E003_CLOCKMONCLOCK,NDS_2D,PIXIJS_2D,NEEDS_REBUILD,ORIGINAL_REPLACEMENT_REQUIRED,VERIFIED_BINARY,ROM_COPYRIGHTED_REFERENCE,true,,,,,,,,,REBUILD,,[],"[""ORIGINAL_EFFECT_REPLACEMENT_REQUIRED"",""TRIGGER_AND_TIMING_UNKNOWN_REQUIRES_TRACE"",""SPRITE_VFX_TIER_NOT_IN_ORIGINAL_752_UNIT_AUDIT""]","2D cell-animated effect family (BATTLE_ATTACK_SPRITE). The original 26 VFX units are all Nitro 3D models; this entire 2D sprite library was outside the 752-unit audit. Trigger and timing remain gameplay authority and must be traced, not inferred from the artwork."
art:vfx:e003-cogwheel00:sprite-reference,VFX,VFX_2D_SPRITE_FAMILY,common/e003_cogwheel00,YDIJ ROM art census,docs/art/ROM_ART_CENSUS.json,ROM_BINARY,RAW_2D_BATTLE_ATTACK_SPRITE_E003_COGWHEEL00,NDS_2D,PIXIJS_2D,NEEDS_REBUILD,ORIGINAL_REPLACEMENT_REQUIRED,VERIFIED_BINARY,ROM_COPYRIGHTED_REFERENCE,true,,,,,,,,,REBUILD,,[],"[""ORIGINAL_EFFECT_REPLACEMENT_REQUIRED"",""TRIGGER_AND_TIMING_UNKNOWN_REQUIRES_TRACE"",""SPRITE_VFX_TIER_NOT_IN_ORIGINAL_752_UNIT_AUDIT""]","2D cell-animated effect family (BATTLE_ATTACK_SPRITE). The original 26 VFX units are all Nitro 3D models; this entire 2D sprite library was outside the 752-unit audit. Trigger and timing remain gameplay authority and must be traced, not inferred from the artwork."
art:vfx:e003-colorfulspark00:sprite-reference,VFX,VFX_2D_SPRITE_FAMILY,common/e003_colorfulspark00,YDIJ ROM art census,docs/art/ROM_ART_CENSUS.json,ROM_BINARY,RAW_2D_BATTLE_ATTACK_SPRITE_E003_COLORFULSPARK00,NDS_2D,PIXIJS_2D,NEEDS_REBUILD,ORIGINAL_REPLACEMENT_REQUIRED,VERIFIED_BINARY,ROM_COPYRIGHTED_REFERENCE,true,,,,,,,,,REBUILD,,[],"[""ORIGINAL_EFFECT_REPLACEMENT_REQUIRED"",""TRIGGER_AND_TIMING_UNKNOWN_REQUIRES_TRACE"",""SPRITE_VFX_TIER_NOT_IN_ORIGINAL_752_UNIT_AUDIT""]","2D cell-animated effect family (BATTLE_ATTACK_SPRITE). The original 26 VFX units are all Nitro 3D models; this entire 2D sprite library was outside the 752-unit audit. Trigger and timing remain gameplay authority and must be traced, not inferred from the artwork."
art:vfx:e003-crashsymphony00:sprite-reference,VFX,VFX_2D_SPRITE_FAMILY,common/e003_crashsymphony00,YDIJ ROM art census,docs/art/ROM_ART_CENSUS.json,ROM_BINARY,RAW_2D_BATTLE_ATTACK_SPRITE_E003_CRASHSYMPHONY00,NDS_2D,PIXIJS_2D,NEEDS_REBUILD,ORIGINAL_REPLACEMENT_REQUIRED,VERIFIED_BINARY,ROM_COPYRIGHTED_REFERENCE,true,,,,,,,,,REBUILD,,[],"[""ORIGINAL_EFFECT_REPLACEMENT_REQUIRED"",""TRIGGER_AND_TIMING_UNKNOWN_REQUIRES_TRACE"",""SPRITE_VFX_TIER_NOT_IN_ORIGINAL_752_UNIT_AUDIT""]","2D cell-animated effect family (BATTLE_ATTACK_SPRITE). The original 26 VFX units are all Nitro 3D models; this entire 2D sprite library was outside the 752-unit audit. Trigger and timing remain gameplay authority and must be traced, not inferred from the artwork."
art:vfx:e003-crescemon:sprite-reference,VFX,VFX_2D_SPRITE_FAMILY,common/e003_crescemon,YDIJ ROM art census,docs/art/ROM_ART_CENSUS.json,ROM_BINARY,RAW_2D_BATTLE_ATTACK_SPRITE_E003_CRESCEMON,NDS_2D,PIXIJS_2D,NEEDS_REBUILD,ORIGINAL_REPLACEMENT_REQUIRED,VERIFIED_BINARY,ROM_COPYRIGHTED_REFERENCE,true,,,,,,,,,REBUILD,,[],"[""ORIGINAL_EFFECT_REPLACEMENT_REQUIRED"",""TRIGGER_AND_TIMING_UNKNOWN_REQUIRES_TRACE"",""SPRITE_VFX_TIER_NOT_IN_ORIGINAL_752_UNIT_AUDIT""]","2D cell-animated effect family (BATTLE_ATTACK_SPRITE). The original 26 VFX units are all Nitro 3D models; this entire 2D sprite library was outside the 752-unit audit. Trigger and timing remain gameplay authority and must be traced, not inferred from the artwork."
art:vfx:e003-crescemonarrow00:sprite-reference,VFX,VFX_2D_SPRITE_FAMILY,common/e003_crescemonarrow00,YDIJ ROM art census,docs/art/ROM_ART_CENSUS.json,ROM_BINARY,RAW_2D_BATTLE_ATTACK_SPRITE_E003_CRESCEMONARROW00,NDS_2D,PIXIJS_2D,NEEDS_REBUILD,ORIGINAL_REPLACEMENT_REQUIRED,VERIFIED_BINARY,ROM_COPYRIGHTED_REFERENCE,true,,,,,,,,,REBUILD,,[],"[""ORIGINAL_EFFECT_REPLACEMENT_REQUIRED"",""TRIGGER_AND_TIMING_UNKNOWN_REQUIRES_TRACE"",""SPRITE_VFX_TIER_NOT_IN_ORIGINAL_752_UNIT_AUDIT""]","2D cell-animated effect family (BATTLE_ATTACK_SPRITE). The original 26 VFX units are all Nitro 3D models; this entire 2D sprite library was outside the 752-unit audit. Trigger and timing remain gameplay authority and must be traced, not inferred from the artwork."
art:vfx:e003-crescemonarrow01:sprite-reference,VFX,VFX_2D_SPRITE_FAMILY,common/e003_crescemonarrow01,YDIJ ROM art census,docs/art/ROM_ART_CENSUS.json,ROM_BINARY,RAW_2D_BATTLE_ATTACK_SPRITE_E003_CRESCEMONARROW01,NDS_2D,PIXIJS_2D,NEEDS_REBUILD,ORIGINAL_REPLACEMENT_REQUIRED,VERIFIED_BINARY,ROM_COPYRIGHTED_REFERENCE,true,,,,,,,,,REBUILD,,[],"[""ORIGINAL_EFFECT_REPLACEMENT_REQUIRED"",""TRIGGER_AND_TIMING_UNKNOWN_REQUIRES_TRACE"",""SPRITE_VFX_TIER_NOT_IN_ORIGINAL_752_UNIT_AUDIT""]","2D cell-animated effect family (BATTLE_ATTACK_SPRITE). The original 26 VFX units are all Nitro 3D models; this entire 2D sprite library was outside the 752-unit audit. Trigger and timing remain gameplay authority and must be traced, not inferred from the artwork."
art:vfx:e003-crescent00:sprite-reference,VFX,VFX_2D_SPRITE_FAMILY,common/e003_crescent00,YDIJ ROM art census,docs/art/ROM_ART_CENSUS.json,ROM_BINARY,RAW_2D_BATTLE_ATTACK_SPRITE_E003_CRESCENT00,NDS_2D,PIXIJS_2D,NEEDS_REBUILD,ORIGINAL_REPLACEMENT_REQUIRED,VERIFIED_BINARY,ROM_COPYRIGHTED_REFERENCE,true,,,,,,,,,REBUILD,,[],"[""ORIGINAL_EFFECT_REPLACEMENT_REQUIRED"",""TRIGGER_AND_TIMING_UNKNOWN_REQUIRES_TRACE"",""SPRITE_VFX_TIER_NOT_IN_ORIGINAL_752_UNIT_AUDIT""]","2D cell-animated effect family (BATTLE_ATTACK_SPRITE). The original 26 VFX units are all Nitro 3D models; this entire 2D sprite library was outside the 752-unit audit. Trigger and timing remain gameplay authority and must be traced, not inferred from the artwork."
art:vfx:e003-crescentmoon00:sprite-reference,VFX,VFX_2D_SPRITE_FAMILY,common/e003_crescentmoon00,YDIJ ROM art census,docs/art/ROM_ART_CENSUS.json,ROM_BINARY,RAW_2D_BATTLE_ATTACK_SPRITE_E003_CRESCENTMOON00,NDS_2D,PIXIJS_2D,NEEDS_REBUILD,ORIGINAL_REPLACEMENT_REQUIRED,VERIFIED_BINARY,ROM_COPYRIGHTED_REFERENCE,true,,,,,,,,,REBUILD,,[],"[""ORIGINAL_EFFECT_REPLACEMENT_REQUIRED"",""TRIGGER_AND_TIMING_UNKNOWN_REQUIRES_TRACE"",""SPRITE_VFX_TIER_NOT_IN_ORIGINAL_752_UNIT_AUDIT""]","2D cell-animated effect family (BATTLE_ATTACK_SPRITE). The original 26 VFX units are all Nitro 3D models; this entire 2D sprite library was outside the 752-unit audit. Trigger and timing remain gameplay authority and must be traced, not inferred from the artwork."
art:vfx:e003-dark01:sprite-reference,VFX,VFX_2D_SPRITE_FAMILY,common/e003_dark01,YDIJ ROM art census,docs/art/ROM_ART_CENSUS.json,ROM_BINARY,RAW_2D_BATTLE_ATTACK_SPRITE_E003_DARK01,NDS_2D,PIXIJS_2D,NEEDS_REBUILD,ORIGINAL_REPLACEMENT_REQUIRED,VERIFIED_BINARY,ROM_COPYRIGHTED_REFERENCE,true,,,,,,,,,REBUILD,,[],"[""ORIGINAL_EFFECT_REPLACEMENT_REQUIRED"",""TRIGGER_AND_TIMING_UNKNOWN_REQUIRES_TRACE"",""SPRITE_VFX_TIER_NOT_IN_ORIGINAL_752_UNIT_AUDIT""]","2D cell-animated effect family (BATTLE_ATTACK_SPRITE). The original 26 VFX units are all Nitro 3D models; this entire 2D sprite library was outside the 752-unit audit. Trigger and timing remain gameplay authority and must be traced, not inferred from the artwork."
art:vfx:e003-darknesswave00:sprite-reference,VFX,VFX_2D_SPRITE_FAMILY,common/e003_darknesswave00,YDIJ ROM art census,docs/art/ROM_ART_CENSUS.json,ROM_BINARY,RAW_2D_BATTLE_ATTACK_SPRITE_E003_DARKNESSWAVE00,NDS_2D,PIXIJS_2D,NEEDS_REBUILD,ORIGINAL_REPLACEMENT_REQUIRED,VERIFIED_BINARY,ROM_COPYRIGHTED_REFERENCE,true,,,,,,,,,REBUILD,,[],"[""ORIGINAL_EFFECT_REPLACEMENT_REQUIRED"",""TRIGGER_AND_TIMING_UNKNOWN_REQUIRES_TRACE"",""SPRITE_VFX_TIER_NOT_IN_ORIGINAL_752_UNIT_AUDIT""]","2D cell-animated effect family (BATTLE_ATTACK_SPRITE). The original 26 VFX units are all Nitro 3D models; this entire 2D sprite library was outside the 752-unit audit. Trigger and timing remain gameplay authority and must be traced, not inferred from the artwork."
art:vfx:e003-deathcharm00:sprite-reference,VFX,VFX_2D_SPRITE_FAMILY,common/e003_deathcharm00,YDIJ ROM art census,docs/art/ROM_ART_CENSUS.json,ROM_BINARY,RAW_2D_BATTLE_ATTACK_SPRITE_E003_DEATHCHARM00,NDS_2D,PIXIJS_2D,NEEDS_REBUILD,ORIGINAL_REPLACEMENT_REQUIRED,VERIFIED_BINARY,ROM_COPYRIGHTED_REFERENCE,true,,,,,,,,,REBUILD,,[],"[""ORIGINAL_EFFECT_REPLACEMENT_REQUIRED"",""TRIGGER_AND_TIMING_UNKNOWN_REQUIRES_TRACE"",""SPRITE_VFX_TIER_NOT_IN_ORIGINAL_752_UNIT_AUDIT""]","2D cell-animated effect family (BATTLE_ATTACK_SPRITE). The original 26 VFX units are all Nitro 3D models; this entire 2D sprite library was outside the 752-unit audit. Trigger and timing remain gameplay authority and must be traced, not inferred from the artwork."
art:vfx:e003-delumonegg00:sprite-reference,VFX,VFX_2D_SPRITE_FAMILY,common/e003_delumonegg00,YDIJ ROM art census,docs/art/ROM_ART_CENSUS.json,ROM_BINARY,RAW_2D_BATTLE_ATTACK_SPRITE_E003_DELUMONEGG00,NDS_2D,PIXIJS_2D,NEEDS_REBUILD,ORIGINAL_REPLACEMENT_REQUIRED,VERIFIED_BINARY,ROM_COPYRIGHTED_REFERENCE,true,,,,,,,,,REBUILD,,[],"[""ORIGINAL_EFFECT_REPLACEMENT_REQUIRED"",""TRIGGER_AND_TIMING_UNKNOWN_REQUIRES_TRACE"",""SPRITE_VFX_TIER_NOT_IN_ORIGINAL_752_UNIT_AUDIT""]","2D cell-animated effect family (BATTLE_ATTACK_SPRITE). The original 26 VFX units are all Nitro 3D models; this entire 2D sprite library was outside the 752-unit audit. Trigger and timing remain gameplay authority and must be traced, not inferred from the artwork."
art:vfx:e003-dianamonarrow00:sprite-reference,VFX,VFX_2D_SPRITE_FAMILY,common/e003_dianamonarrow00,YDIJ ROM art census,docs/art/ROM_ART_CENSUS.json,ROM_BINARY,RAW_2D_BATTLE_ATTACK_SPRITE_E003_DIANAMONARROW00,NDS_2D,PIXIJS_2D,NEEDS_REBUILD,ORIGINAL_REPLACEMENT_REQUIRED,VERIFIED_BINARY,ROM_COPYRIGHTED_REFERENCE,true,,,,,,,,,REBUILD,,[],"[""ORIGINAL_EFFECT_REPLACEMENT_REQUIRED"",""TRIGGER_AND_TIMING_UNKNOWN_REQUIRES_TRACE"",""SPRITE_VFX_TIER_NOT_IN_ORIGINAL_752_UNIT_AUDIT""]","2D cell-animated effect family (BATTLE_ATTACK_SPRITE). The original 26 VFX units are all Nitro 3D models; this entire 2D sprite library was outside the 752-unit audit. Trigger and timing remain gameplay authority and must be traced, not inferred from the artwork."
art:vfx:e003-dirtysaucer00:sprite-reference,VFX,VFX_2D_SPRITE_FAMILY,common/e003_dirtysaucer00,YDIJ ROM art census,docs/art/ROM_ART_CENSUS.json,ROM_BINARY,RAW_2D_BATTLE_ATTACK_SPRITE_E003_DIRTYSAUCER00,NDS_2D,PIXIJS_2D,NEEDS_REBUILD,ORIGINAL_REPLACEMENT_REQUIRED,VERIFIED_BINARY,ROM_COPYRIGHTED_REFERENCE,true,,,,,,,,,REBUILD,,[],"[""ORIGINAL_EFFECT_REPLACEMENT_REQUIRED"",""TRIGGER_AND_TIMING_UNKNOWN_REQUIRES_TRACE"",""SPRITE_VFX_TIER_NOT_IN_ORIGINAL_752_UNIT_AUDIT""]","2D cell-animated effect family (BATTLE_ATTACK_SPRITE). The original 26 VFX units are all Nitro 3D models; this entire 2D sprite library was outside the 752-unit audit. Trigger and timing remain gameplay authority and must be traced, not inferred from the artwork."
art:vfx:e003-etc-hiteffect:sprite-reference,VFX,VFX_2D_SPRITE_FAMILY,common/e003_etc_hiteffect,YDIJ ROM art census,docs/art/ROM_ART_CENSUS.json,ROM_BINARY,RAW_2D_BATTLE_ATTACK_SPRITE_E003_ETC_HITEFFECT,NDS_2D,PIXIJS_2D,NEEDS_REBUILD,ORIGINAL_REPLACEMENT_REQUIRED,VERIFIED_BINARY,ROM_COPYRIGHTED_REFERENCE,true,,,,,,,,,REBUILD,,[],"[""ORIGINAL_EFFECT_REPLACEMENT_REQUIRED"",""TRIGGER_AND_TIMING_UNKNOWN_REQUIRES_TRACE"",""SPRITE_VFX_TIER_NOT_IN_ORIGINAL_752_UNIT_AUDIT""]","2D cell-animated effect family (BATTLE_ATTACK_SPRITE). The original 26 VFX units are all Nitro 3D models; this entire 2D sprite library was outside the 752-unit audit. Trigger and timing remain gameplay authority and must be traced, not inferred from the artwork."
art:vfx:e003-explo:sprite-reference,VFX,VFX_2D_SPRITE_FAMILY,common/e003_explo,YDIJ ROM art census,docs/art/ROM_ART_CENSUS.json,ROM_BINARY,RAW_2D_BATTLE_ATTACK_SPRITE_E003_EXPLO,NDS_2D,PIXIJS_2D,NEEDS_REBUILD,ORIGINAL_REPLACEMENT_REQUIRED,VERIFIED_BINARY,ROM_COPYRIGHTED_REFERENCE,true,,,,,,,,,REBUILD,,[],"[""ORIGINAL_EFFECT_REPLACEMENT_REQUIRED"",""TRIGGER_AND_TIMING_UNKNOWN_REQUIRES_TRACE"",""SPRITE_VFX_TIER_NOT_IN_ORIGINAL_752_UNIT_AUDIT""]","2D cell-animated effect family (BATTLE_ATTACK_SPRITE). The original 26 VFX units are all Nitro 3D models; this entire 2D sprite library was outside the 752-unit audit. Trigger and timing remain gameplay authority and must be traced, not inferred from the artwork."
art:vfx:e003-fireball-w00:sprite-reference,VFX,VFX_2D_SPRITE_FAMILY,common/e003_fireball_w00,YDIJ ROM art census,docs/art/ROM_ART_CENSUS.json,ROM_BINARY,RAW_2D_BATTLE_ATTACK_SPRITE_E003_FIREBALL_W00,NDS_2D,PIXIJS_2D,NEEDS_REBUILD,ORIGINAL_REPLACEMENT_REQUIRED,VERIFIED_BINARY,ROM_COPYRIGHTED_REFERENCE,true,,,,,,,,,REBUILD,,[],"[""ORIGINAL_EFFECT_REPLACEMENT_REQUIRED"",""TRIGGER_AND_TIMING_UNKNOWN_REQUIRES_TRACE"",""SPRITE_VFX_TIER_NOT_IN_ORIGINAL_752_UNIT_AUDIT""]","2D cell-animated effect family (BATTLE_ATTACK_SPRITE). The original 26 VFX units are all Nitro 3D models; this entire 2D sprite library was outside the 752-unit audit. Trigger and timing remain gameplay authority and must be traced, not inferred from the artwork."
art:vfx:e003-fireball00:sprite-reference,VFX,VFX_2D_SPRITE_FAMILY,common/e003_fireball00,YDIJ ROM art census,docs/art/ROM_ART_CENSUS.json,ROM_BINARY,RAW_2D_BATTLE_ATTACK_SPRITE_E003_FIREBALL00,NDS_2D,PIXIJS_2D,NEEDS_REBUILD,ORIGINAL_REPLACEMENT_REQUIRED,VERIFIED_BINARY,ROM_COPYRIGHTED_REFERENCE,true,,,,,,,,,REBUILD,,[],"[""ORIGINAL_EFFECT_REPLACEMENT_REQUIRED"",""TRIGGER_AND_TIMING_UNKNOWN_REQUIRES_TRACE"",""SPRITE_VFX_TIER_NOT_IN_ORIGINAL_752_UNIT_AUDIT""]","2D cell-animated effect family (BATTLE_ATTACK_SPRITE). The original 26 VFX units are all Nitro 3D models; this entire 2D sprite library was outside the 752-unit audit. Trigger and timing remain gameplay authority and must be traced, not inferred from the artwork."
art:vfx:e003-firehurricane00:sprite-reference,VFX,VFX_2D_SPRITE_FAMILY,common/e003_firehurricane00,YDIJ ROM art census,docs/art/ROM_ART_CENSUS.json,ROM_BINARY,RAW_2D_BATTLE_ATTACK_SPRITE_E003_FIREHURRICANE00,NDS_2D,PIXIJS_2D,NEEDS_REBUILD,ORIGINAL_REPLACEMENT_REQUIRED,VERIFIED_BINARY,ROM_COPYRIGHTED_REFERENCE,true,,,,,,,,,REBUILD,,[],"[""ORIGINAL_EFFECT_REPLACEMENT_REQUIRED"",""TRIGGER_AND_TIMING_UNKNOWN_REQUIRES_TRACE"",""SPRITE_VFX_TIER_NOT_IN_ORIGINAL_752_UNIT_AUDIT""]","2D cell-animated effect family (BATTLE_ATTACK_SPRITE). The original 26 VFX units are all Nitro 3D models; this entire 2D sprite library was outside the 752-unit audit. Trigger and timing remain gameplay authority and must be traced, not inferred from the artwork."
art:vfx:e003-firewing00:sprite-reference,VFX,VFX_2D_SPRITE_FAMILY,common/e003_firewing00,YDIJ ROM art census,docs/art/ROM_ART_CENSUS.json,ROM_BINARY,RAW_2D_BATTLE_ATTACK_SPRITE_E003_FIREWING00,NDS_2D,PIXIJS_2D,NEEDS_REBUILD,ORIGINAL_REPLACEMENT_REQUIRED,VERIFIED_BINARY,ROM_COPYRIGHTED_REFERENCE,true,,,,,,,,,REBUILD,,[],"[""ORIGINAL_EFFECT_REPLACEMENT_REQUIRED"",""TRIGGER_AND_TIMING_UNKNOWN_REQUIRES_TRACE"",""SPRITE_VFX_TIER_NOT_IN_ORIGINAL_752_UNIT_AUDIT""]","2D cell-animated effect family (BATTLE_ATTACK_SPRITE). The original 26 VFX units are all Nitro 3D models; this entire 2D sprite library was outside the 752-unit audit. Trigger and timing remain gameplay authority and must be traced, not inferred from the artwork."
art:vfx:e003-firewing01:sprite-reference,VFX,VFX_2D_SPRITE_FAMILY,common/e003_firewing01,YDIJ ROM art census,docs/art/ROM_ART_CENSUS.json,ROM_BINARY,RAW_2D_BATTLE_ATTACK_SPRITE_E003_FIREWING01,NDS_2D,PIXIJS_2D,NEEDS_REBUILD,ORIGINAL_REPLACEMENT_REQUIRED,VERIFIED_BINARY,ROM_COPYRIGHTED_REFERENCE,true,,,,,,,,,REBUILD,,[],"[""ORIGINAL_EFFECT_REPLACEMENT_REQUIRED"",""TRIGGER_AND_TIMING_UNKNOWN_REQUIRES_TRACE"",""SPRITE_VFX_TIER_NOT_IN_ORIGINAL_752_UNIT_AUDIT""]","2D cell-animated effect family (BATTLE_ATTACK_SPRITE). The original 26 VFX units are all Nitro 3D models; this entire 2D sprite library was outside the 752-unit audit. Trigger and timing remain gameplay authority and must be traced, not inferred from the artwork."
art:vfx:e003-firewing02:sprite-reference,VFX,VFX_2D_SPRITE_FAMILY,common/e003_firewing02,YDIJ ROM art census,docs/art/ROM_ART_CENSUS.json,ROM_BINARY,RAW_2D_BATTLE_ATTACK_SPRITE_E003_FIREWING02,NDS_2D,PIXIJS_2D,NEEDS_REBUILD,ORIGINAL_REPLACEMENT_REQUIRED,VERIFIED_BINARY,ROM_COPYRIGHTED_REFERENCE,true,,,,,,,,,REBUILD,,[],"[""ORIGINAL_EFFECT_REPLACEMENT_REQUIRED"",""TRIGGER_AND_TIMING_UNKNOWN_REQUIRES_TRACE"",""SPRITE_VFX_TIER_NOT_IN_ORIGINAL_752_UNIT_AUDIT""]","2D cell-animated effect family (BATTLE_ATTACK_SPRITE). The original 26 VFX units are all Nitro 3D models; this entire 2D sprite library was outside the 752-unit audit. Trigger and timing remain gameplay authority and must be traced, not inferred from the artwork."
art:vfx:e003-fish00:sprite-reference,VFX,VFX_2D_SPRITE_FAMILY,common/e003_fish00,YDIJ ROM art census,docs/art/ROM_ART_CENSUS.json,ROM_BINARY,RAW_2D_BATTLE_ATTACK_SPRITE_E003_FISH00,NDS_2D,PIXIJS_2D,NEEDS_REBUILD,ORIGINAL_REPLACEMENT_REQUIRED,VERIFIED_BINARY,ROM_COPYRIGHTED_REFERENCE,true,,,,,,,,,REBUILD,,[],"[""ORIGINAL_EFFECT_REPLACEMENT_REQUIRED"",""TRIGGER_AND_TIMING_UNKNOWN_REQUIRES_TRACE"",""SPRITE_VFX_TIER_NOT_IN_ORIGINAL_752_UNIT_AUDIT""]","2D cell-animated effect family (BATTLE_ATTACK_SPRITE). The original 26 VFX units are all Nitro 3D models; this entire 2D sprite library was outside the 752-unit audit. Trigger and timing remain gameplay authority and must be traced, not inferred from the artwork."
art:vfx:e003-flamefist00:sprite-reference,VFX,VFX_2D_SPRITE_FAMILY,common/e003_flamefist00,YDIJ ROM art census,docs/art/ROM_ART_CENSUS.json,ROM_BINARY,RAW_2D_BATTLE_ATTACK_SPRITE_E003_FLAMEFIST00,NDS_2D,PIXIJS_2D,NEEDS_REBUILD,ORIGINAL_REPLACEMENT_REQUIRED,VERIFIED_BINARY,ROM_COPYRIGHTED_REFERENCE,true,,,,,,,,,REBUILD,,[],"[""ORIGINAL_EFFECT_REPLACEMENT_REQUIRED"",""TRIGGER_AND_TIMING_UNKNOWN_REQUIRES_TRACE"",""SPRITE_VFX_TIER_NOT_IN_ORIGINAL_752_UNIT_AUDIT""]","2D cell-animated effect family (BATTLE_ATTACK_SPRITE). The original 26 VFX units are all Nitro 3D models; this entire 2D sprite library was outside the 752-unit audit. Trigger and timing remain gameplay authority and must be traced, not inferred from the artwork."
art:vfx:e003-foxfire00:sprite-reference,VFX,VFX_2D_SPRITE_FAMILY,common/e003_foxfire00,YDIJ ROM art census,docs/art/ROM_ART_CENSUS.json,ROM_BINARY,RAW_2D_BATTLE_ATTACK_SPRITE_E003_FOXFIRE00,NDS_2D,PIXIJS_2D,NEEDS_REBUILD,ORIGINAL_REPLACEMENT_REQUIRED,VERIFIED_BINARY,ROM_COPYRIGHTED_REFERENCE,true,,,,,,,,,REBUILD,,[],"[""ORIGINAL_EFFECT_REPLACEMENT_REQUIRED"",""TRIGGER_AND_TIMING_UNKNOWN_REQUIRES_TRACE"",""SPRITE_VFX_TIER_NOT_IN_ORIGINAL_752_UNIT_AUDIT""]","2D cell-animated effect family (BATTLE_ATTACK_SPRITE). The original 26 VFX units are all Nitro 3D models; this entire 2D sprite library was outside the 752-unit audit. Trigger and timing remain gameplay authority and must be traced, not inferred from the artwork."
art:vfx:e003-fraucanon00:sprite-reference,VFX,VFX_2D_SPRITE_FAMILY,common/e003_fraucanon00,YDIJ ROM art census,docs/art/ROM_ART_CENSUS.json,ROM_BINARY,RAW_2D_BATTLE_ATTACK_SPRITE_E003_FRAUCANON00,NDS_2D,PIXIJS_2D,NEEDS_REBUILD,ORIGINAL_REPLACEMENT_REQUIRED,VERIFIED_BINARY,ROM_COPYRIGHTED_REFERENCE,true,,,,,,,,,REBUILD,,[],"[""ORIGINAL_EFFECT_REPLACEMENT_REQUIRED"",""TRIGGER_AND_TIMING_UNKNOWN_REQUIRES_TRACE"",""SPRITE_VFX_TIER_NOT_IN_ORIGINAL_752_UNIT_AUDIT""]","2D cell-animated effect family (BATTLE_ATTACK_SPRITE). The original 26 VFX units are all Nitro 3D models; this entire 2D sprite library was outside the 752-unit audit. Trigger and timing remain gameplay authority and must be traced, not inferred from the artwork."
art:vfx:e003-genocideattack00:sprite-reference,VFX,VFX_2D_SPRITE_FAMILY,common/e003_genocideattack00,YDIJ ROM art census,docs/art/ROM_ART_CENSUS.json,ROM_BINARY,RAW_2D_BATTLE_ATTACK_SPRITE_E003_GENOCIDEATTACK00,NDS_2D,PIXIJS_2D,NEEDS_REBUILD,ORIGINAL_REPLACEMENT_REQUIRED,VERIFIED_BINARY,ROM_COPYRIGHTED_REFERENCE,true,,,,,,,,,REBUILD,,[],"[""ORIGINAL_EFFECT_REPLACEMENT_REQUIRED"",""TRIGGER_AND_TIMING_UNKNOWN_REQUIRES_TRACE"",""SPRITE_VFX_TIER_NOT_IN_ORIGINAL_752_UNIT_AUDIT""]","2D cell-animated effect family (BATTLE_ATTACK_SPRITE). The original 26 VFX units are all Nitro 3D models; this entire 2D sprite library was outside the 752-unit audit. Trigger and timing remain gameplay authority and must be traced, not inferred from the artwork."
art:vfx:e003-giantmissile00:sprite-reference,VFX,VFX_2D_SPRITE_FAMILY,common/e003_giantmissile00,YDIJ ROM art census,docs/art/ROM_ART_CENSUS.json,ROM_BINARY,RAW_2D_BATTLE_ATTACK_SPRITE_E003_GIANTMISSILE00,NDS_2D,PIXIJS_2D,NEEDS_REBUILD,ORIGINAL_REPLACEMENT_REQUIRED,VERIFIED_BINARY,ROM_COPYRIGHTED_REFERENCE,true,,,,,,,,,REBUILD,,[],"[""ORIGINAL_EFFECT_REPLACEMENT_REQUIRED"",""TRIGGER_AND_TIMING_UNKNOWN_REQUIRES_TRACE"",""SPRITE_VFX_TIER_NOT_IN_ORIGINAL_752_UNIT_AUDIT""]","2D cell-animated effect family (BATTLE_ATTACK_SPRITE). The original 26 VFX units are all Nitro 3D models; this entire 2D sprite library was outside the 752-unit audit. Trigger and timing remain gameplay authority and must be traced, not inferred from the artwork."
art:vfx:e003-gigaburasuta:sprite-reference,VFX,VFX_2D_SPRITE_FAMILY,common/e003_gigaburasuta,YDIJ ROM art census,docs/art/ROM_ART_CENSUS.json,ROM_BINARY,RAW_2D_BATTLE_ATTACK_SPRITE_E003_GIGABURASUTA,NDS_2D,PIXIJS_2D,NEEDS_REBUILD,ORIGINAL_REPLACEMENT_REQUIRED,VERIFIED_BINARY,ROM_COPYRIGHTED_REFERENCE,true,,,,,,,,,REBUILD,,[],"[""ORIGINAL_EFFECT_REPLACEMENT_REQUIRED"",""TRIGGER_AND_TIMING_UNKNOWN_REQUIRES_TRACE"",""SPRITE_VFX_TIER_NOT_IN_ORIGINAL_752_UNIT_AUDIT""]","2D cell-animated effect family (BATTLE_ATTACK_SPRITE). The original 26 VFX units are all Nitro 3D models; this entire 2D sprite library was outside the 752-unit audit. Trigger and timing remain gameplay authority and must be traced, not inferred from the artwork."
art:vfx:e003-gigadestroyer00:sprite-reference,VFX,VFX_2D_SPRITE_FAMILY,common/e003_gigadestroyer00,YDIJ ROM art census,docs/art/ROM_ART_CENSUS.json,ROM_BINARY,RAW_2D_BATTLE_ATTACK_SPRITE_E003_GIGADESTROYER00,NDS_2D,PIXIJS_2D,NEEDS_REBUILD,ORIGINAL_REPLACEMENT_REQUIRED,VERIFIED_BINARY,ROM_COPYRIGHTED_REFERENCE,true,,,,,,,,,REBUILD,,[],"[""ORIGINAL_EFFECT_REPLACEMENT_REQUIRED"",""TRIGGER_AND_TIMING_UNKNOWN_REQUIRES_TRACE"",""SPRITE_VFX_TIER_NOT_IN_ORIGINAL_752_UNIT_AUDIT""]","2D cell-animated effect family (BATTLE_ATTACK_SPRITE). The original 26 VFX units are all Nitro 3D models; this entire 2D sprite library was outside the 752-unit audit. Trigger and timing remain gameplay authority and must be traced, not inferred from the artwork."
art:vfx:e003-groundzero00:sprite-reference,VFX,VFX_2D_SPRITE_FAMILY,common/e003_groundzero00,YDIJ ROM art census,docs/art/ROM_ART_CENSUS.json,ROM_BINARY,RAW_2D_BATTLE_ATTACK_SPRITE_E003_GROUNDZERO00,NDS_2D,PIXIJS_2D,NEEDS_REBUILD,ORIGINAL_REPLACEMENT_REQUIRED,VERIFIED_BINARY,ROM_COPYRIGHTED_REFERENCE,true,,,,,,,,,REBUILD,,[],"[""ORIGINAL_EFFECT_REPLACEMENT_REQUIRED"",""TRIGGER_AND_TIMING_UNKNOWN_REQUIRES_TRACE"",""SPRITE_VFX_TIER_NOT_IN_ORIGINAL_752_UNIT_AUDIT""]","2D cell-animated effect family (BATTLE_ATTACK_SPRITE). The original 26 VFX units are all Nitro 3D models; this entire 2D sprite library was outside the 752-unit audit. Trigger and timing remain gameplay authority and must be traced, not inferred from the artwork."
art:vfx:e003-h-claw:sprite-reference,VFX,VFX_2D_SPRITE_FAMILY,common/e003_H_claw,YDIJ ROM art census,docs/art/ROM_ART_CENSUS.json,ROM_BINARY,RAW_2D_BATTLE_ATTACK_SPRITE_E003_H_CLAW,NDS_2D,PIXIJS_2D,NEEDS_REBUILD,ORIGINAL_REPLACEMENT_REQUIRED,VERIFIED_BINARY,ROM_COPYRIGHTED_REFERENCE,true,,,,,,,,,REBUILD,,[],"[""ORIGINAL_EFFECT_REPLACEMENT_REQUIRED"",""TRIGGER_AND_TIMING_UNKNOWN_REQUIRES_TRACE"",""SPRITE_VFX_TIER_NOT_IN_ORIGINAL_752_UNIT_AUDIT""]","2D cell-animated effect family (BATTLE_ATTACK_SPRITE). The original 26 VFX units are all Nitro 3D models; this entire 2D sprite library was outside the 752-unit audit. Trigger and timing remain gameplay authority and must be traced, not inferred from the artwork."
art:vfx:e003-h-knuckle:sprite-reference,VFX,VFX_2D_SPRITE_FAMILY,common/e003_H_Knuckle,YDIJ ROM art census,docs/art/ROM_ART_CENSUS.json,ROM_BINARY,RAW_2D_BATTLE_ATTACK_SPRITE_E003_H_KNUCKLE,NDS_2D,PIXIJS_2D,NEEDS_REBUILD,ORIGINAL_REPLACEMENT_REQUIRED,VERIFIED_BINARY,ROM_COPYRIGHTED_REFERENCE,true,,,,,,,,,REBUILD,,[],"[""ORIGINAL_EFFECT_REPLACEMENT_REQUIRED"",""TRIGGER_AND_TIMING_UNKNOWN_REQUIRES_TRACE"",""SPRITE_VFX_TIER_NOT_IN_ORIGINAL_752_UNIT_AUDIT""]","2D cell-animated effect family (BATTLE_ATTACK_SPRITE). The original 26 VFX units are all Nitro 3D models; this entire 2D sprite library was outside the 752-unit audit. Trigger and timing remain gameplay authority and must be traced, not inferred from the artwork."
art:vfx:e003-h-piercing:sprite-reference,VFX,VFX_2D_SPRITE_FAMILY,common/e003_H_piercing,YDIJ ROM art census,docs/art/ROM_ART_CENSUS.json,ROM_BINARY,RAW_2D_BATTLE_ATTACK_SPRITE_E003_H_PIERCING,NDS_2D,PIXIJS_2D,NEEDS_REBUILD,ORIGINAL_REPLACEMENT_REQUIRED,VERIFIED_BINARY,ROM_COPYRIGHTED_REFERENCE,true,,,,,,,,,REBUILD,,[],"[""ORIGINAL_EFFECT_REPLACEMENT_REQUIRED"",""TRIGGER_AND_TIMING_UNKNOWN_REQUIRES_TRACE"",""SPRITE_VFX_TIER_NOT_IN_ORIGINAL_752_UNIT_AUDIT""]","2D cell-animated effect family (BATTLE_ATTACK_SPRITE). The original 26 VFX units are all Nitro 3D models; this entire 2D sprite library was outside the 752-unit audit. Trigger and timing remain gameplay authority and must be traced, not inferred from the artwork."
art:vfx:e003-h-slashtop:sprite-reference,VFX,VFX_2D_SPRITE_FAMILY,common/e003_H_Slashtop,YDIJ ROM art census,docs/art/ROM_ART_CENSUS.json,ROM_BINARY,RAW_2D_BATTLE_ATTACK_SPRITE_E003_H_SLASHTOP,NDS_2D,PIXIJS_2D,NEEDS_REBUILD,ORIGINAL_REPLACEMENT_REQUIRED,VERIFIED_BINARY,ROM_COPYRIGHTED_REFERENCE,true,,,,,,,,,REBUILD,,[],"[""ORIGINAL_EFFECT_REPLACEMENT_REQUIRED"",""TRIGGER_AND_TIMING_UNKNOWN_REQUIRES_TRACE"",""SPRITE_VFX_TIER_NOT_IN_ORIGINAL_752_UNIT_AUDIT""]","2D cell-animated effect family (BATTLE_ATTACK_SPRITE). The original 26 VFX units are all Nitro 3D models; this entire 2D sprite library was outside the 752-unit audit. Trigger and timing remain gameplay authority and must be traced, not inferred from the artwork."
art:vfx:e003-haguro00:sprite-reference,VFX,VFX_2D_SPRITE_FAMILY,common/e003_haguro00,YDIJ ROM art census,docs/art/ROM_ART_CENSUS.json,ROM_BINARY,RAW_2D_BATTLE_ATTACK_SPRITE_E003_HAGURO00,NDS_2D,PIXIJS_2D,NEEDS_REBUILD,ORIGINAL_REPLACEMENT_REQUIRED,VERIFIED_BINARY,ROM_COPYRIGHTED_REFERENCE,true,,,,,,,,,REBUILD,,[],"[""ORIGINAL_EFFECT_REPLACEMENT_REQUIRED"",""TRIGGER_AND_TIMING_UNKNOWN_REQUIRES_TRACE"",""SPRITE_VFX_TIER_NOT_IN_ORIGINAL_752_UNIT_AUDIT""]","2D cell-animated effect family (BATTLE_ATTACK_SPRITE). The original 26 VFX units are all Nitro 3D models; this entire 2D sprite library was outside the 752-unit audit. Trigger and timing remain gameplay authority and must be traced, not inferred from the artwork."
art:vfx:e003-hammerspark:sprite-reference,VFX,VFX_2D_SPRITE_FAMILY,common/e003_hammerspark,YDIJ ROM art census,docs/art/ROM_ART_CENSUS.json,ROM_BINARY,RAW_2D_BATTLE_ATTACK_SPRITE_E003_HAMMERSPARK,NDS_2D,PIXIJS_2D,NEEDS_REBUILD,ORIGINAL_REPLACEMENT_REQUIRED,VERIFIED_BINARY,ROM_COPYRIGHTED_REFERENCE,true,,,,,,,,,REBUILD,,[],"[""ORIGINAL_EFFECT_REPLACEMENT_REQUIRED"",""TRIGGER_AND_TIMING_UNKNOWN_REQUIRES_TRACE"",""SPRITE_VFX_TIER_NOT_IN_ORIGINAL_752_UNIT_AUDIT""]","2D cell-animated effect family (BATTLE_ATTACK_SPRITE). The original 26 VFX units are all Nitro 3D models; this entire 2D sprite library was outside the 752-unit audit. Trigger and timing remain gameplay authority and must be traced, not inferred from the artwork."
art:vfx:e003-hart00:sprite-reference,VFX,VFX_2D_SPRITE_FAMILY,common/e003_hart00,YDIJ ROM art census,docs/art/ROM_ART_CENSUS.json,ROM_BINARY,RAW_2D_BATTLE_ATTACK_SPRITE_E003_HART00,NDS_2D,PIXIJS_2D,NEEDS_REBUILD,ORIGINAL_REPLACEMENT_REQUIRED,VERIFIED_BINARY,ROM_COPYRIGHTED_REFERENCE,true,,,,,,,,,REBUILD,,[],"[""ORIGINAL_EFFECT_REPLACEMENT_REQUIRED"",""TRIGGER_AND_TIMING_UNKNOWN_REQUIRES_TRACE"",""SPRITE_VFX_TIER_NOT_IN_ORIGINAL_752_UNIT_AUDIT""]","2D cell-animated effect family (BATTLE_ATTACK_SPRITE). The original 26 VFX units are all Nitro 3D models; this entire 2D sprite library was outside the 752-unit audit. Trigger and timing remain gameplay authority and must be traced, not inferred from the artwork."
art:vfx:e003-hartbreak00:sprite-reference,VFX,VFX_2D_SPRITE_FAMILY,common/e003_hartbreak00,YDIJ ROM art census,docs/art/ROM_ART_CENSUS.json,ROM_BINARY,RAW_2D_BATTLE_ATTACK_SPRITE_E003_HARTBREAK00,NDS_2D,PIXIJS_2D,NEEDS_REBUILD,ORIGINAL_REPLACEMENT_REQUIRED,VERIFIED_BINARY,ROM_COPYRIGHTED_REFERENCE,true,,,,,,,,,REBUILD,,[],"[""ORIGINAL_EFFECT_REPLACEMENT_REQUIRED"",""TRIGGER_AND_TIMING_UNKNOWN_REQUIRES_TRACE"",""SPRITE_VFX_TIER_NOT_IN_ORIGINAL_752_UNIT_AUDIT""]","2D cell-animated effect family (BATTLE_ATTACK_SPRITE). The original 26 VFX units are all Nitro 3D models; this entire 2D sprite library was outside the 752-unit audit. Trigger and timing remain gameplay authority and must be traced, not inferred from the artwork."
art:vfx:e003-hasyuriken00:sprite-reference,VFX,VFX_2D_SPRITE_FAMILY,common/e003_hasyuriken00,YDIJ ROM art census,docs/art/ROM_ART_CENSUS.json,ROM_BINARY,RAW_2D_BATTLE_ATTACK_SPRITE_E003_HASYURIKEN00,NDS_2D,PIXIJS_2D,NEEDS_REBUILD,ORIGINAL_REPLACEMENT_REQUIRED,VERIFIED_BINARY,ROM_COPYRIGHTED_REFERENCE,true,,,,,,,,,REBUILD,,[],"[""ORIGINAL_EFFECT_REPLACEMENT_REQUIRED"",""TRIGGER_AND_TIMING_UNKNOWN_REQUIRES_TRACE"",""SPRITE_VFX_TIER_NOT_IN_ORIGINAL_752_UNIT_AUDIT""]","2D cell-animated effect family (BATTLE_ATTACK_SPRITE). The original 26 VFX units are all Nitro 3D models; this entire 2D sprite library was outside the 752-unit audit. Trigger and timing remain gameplay authority and must be traced, not inferred from the artwork."
art:vfx:e003-heaven00:sprite-reference,VFX,VFX_2D_SPRITE_FAMILY,common/e003_heaven00,YDIJ ROM art census,docs/art/ROM_ART_CENSUS.json,ROM_BINARY,RAW_2D_BATTLE_ATTACK_SPRITE_E003_HEAVEN00,NDS_2D,PIXIJS_2D,NEEDS_REBUILD,ORIGINAL_REPLACEMENT_REQUIRED,VERIFIED_BINARY,ROM_COPYRIGHTED_REFERENCE,true,,,,,,,,,REBUILD,,[],"[""ORIGINAL_EFFECT_REPLACEMENT_REQUIRED"",""TRIGGER_AND_TIMING_UNKNOWN_REQUIRES_TRACE"",""SPRITE_VFX_TIER_NOT_IN_ORIGINAL_752_UNIT_AUDIT""]","2D cell-animated effect family (BATTLE_ATTACK_SPRITE). The original 26 VFX units are all Nitro 3D models; this entire 2D sprite library was outside the 752-unit audit. Trigger and timing remain gameplay authority and must be traced, not inferred from the artwork."
art:vfx:e003-heavensgate00:sprite-reference,VFX,VFX_2D_SPRITE_FAMILY,common/e003_heavensgate00,YDIJ ROM art census,docs/art/ROM_ART_CENSUS.json,ROM_BINARY,RAW_2D_BATTLE_ATTACK_SPRITE_E003_HEAVENSGATE00,NDS_2D,PIXIJS_2D,NEEDS_REBUILD,ORIGINAL_REPLACEMENT_REQUIRED,VERIFIED_BINARY,ROM_COPYRIGHTED_REFERENCE,true,,,,,,,,,REBUILD,,[],"[""ORIGINAL_EFFECT_REPLACEMENT_REQUIRED"",""TRIGGER_AND_TIMING_UNKNOWN_REQUIRES_TRACE"",""SPRITE_VFX_TIER_NOT_IN_ORIGINAL_752_UNIT_AUDIT""]","2D cell-animated effect family (BATTLE_ATTACK_SPRITE). The original 26 VFX units are all Nitro 3D models; this entire 2D sprite library was outside the 752-unit audit. Trigger and timing remain gameplay authority and must be traced, not inferred from the artwork."
art:vfx:e003-holyarrow:sprite-reference,VFX,VFX_2D_SPRITE_FAMILY,common/e003_holyarrow,YDIJ ROM art census,docs/art/ROM_ART_CENSUS.json,ROM_BINARY,RAW_2D_BATTLE_ATTACK_SPRITE_E003_HOLYARROW,NDS_2D,PIXIJS_2D,NEEDS_REBUILD,ORIGINAL_REPLACEMENT_REQUIRED,VERIFIED_BINARY,ROM_COPYRIGHTED_REFERENCE,true,,,,,,,,,REBUILD,,[],"[""ORIGINAL_EFFECT_REPLACEMENT_REQUIRED"",""TRIGGER_AND_TIMING_UNKNOWN_REQUIRES_TRACE"",""SPRITE_VFX_TIER_NOT_IN_ORIGINAL_752_UNIT_AUDIT""]","2D cell-animated effect family (BATTLE_ATTACK_SPRITE). The original 26 VFX units are all Nitro 3D models; this entire 2D sprite library was outside the 752-unit audit. Trigger and timing remain gameplay authority and must be traced, not inferred from the artwork."
art:vfx:e003-icearrow00:sprite-reference,VFX,VFX_2D_SPRITE_FAMILY,common/e003_icearrow00,YDIJ ROM art census,docs/art/ROM_ART_CENSUS.json,ROM_BINARY,RAW_2D_BATTLE_ATTACK_SPRITE_E003_ICEARROW00,NDS_2D,PIXIJS_2D,NEEDS_REBUILD,ORIGINAL_REPLACEMENT_REQUIRED,VERIFIED_BINARY,ROM_COPYRIGHTED_REFERENCE,true,,,,,,,,,REBUILD,,[],"[""ORIGINAL_EFFECT_REPLACEMENT_REQUIRED"",""TRIGGER_AND_TIMING_UNKNOWN_REQUIRES_TRACE"",""SPRITE_VFX_TIER_NOT_IN_ORIGINAL_752_UNIT_AUDIT""]","2D cell-animated effect family (BATTLE_ATTACK_SPRITE). The original 26 VFX units are all Nitro 3D models; this entire 2D sprite library was outside the 752-unit audit. Trigger and timing remain gameplay authority and must be traced, not inferred from the artwork."
art:vfx:e003-icerock00:sprite-reference,VFX,VFX_2D_SPRITE_FAMILY,common/e003_icerock00,YDIJ ROM art census,docs/art/ROM_ART_CENSUS.json,ROM_BINARY,RAW_2D_BATTLE_ATTACK_SPRITE_E003_ICEROCK00,NDS_2D,PIXIJS_2D,NEEDS_REBUILD,ORIGINAL_REPLACEMENT_REQUIRED,VERIFIED_BINARY,ROM_COPYRIGHTED_REFERENCE,true,,,,,,,,,REBUILD,,[],"[""ORIGINAL_EFFECT_REPLACEMENT_REQUIRED"",""TRIGGER_AND_TIMING_UNKNOWN_REQUIRES_TRACE"",""SPRITE_VFX_TIER_NOT_IN_ORIGINAL_752_UNIT_AUDIT""]","2D cell-animated effect family (BATTLE_ATTACK_SPRITE). The original 26 VFX units are all Nitro 3D models; this entire 2D sprite library was outside the 752-unit audit. Trigger and timing remain gameplay authority and must be traced, not inferred from the artwork."
art:vfx:e003-infinitiarrow00:sprite-reference,VFX,VFX_2D_SPRITE_FAMILY,common/e003_infinitiarrow00,YDIJ ROM art census,docs/art/ROM_ART_CENSUS.json,ROM_BINARY,RAW_2D_BATTLE_ATTACK_SPRITE_E003_INFINITIARROW00,NDS_2D,PIXIJS_2D,NEEDS_REBUILD,ORIGINAL_REPLACEMENT_REQUIRED,VERIFIED_BINARY,ROM_COPYRIGHTED_REFERENCE,true,,,,,,,,,REBUILD,,[],"[""ORIGINAL_EFFECT_REPLACEMENT_REQUIRED"",""TRIGGER_AND_TIMING_UNKNOWN_REQUIRES_TRACE"",""SPRITE_VFX_TIER_NOT_IN_ORIGINAL_752_UNIT_AUDIT""]","2D cell-animated effect family (BATTLE_ATTACK_SPRITE). The original 26 VFX units are all Nitro 3D models; this entire 2D sprite library was outside the 752-unit audit. Trigger and timing remain gameplay authority and must be traced, not inferred from the artwork."
art:vfx:e003-jetarrow00:sprite-reference,VFX,VFX_2D_SPRITE_FAMILY,common/e003_jetarrow00,YDIJ ROM art census,docs/art/ROM_ART_CENSUS.json,ROM_BINARY,RAW_2D_BATTLE_ATTACK_SPRITE_E003_JETARROW00,NDS_2D,PIXIJS_2D,NEEDS_REBUILD,ORIGINAL_REPLACEMENT_REQUIRED,VERIFIED_BINARY,ROM_COPYRIGHTED_REFERENCE,true,,,,,,,,,REBUILD,,[],"[""ORIGINAL_EFFECT_REPLACEMENT_REQUIRED"",""TRIGGER_AND_TIMING_UNKNOWN_REQUIRES_TRACE"",""SPRITE_VFX_TIER_NOT_IN_ORIGINAL_752_UNIT_AUDIT""]","2D cell-animated effect family (BATTLE_ATTACK_SPRITE). The original 26 VFX units are all Nitro 3D models; this entire 2D sprite library was outside the 752-unit audit. Trigger and timing remain gameplay authority and must be traced, not inferred from the artwork."
art:vfx:e003-jiware:sprite-reference,VFX,VFX_2D_SPRITE_FAMILY,common/e003_jiware,YDIJ ROM art census,docs/art/ROM_ART_CENSUS.json,ROM_BINARY,RAW_2D_BATTLE_ATTACK_SPRITE_E003_JIWARE,NDS_2D,PIXIJS_2D,NEEDS_REBUILD,ORIGINAL_REPLACEMENT_REQUIRED,VERIFIED_BINARY,ROM_COPYRIGHTED_REFERENCE,true,,,,,,,,,REBUILD,,[],"[""ORIGINAL_EFFECT_REPLACEMENT_REQUIRED"",""TRIGGER_AND_TIMING_UNKNOWN_REQUIRES_TRACE"",""SPRITE_VFX_TIER_NOT_IN_ORIGINAL_752_UNIT_AUDIT""]","2D cell-animated effect family (BATTLE_ATTACK_SPRITE). The original 26 VFX units are all Nitro 3D models; this entire 2D sprite library was outside the 752-unit audit. Trigger and timing remain gameplay authority and must be traced, not inferred from the artwork."
art:vfx:e003-kikanzyu00:sprite-reference,VFX,VFX_2D_SPRITE_FAMILY,common/e003_kikanzyu00,YDIJ ROM art census,docs/art/ROM_ART_CENSUS.json,ROM_BINARY,RAW_2D_BATTLE_ATTACK_SPRITE_E003_KIKANZYU00,NDS_2D,PIXIJS_2D,NEEDS_REBUILD,ORIGINAL_REPLACEMENT_REQUIRED,VERIFIED_BINARY,ROM_COPYRIGHTED_REFERENCE,true,,,,,,,,,REBUILD,,[],"[""ORIGINAL_EFFECT_REPLACEMENT_REQUIRED"",""TRIGGER_AND_TIMING_UNKNOWN_REQUIRES_TRACE"",""SPRITE_VFX_TIER_NOT_IN_ORIGINAL_752_UNIT_AUDIT""]","2D cell-animated effect family (BATTLE_ATTACK_SPRITE). The original 26 VFX units are all Nitro 3D models; this entire 2D sprite library was outside the 752-unit audit. Trigger and timing remain gameplay authority and must be traced, not inferred from the artwork."
art:vfx:e003-kinoko00:sprite-reference,VFX,VFX_2D_SPRITE_FAMILY,common/e003_kinoko00,YDIJ ROM art census,docs/art/ROM_ART_CENSUS.json,ROM_BINARY,RAW_2D_BATTLE_ATTACK_SPRITE_E003_KINOKO00,NDS_2D,PIXIJS_2D,NEEDS_REBUILD,ORIGINAL_REPLACEMENT_REQUIRED,VERIFIED_BINARY,ROM_COPYRIGHTED_REFERENCE,true,,,,,,,,,REBUILD,,[],"[""ORIGINAL_EFFECT_REPLACEMENT_REQUIRED"",""TRIGGER_AND_TIMING_UNKNOWN_REQUIRES_TRACE"",""SPRITE_VFX_TIER_NOT_IN_ORIGINAL_752_UNIT_AUDIT""]","2D cell-animated effect family (BATTLE_ATTACK_SPRITE). The original 26 VFX units are all Nitro 3D models; this entire 2D sprite library was outside the 752-unit audit. Trigger and timing remain gameplay authority and must be traced, not inferred from the artwork."
art:vfx:e003-kiwimonsmall00:sprite-reference,VFX,VFX_2D_SPRITE_FAMILY,common/e003_kiwimonsmall00,YDIJ ROM art census,docs/art/ROM_ART_CENSUS.json,ROM_BINARY,RAW_2D_BATTLE_ATTACK_SPRITE_E003_KIWIMONSMALL00,NDS_2D,PIXIJS_2D,NEEDS_REBUILD,ORIGINAL_REPLACEMENT_REQUIRED,VERIFIED_BINARY,ROM_COPYRIGHTED_REFERENCE,true,,,,,,,,,REBUILD,,[],"[""ORIGINAL_EFFECT_REPLACEMENT_REQUIRED"",""TRIGGER_AND_TIMING_UNKNOWN_REQUIRES_TRACE"",""SPRITE_VFX_TIER_NOT_IN_ORIGINAL_752_UNIT_AUDIT""]","2D cell-animated effect family (BATTLE_ATTACK_SPRITE). The original 26 VFX units are all Nitro 3D models; this entire 2D sprite library was outside the 752-unit audit. Trigger and timing remain gameplay authority and must be traced, not inferred from the artwork."
art:vfx:e003-koenryu00:sprite-reference,VFX,VFX_2D_SPRITE_FAMILY,common/e003_koenryu00,YDIJ ROM art census,docs/art/ROM_ART_CENSUS.json,ROM_BINARY,RAW_2D_BATTLE_ATTACK_SPRITE_E003_KOENRYU00,NDS_2D,PIXIJS_2D,NEEDS_REBUILD,ORIGINAL_REPLACEMENT_REQUIRED,VERIFIED_BINARY,ROM_COPYRIGHTED_REFERENCE,true,,,,,,,,,REBUILD,,[],"[""ORIGINAL_EFFECT_REPLACEMENT_REQUIRED"",""TRIGGER_AND_TIMING_UNKNOWN_REQUIRES_TRACE"",""SPRITE_VFX_TIER_NOT_IN_ORIGINAL_752_UNIT_AUDIT""]","2D cell-animated effect family (BATTLE_ATTACK_SPRITE). The original 26 VFX units are all Nitro 3D models; this entire 2D sprite library was outside the 752-unit audit. Trigger and timing remain gameplay authority and must be traced, not inferred from the artwork."
art:vfx:e003-koenryu01:sprite-reference,VFX,VFX_2D_SPRITE_FAMILY,common/e003_koenryu01,YDIJ ROM art census,docs/art/ROM_ART_CENSUS.json,ROM_BINARY,RAW_2D_BATTLE_ATTACK_SPRITE_E003_KOENRYU01,NDS_2D,PIXIJS_2D,NEEDS_REBUILD,ORIGINAL_REPLACEMENT_REQUIRED,VERIFIED_BINARY,ROM_COPYRIGHTED_REFERENCE,true,,,,,,,,,REBUILD,,[],"[""ORIGINAL_EFFECT_REPLACEMENT_REQUIRED"",""TRIGGER_AND_TIMING_UNKNOWN_REQUIRES_TRACE"",""SPRITE_VFX_TIER_NOT_IN_ORIGINAL_752_UNIT_AUDIT""]","2D cell-animated effect family (BATTLE_ATTACK_SPRITE). The original 26 VFX units are all Nitro 3D models; this entire 2D sprite library was outside the 752-unit audit. Trigger and timing remain gameplay authority and must be traced, not inferred from the artwork."
art:vfx:e003-koorituno00:sprite-reference,VFX,VFX_2D_SPRITE_FAMILY,common/e003_koorituno00,YDIJ ROM art census,docs/art/ROM_ART_CENSUS.json,ROM_BINARY,RAW_2D_BATTLE_ATTACK_SPRITE_E003_KOORITUNO00,NDS_2D,PIXIJS_2D,NEEDS_REBUILD,ORIGINAL_REPLACEMENT_REQUIRED,VERIFIED_BINARY,ROM_COPYRIGHTED_REFERENCE,true,,,,,,,,,REBUILD,,[],"[""ORIGINAL_EFFECT_REPLACEMENT_REQUIRED"",""TRIGGER_AND_TIMING_UNKNOWN_REQUIRES_TRACE"",""SPRITE_VFX_TIER_NOT_IN_ORIGINAL_752_UNIT_AUDIT""]","2D cell-animated effect family (BATTLE_ATTACK_SPRITE). The original 26 VFX units are all Nitro 3D models; this entire 2D sprite library was outside the 752-unit audit. Trigger and timing remain gameplay authority and must be traced, not inferred from the artwork."
art:vfx:e003-kumo00:sprite-reference,VFX,VFX_2D_SPRITE_FAMILY,common/e003_kumo00,YDIJ ROM art census,docs/art/ROM_ART_CENSUS.json,ROM_BINARY,RAW_2D_BATTLE_ATTACK_SPRITE_E003_KUMO00,NDS_2D,PIXIJS_2D,NEEDS_REBUILD,ORIGINAL_REPLACEMENT_REQUIRED,VERIFIED_BINARY,ROM_COPYRIGHTED_REFERENCE,true,,,,,,,,,REBUILD,,[],"[""ORIGINAL_EFFECT_REPLACEMENT_REQUIRED"",""TRIGGER_AND_TIMING_UNKNOWN_REQUIRES_TRACE"",""SPRITE_VFX_TIER_NOT_IN_ORIGINAL_752_UNIT_AUDIT""]","2D cell-animated effect family (BATTLE_ATTACK_SPRITE). The original 26 VFX units are all Nitro 3D models; this entire 2D sprite library was outside the 752-unit audit. Trigger and timing remain gameplay authority and must be traced, not inferred from the artwork."
art:vfx:e003-kumo01:sprite-reference,VFX,VFX_2D_SPRITE_FAMILY,common/e003_kumo01,YDIJ ROM art census,docs/art/ROM_ART_CENSUS.json,ROM_BINARY,RAW_2D_BATTLE_ATTACK_SPRITE_E003_KUMO01,NDS_2D,PIXIJS_2D,NEEDS_REBUILD,ORIGINAL_REPLACEMENT_REQUIRED,VERIFIED_BINARY,ROM_COPYRIGHTED_REFERENCE,true,,,,,,,,,REBUILD,,[],"[""ORIGINAL_EFFECT_REPLACEMENT_REQUIRED"",""TRIGGER_AND_TIMING_UNKNOWN_REQUIRES_TRACE"",""SPRITE_VFX_TIER_NOT_IN_ORIGINAL_752_UNIT_AUDIT""]","2D cell-animated effect family (BATTLE_ATTACK_SPRITE). The original 26 VFX units are all Nitro 3D models; this entire 2D sprite library was outside the 752-unit audit. Trigger and timing remain gameplay authority and must be traced, not inferred from the artwork."
art:vfx:e003-kyubimonfire:sprite-reference,VFX,VFX_2D_SPRITE_FAMILY,common/e003_kyubimonfire,YDIJ ROM art census,docs/art/ROM_ART_CENSUS.json,ROM_BINARY,RAW_2D_BATTLE_ATTACK_SPRITE_E003_KYUBIMONFIRE,NDS_2D,PIXIJS_2D,NEEDS_REBUILD,ORIGINAL_REPLACEMENT_REQUIRED,VERIFIED_BINARY,ROM_COPYRIGHTED_REFERENCE,true,,,,,,,,,REBUILD,,[],"[""ORIGINAL_EFFECT_REPLACEMENT_REQUIRED"",""TRIGGER_AND_TIMING_UNKNOWN_REQUIRES_TRACE"",""SPRITE_VFX_TIER_NOT_IN_ORIGINAL_752_UNIT_AUDIT""]","2D cell-animated effect family (BATTLE_ATTACK_SPRITE). The original 26 VFX units are all Nitro 3D models; this entire 2D sprite library was outside the 752-unit audit. Trigger and timing remain gameplay authority and must be traced, not inferred from the artwork."
art:vfx:e003-lekismonarrow00:sprite-reference,VFX,VFX_2D_SPRITE_FAMILY,common/e003_lekismonarrow00,YDIJ ROM art census,docs/art/ROM_ART_CENSUS.json,ROM_BINARY,RAW_2D_BATTLE_ATTACK_SPRITE_E003_LEKISMONARROW00,NDS_2D,PIXIJS_2D,NEEDS_REBUILD,ORIGINAL_REPLACEMENT_REQUIRED,VERIFIED_BINARY,ROM_COPYRIGHTED_REFERENCE,true,,,,,,,,,REBUILD,,[],"[""ORIGINAL_EFFECT_REPLACEMENT_REQUIRED"",""TRIGGER_AND_TIMING_UNKNOWN_REQUIRES_TRACE"",""SPRITE_VFX_TIER_NOT_IN_ORIGINAL_752_UNIT_AUDIT""]","2D cell-animated effect family (BATTLE_ATTACK_SPRITE). The original 26 VFX units are all Nitro 3D models; this entire 2D sprite library was outside the 752-unit audit. Trigger and timing remain gameplay authority and must be traced, not inferred from the artwork."
art:vfx:e003-lekismonarrow01:sprite-reference,VFX,VFX_2D_SPRITE_FAMILY,common/e003_lekismonarrow01,YDIJ ROM art census,docs/art/ROM_ART_CENSUS.json,ROM_BINARY,RAW_2D_BATTLE_ATTACK_SPRITE_E003_LEKISMONARROW01,NDS_2D,PIXIJS_2D,NEEDS_REBUILD,ORIGINAL_REPLACEMENT_REQUIRED,VERIFIED_BINARY,ROM_COPYRIGHTED_REFERENCE,true,,,,,,,,,REBUILD,,[],"[""ORIGINAL_EFFECT_REPLACEMENT_REQUIRED"",""TRIGGER_AND_TIMING_UNKNOWN_REQUIRES_TRACE"",""SPRITE_VFX_TIER_NOT_IN_ORIGINAL_752_UNIT_AUDIT""]","2D cell-animated effect family (BATTLE_ATTACK_SPRITE). The original 26 VFX units are all Nitro 3D models; this entire 2D sprite library was outside the 752-unit audit. Trigger and timing remain gameplay authority and must be traced, not inferred from the artwork."
art:vfx:e003-leomonhed00:sprite-reference,VFX,VFX_2D_SPRITE_FAMILY,common/e003_leomonhed00,YDIJ ROM art census,docs/art/ROM_ART_CENSUS.json,ROM_BINARY,RAW_2D_BATTLE_ATTACK_SPRITE_E003_LEOMONHED00,NDS_2D,PIXIJS_2D,NEEDS_REBUILD,ORIGINAL_REPLACEMENT_REQUIRED,VERIFIED_BINARY,ROM_COPYRIGHTED_REFERENCE,true,,,,,,,,,REBUILD,,[],"[""ORIGINAL_EFFECT_REPLACEMENT_REQUIRED"",""TRIGGER_AND_TIMING_UNKNOWN_REQUIRES_TRACE"",""SPRITE_VFX_TIER_NOT_IN_ORIGINAL_752_UNIT_AUDIT""]","2D cell-animated effect family (BATTLE_ATTACK_SPRITE). The original 26 VFX units are all Nitro 3D models; this entire 2D sprite library was outside the 752-unit audit. Trigger and timing remain gameplay authority and must be traced, not inferred from the artwork."
art:vfx:e003-lightball00:sprite-reference,VFX,VFX_2D_SPRITE_FAMILY,common/e003_lightball00,YDIJ ROM art census,docs/art/ROM_ART_CENSUS.json,ROM_BINARY,RAW_2D_BATTLE_ATTACK_SPRITE_E003_LIGHTBALL00,NDS_2D,PIXIJS_2D,NEEDS_REBUILD,ORIGINAL_REPLACEMENT_REQUIRED,VERIFIED_BINARY,ROM_COPYRIGHTED_REFERENCE,true,,,,,,,,,REBUILD,,[],"[""ORIGINAL_EFFECT_REPLACEMENT_REQUIRED"",""TRIGGER_AND_TIMING_UNKNOWN_REQUIRES_TRACE"",""SPRITE_VFX_TIER_NOT_IN_ORIGINAL_752_UNIT_AUDIT""]","2D cell-animated effect family (BATTLE_ATTACK_SPRITE). The original 26 VFX units are all Nitro 3D models; this entire 2D sprite library was outside the 752-unit audit. Trigger and timing remain gameplay authority and must be traced, not inferred from the artwork."
art:vfx:e003-lightball01:sprite-reference,VFX,VFX_2D_SPRITE_FAMILY,common/e003_lightball01,YDIJ ROM art census,docs/art/ROM_ART_CENSUS.json,ROM_BINARY,RAW_2D_BATTLE_ATTACK_SPRITE_E003_LIGHTBALL01,NDS_2D,PIXIJS_2D,NEEDS_REBUILD,ORIGINAL_REPLACEMENT_REQUIRED,VERIFIED_BINARY,ROM_COPYRIGHTED_REFERENCE,true,,,,,,,,,REBUILD,,[],"[""ORIGINAL_EFFECT_REPLACEMENT_REQUIRED"",""TRIGGER_AND_TIMING_UNKNOWN_REQUIRES_TRACE"",""SPRITE_VFX_TIER_NOT_IN_ORIGINAL_752_UNIT_AUDIT""]","2D cell-animated effect family (BATTLE_ATTACK_SPRITE). The original 26 VFX units are all Nitro 3D models; this entire 2D sprite library was outside the 752-unit audit. Trigger and timing remain gameplay authority and must be traced, not inferred from the artwork."
art:vfx:e003-lightball02:sprite-reference,VFX,VFX_2D_SPRITE_FAMILY,common/e003_lightball02,YDIJ ROM art census,docs/art/ROM_ART_CENSUS.json,ROM_BINARY,RAW_2D_BATTLE_ATTACK_SPRITE_E003_LIGHTBALL02,NDS_2D,PIXIJS_2D,NEEDS_REBUILD,ORIGINAL_REPLACEMENT_REQUIRED,VERIFIED_BINARY,ROM_COPYRIGHTED_REFERENCE,true,,,,,,,,,REBUILD,,[],"[""ORIGINAL_EFFECT_REPLACEMENT_REQUIRED"",""TRIGGER_AND_TIMING_UNKNOWN_REQUIRES_TRACE"",""SPRITE_VFX_TIER_NOT_IN_ORIGINAL_752_UNIT_AUDIT""]","2D cell-animated effect family (BATTLE_ATTACK_SPRITE). The original 26 VFX units are all Nitro 3D models; this entire 2D sprite library was outside the 752-unit audit. Trigger and timing remain gameplay authority and must be traced, not inferred from the artwork."
art:vfx:e003-magmaball00:sprite-reference,VFX,VFX_2D_SPRITE_FAMILY,common/e003_magmaball00,YDIJ ROM art census,docs/art/ROM_ART_CENSUS.json,ROM_BINARY,RAW_2D_BATTLE_ATTACK_SPRITE_E003_MAGMABALL00,NDS_2D,PIXIJS_2D,NEEDS_REBUILD,ORIGINAL_REPLACEMENT_REQUIRED,VERIFIED_BINARY,ROM_COPYRIGHTED_REFERENCE,true,,,,,,,,,REBUILD,,[],"[""ORIGINAL_EFFECT_REPLACEMENT_REQUIRED"",""TRIGGER_AND_TIMING_UNKNOWN_REQUIRES_TRACE"",""SPRITE_VFX_TIER_NOT_IN_ORIGINAL_752_UNIT_AUDIT""]","2D cell-animated effect family (BATTLE_ATTACK_SPRITE). The original 26 VFX units are all Nitro 3D models; this entire 2D sprite library was outside the 752-unit audit. Trigger and timing remain gameplay authority and must be traced, not inferred from the artwork."
art:vfx:e003-magmaball01:sprite-reference,VFX,VFX_2D_SPRITE_FAMILY,common/e003_magmaball01,YDIJ ROM art census,docs/art/ROM_ART_CENSUS.json,ROM_BINARY,RAW_2D_BATTLE_ATTACK_SPRITE_E003_MAGMABALL01,NDS_2D,PIXIJS_2D,NEEDS_REBUILD,ORIGINAL_REPLACEMENT_REQUIRED,VERIFIED_BINARY,ROM_COPYRIGHTED_REFERENCE,true,,,,,,,,,REBUILD,,[],"[""ORIGINAL_EFFECT_REPLACEMENT_REQUIRED"",""TRIGGER_AND_TIMING_UNKNOWN_REQUIRES_TRACE"",""SPRITE_VFX_TIER_NOT_IN_ORIGINAL_752_UNIT_AUDIT""]","2D cell-animated effect family (BATTLE_ATTACK_SPRITE). The original 26 VFX units are all Nitro 3D models; this entire 2D sprite library was outside the 752-unit audit. Trigger and timing remain gameplay authority and must be traced, not inferred from the artwork."
art:vfx:e003-magmaball02:sprite-reference,VFX,VFX_2D_SPRITE_FAMILY,common/e003_magmaball02,YDIJ ROM art census,docs/art/ROM_ART_CENSUS.json,ROM_BINARY,RAW_2D_BATTLE_ATTACK_SPRITE_E003_MAGMABALL02,NDS_2D,PIXIJS_2D,NEEDS_REBUILD,ORIGINAL_REPLACEMENT_REQUIRED,VERIFIED_BINARY,ROM_COPYRIGHTED_REFERENCE,true,,,,,,,,,REBUILD,,[],"[""ORIGINAL_EFFECT_REPLACEMENT_REQUIRED"",""TRIGGER_AND_TIMING_UNKNOWN_REQUIRES_TRACE"",""SPRITE_VFX_TIER_NOT_IN_ORIGINAL_752_UNIT_AUDIT""]","2D cell-animated effect family (BATTLE_ATTACK_SPRITE). The original 26 VFX units are all Nitro 3D models; this entire 2D sprite library was outside the 752-unit audit. Trigger and timing remain gameplay authority and must be traced, not inferred from the artwork."
art:vfx:e003-magmaball03:sprite-reference,VFX,VFX_2D_SPRITE_FAMILY,common/e003_magmaball03,YDIJ ROM art census,docs/art/ROM_ART_CENSUS.json,ROM_BINARY,RAW_2D_BATTLE_ATTACK_SPRITE_E003_MAGMABALL03,NDS_2D,PIXIJS_2D,NEEDS_REBUILD,ORIGINAL_REPLACEMENT_REQUIRED,VERIFIED_BINARY,ROM_COPYRIGHTED_REFERENCE,true,,,,,,,,,REBUILD,,[],"[""ORIGINAL_EFFECT_REPLACEMENT_REQUIRED"",""TRIGGER_AND_TIMING_UNKNOWN_REQUIRES_TRACE"",""SPRITE_VFX_TIER_NOT_IN_ORIGINAL_752_UNIT_AUDIT""]","2D cell-animated effect family (BATTLE_ATTACK_SPRITE). The original 26 VFX units are all Nitro 3D models; this entire 2D sprite library was outside the 752-unit audit. Trigger and timing remain gameplay authority and must be traced, not inferred from the artwork."
art:vfx:e003-magmaball04:sprite-reference,VFX,VFX_2D_SPRITE_FAMILY,common/e003_magmaball04,YDIJ ROM art census,docs/art/ROM_ART_CENSUS.json,ROM_BINARY,RAW_2D_BATTLE_ATTACK_SPRITE_E003_MAGMABALL04,NDS_2D,PIXIJS_2D,NEEDS_REBUILD,ORIGINAL_REPLACEMENT_REQUIRED,VERIFIED_BINARY,ROM_COPYRIGHTED_REFERENCE,true,,,,,,,,,REBUILD,,[],"[""ORIGINAL_EFFECT_REPLACEMENT_REQUIRED"",""TRIGGER_AND_TIMING_UNKNOWN_REQUIRES_TRACE"",""SPRITE_VFX_TIER_NOT_IN_ORIGINAL_752_UNIT_AUDIT""]","2D cell-animated effect family (BATTLE_ATTACK_SPRITE). The original 26 VFX units are all Nitro 3D models; this entire 2D sprite library was outside the 752-unit audit. Trigger and timing remain gameplay authority and must be traced, not inferred from the artwork."
art:vfx:e003-magmaball06:sprite-reference,VFX,VFX_2D_SPRITE_FAMILY,common/e003_magmaball06,YDIJ ROM art census,docs/art/ROM_ART_CENSUS.json,ROM_BINARY,RAW_2D_BATTLE_ATTACK_SPRITE_E003_MAGMABALL06,NDS_2D,PIXIJS_2D,NEEDS_REBUILD,ORIGINAL_REPLACEMENT_REQUIRED,VERIFIED_BINARY,ROM_COPYRIGHTED_REFERENCE,true,,,,,,,,,REBUILD,,[],"[""ORIGINAL_EFFECT_REPLACEMENT_REQUIRED"",""TRIGGER_AND_TIMING_UNKNOWN_REQUIRES_TRACE"",""SPRITE_VFX_TIER_NOT_IN_ORIGINAL_752_UNIT_AUDIT""]","2D cell-animated effect family (BATTLE_ATTACK_SPRITE). The original 26 VFX units are all Nitro 3D models; this entire 2D sprite library was outside the 752-unit audit. Trigger and timing remain gameplay authority and must be traced, not inferred from the artwork."
art:vfx:e003-mind-eff:sprite-reference,VFX,VFX_2D_SPRITE_FAMILY,common/e003_mind_eff,YDIJ ROM art census,docs/art/ROM_ART_CENSUS.json,ROM_BINARY,RAW_2D_BATTLE_ATTACK_SPRITE_E003_MIND_EFF,NDS_2D,PIXIJS_2D,NEEDS_REBUILD,ORIGINAL_REPLACEMENT_REQUIRED,VERIFIED_BINARY,ROM_COPYRIGHTED_REFERENCE,true,,,,,,,,,REBUILD,,[],"[""ORIGINAL_EFFECT_REPLACEMENT_REQUIRED"",""TRIGGER_AND_TIMING_UNKNOWN_REQUIRES_TRACE"",""SPRITE_VFX_TIER_NOT_IN_ORIGINAL_752_UNIT_AUDIT""]","2D cell-animated effect family (BATTLE_ATTACK_SPRITE). The original 26 VFX units are all Nitro 3D models; this entire 2D sprite library was outside the 752-unit audit. Trigger and timing remain gameplay authority and must be traced, not inferred from the artwork."
art:vfx:e003-missile00:sprite-reference,VFX,VFX_2D_SPRITE_FAMILY,common/e003_missile00,YDIJ ROM art census,docs/art/ROM_ART_CENSUS.json,ROM_BINARY,RAW_2D_BATTLE_ATTACK_SPRITE_E003_MISSILE00,NDS_2D,PIXIJS_2D,NEEDS_REBUILD,ORIGINAL_REPLACEMENT_REQUIRED,VERIFIED_BINARY,ROM_COPYRIGHTED_REFERENCE,true,,,,,,,,,REBUILD,,[],"[""ORIGINAL_EFFECT_REPLACEMENT_REQUIRED"",""TRIGGER_AND_TIMING_UNKNOWN_REQUIRES_TRACE"",""SPRITE_VFX_TIER_NOT_IN_ORIGINAL_752_UNIT_AUDIT""]","2D cell-animated effect family (BATTLE_ATTACK_SPRITE). The original 26 VFX units are all Nitro 3D models; this entire 2D sprite library was outside the 752-unit audit. Trigger and timing remain gameplay authority and must be traced, not inferred from the artwork."
art:vfx:e003-missile01:sprite-reference,VFX,VFX_2D_SPRITE_FAMILY,common/e003_missile01,YDIJ ROM art census,docs/art/ROM_ART_CENSUS.json,ROM_BINARY,RAW_2D_BATTLE_ATTACK_SPRITE_E003_MISSILE01,NDS_2D,PIXIJS_2D,NEEDS_REBUILD,ORIGINAL_REPLACEMENT_REQUIRED,VERIFIED_BINARY,ROM_COPYRIGHTED_REFERENCE,true,,,,,,,,,REBUILD,,[],"[""ORIGINAL_EFFECT_REPLACEMENT_REQUIRED"",""TRIGGER_AND_TIMING_UNKNOWN_REQUIRES_TRACE"",""SPRITE_VFX_TIER_NOT_IN_ORIGINAL_752_UNIT_AUDIT""]","2D cell-animated effect family (BATTLE_ATTACK_SPRITE). The original 26 VFX units are all Nitro 3D models; this entire 2D sprite library was outside the 752-unit audit. Trigger and timing remain gameplay authority and must be traced, not inferred from the artwork."
art:vfx:e003-missile02:sprite-reference,VFX,VFX_2D_SPRITE_FAMILY,common/e003_missile02,YDIJ ROM art census,docs/art/ROM_ART_CENSUS.json,ROM_BINARY,RAW_2D_BATTLE_ATTACK_SPRITE_E003_MISSILE02,NDS_2D,PIXIJS_2D,NEEDS_REBUILD,ORIGINAL_REPLACEMENT_REQUIRED,VERIFIED_BINARY,ROM_COPYRIGHTED_REFERENCE,true,,,,,,,,,REBUILD,,[],"[""ORIGINAL_EFFECT_REPLACEMENT_REQUIRED"",""TRIGGER_AND_TIMING_UNKNOWN_REQUIRES_TRACE"",""SPRITE_VFX_TIER_NOT_IN_ORIGINAL_752_UNIT_AUDIT""]","2D cell-animated effect family (BATTLE_ATTACK_SPRITE). The original 26 VFX units are all Nitro 3D models; this entire 2D sprite library was outside the 752-unit audit. Trigger and timing remain gameplay authority and must be traced, not inferred from the artwork."
art:vfx:e003-missile03:sprite-reference,VFX,VFX_2D_SPRITE_FAMILY,common/e003_missile03,YDIJ ROM art census,docs/art/ROM_ART_CENSUS.json,ROM_BINARY,RAW_2D_BATTLE_ATTACK_SPRITE_E003_MISSILE03,NDS_2D,PIXIJS_2D,NEEDS_REBUILD,ORIGINAL_REPLACEMENT_REQUIRED,VERIFIED_BINARY,ROM_COPYRIGHTED_REFERENCE,true,,,,,,,,,REBUILD,,[],"[""ORIGINAL_EFFECT_REPLACEMENT_REQUIRED"",""TRIGGER_AND_TIMING_UNKNOWN_REQUIRES_TRACE"",""SPRITE_VFX_TIER_NOT_IN_ORIGINAL_752_UNIT_AUDIT""]","2D cell-animated effect family (BATTLE_ATTACK_SPRITE). The original 26 VFX units are all Nitro 3D models; this entire 2D sprite library was outside the 752-unit audit. Trigger and timing remain gameplay authority and must be traced, not inferred from the artwork."
art:vfx:e003-missile04:sprite-reference,VFX,VFX_2D_SPRITE_FAMILY,common/e003_missile04,YDIJ ROM art census,docs/art/ROM_ART_CENSUS.json,ROM_BINARY,RAW_2D_BATTLE_ATTACK_SPRITE_E003_MISSILE04,NDS_2D,PIXIJS_2D,NEEDS_REBUILD,ORIGINAL_REPLACEMENT_REQUIRED,VERIFIED_BINARY,ROM_COPYRIGHTED_REFERENCE,true,,,,,,,,,REBUILD,,[],"[""ORIGINAL_EFFECT_REPLACEMENT_REQUIRED"",""TRIGGER_AND_TIMING_UNKNOWN_REQUIRES_TRACE"",""SPRITE_VFX_TIER_NOT_IN_ORIGINAL_752_UNIT_AUDIT""]","2D cell-animated effect family (BATTLE_ATTACK_SPRITE). The original 26 VFX units are all Nitro 3D models; this entire 2D sprite library was outside the 752-unit audit. Trigger and timing remain gameplay authority and must be traced, not inferred from the artwork."
art:vfx:e003-moon00:sprite-reference,VFX,VFX_2D_SPRITE_FAMILY,common/e003_moon00,YDIJ ROM art census,docs/art/ROM_ART_CENSUS.json,ROM_BINARY,RAW_2D_BATTLE_ATTACK_SPRITE_E003_MOON00,NDS_2D,PIXIJS_2D,NEEDS_REBUILD,ORIGINAL_REPLACEMENT_REQUIRED,VERIFIED_BINARY,ROM_COPYRIGHTED_REFERENCE,true,,,,,,,,,REBUILD,,[],"[""ORIGINAL_EFFECT_REPLACEMENT_REQUIRED"",""TRIGGER_AND_TIMING_UNKNOWN_REQUIRES_TRACE"",""SPRITE_VFX_TIER_NOT_IN_ORIGINAL_752_UNIT_AUDIT""]","2D cell-animated effect family (BATTLE_ATTACK_SPRITE). The original 26 VFX units are all Nitro 3D models; this entire 2D sprite library was outside the 752-unit audit. Trigger and timing remain gameplay authority and must be traced, not inferred from the artwork."
art:vfx:e003-myorunirusanda00:sprite-reference,VFX,VFX_2D_SPRITE_FAMILY,common/e003_myorunirusanda00,YDIJ ROM art census,docs/art/ROM_ART_CENSUS.json,ROM_BINARY,RAW_2D_BATTLE_ATTACK_SPRITE_E003_MYORUNIRUSANDA00,NDS_2D,PIXIJS_2D,NEEDS_REBUILD,ORIGINAL_REPLACEMENT_REQUIRED,VERIFIED_BINARY,ROM_COPYRIGHTED_REFERENCE,true,,,,,,,,,REBUILD,,[],"[""ORIGINAL_EFFECT_REPLACEMENT_REQUIRED"",""TRIGGER_AND_TIMING_UNKNOWN_REQUIRES_TRACE"",""SPRITE_VFX_TIER_NOT_IN_ORIGINAL_752_UNIT_AUDIT""]","2D cell-animated effect family (BATTLE_ATTACK_SPRITE). The original 26 VFX units are all Nitro 3D models; this entire 2D sprite library was outside the 752-unit audit. Trigger and timing remain gameplay authority and must be traced, not inferred from the artwork."
art:vfx:e003-onpu00:sprite-reference,VFX,VFX_2D_SPRITE_FAMILY,common/e003_onpu00,YDIJ ROM art census,docs/art/ROM_ART_CENSUS.json,ROM_BINARY,RAW_2D_BATTLE_ATTACK_SPRITE_E003_ONPU00,NDS_2D,PIXIJS_2D,NEEDS_REBUILD,ORIGINAL_REPLACEMENT_REQUIRED,VERIFIED_BINARY,ROM_COPYRIGHTED_REFERENCE,true,,,,,,,,,REBUILD,,[],"[""ORIGINAL_EFFECT_REPLACEMENT_REQUIRED"",""TRIGGER_AND_TIMING_UNKNOWN_REQUIRES_TRACE"",""SPRITE_VFX_TIER_NOT_IN_ORIGINAL_752_UNIT_AUDIT""]","2D cell-animated effect family (BATTLE_ATTACK_SPRITE). The original 26 VFX units are all Nitro 3D models; this entire 2D sprite library was outside the 752-unit audit. Trigger and timing remain gameplay authority and must be traced, not inferred from the artwork."
art:vfx:e003-oukuwamon00:sprite-reference,VFX,VFX_2D_SPRITE_FAMILY,common/e003_oukuwamon00,YDIJ ROM art census,docs/art/ROM_ART_CENSUS.json,ROM_BINARY,RAW_2D_BATTLE_ATTACK_SPRITE_E003_OUKUWAMON00,NDS_2D,PIXIJS_2D,NEEDS_REBUILD,ORIGINAL_REPLACEMENT_REQUIRED,VERIFIED_BINARY,ROM_COPYRIGHTED_REFERENCE,true,,,,,,,,,REBUILD,,[],"[""ORIGINAL_EFFECT_REPLACEMENT_REQUIRED"",""TRIGGER_AND_TIMING_UNKNOWN_REQUIRES_TRACE"",""SPRITE_VFX_TIER_NOT_IN_ORIGINAL_752_UNIT_AUDIT""]","2D cell-animated effect family (BATTLE_ATTACK_SPRITE). The original 26 VFX units are all Nitro 3D models; this entire 2D sprite library was outside the 752-unit audit. Trigger and timing remain gameplay authority and must be traced, not inferred from the artwork."
art:vfx:e003-oukuwamon:sprite-reference,VFX,VFX_2D_SPRITE_FAMILY,common/e003_oukuwamon,YDIJ ROM art census,docs/art/ROM_ART_CENSUS.json,ROM_BINARY,RAW_2D_BATTLE_ATTACK_SPRITE_E003_OUKUWAMON,NDS_2D,PIXIJS_2D,NEEDS_REBUILD,ORIGINAL_REPLACEMENT_REQUIRED,VERIFIED_BINARY,ROM_COPYRIGHTED_REFERENCE,true,,,,,,,,,REBUILD,,[],"[""ORIGINAL_EFFECT_REPLACEMENT_REQUIRED"",""TRIGGER_AND_TIMING_UNKNOWN_REQUIRES_TRACE"",""SPRITE_VFX_TIER_NOT_IN_ORIGINAL_752_UNIT_AUDIT""]","2D cell-animated effect family (BATTLE_ATTACK_SPRITE). The original 26 VFX units are all Nitro 3D models; this entire 2D sprite library was outside the 752-unit audit. Trigger and timing remain gameplay authority and must be traced, not inferred from the artwork."
art:vfx:e003-pinochimonarrow00:sprite-reference,VFX,VFX_2D_SPRITE_FAMILY,common/e003_pinochimonarrow00,YDIJ ROM art census,docs/art/ROM_ART_CENSUS.json,ROM_BINARY,RAW_2D_BATTLE_ATTACK_SPRITE_E003_PINOCHIMONARROW00,NDS_2D,PIXIJS_2D,NEEDS_REBUILD,ORIGINAL_REPLACEMENT_REQUIRED,VERIFIED_BINARY,ROM_COPYRIGHTED_REFERENCE,true,,,,,,,,,REBUILD,,[],"[""ORIGINAL_EFFECT_REPLACEMENT_REQUIRED"",""TRIGGER_AND_TIMING_UNKNOWN_REQUIRES_TRACE"",""SPRITE_VFX_TIER_NOT_IN_ORIGINAL_752_UNIT_AUDIT""]","2D cell-animated effect family (BATTLE_ATTACK_SPRITE). The original 26 VFX units are all Nitro 3D models; this entire 2D sprite library was outside the 752-unit audit. Trigger and timing remain gameplay authority and must be traced, not inferred from the artwork."
art:vfx:e003-pointer00:sprite-reference,VFX,VFX_2D_SPRITE_FAMILY,common/e003_pointer00,YDIJ ROM art census,docs/art/ROM_ART_CENSUS.json,ROM_BINARY,RAW_2D_BATTLE_ATTACK_SPRITE_E003_POINTER00,NDS_2D,PIXIJS_2D,NEEDS_REBUILD,ORIGINAL_REPLACEMENT_REQUIRED,VERIFIED_BINARY,ROM_COPYRIGHTED_REFERENCE,true,,,,,,,,,REBUILD,,[],"[""ORIGINAL_EFFECT_REPLACEMENT_REQUIRED"",""TRIGGER_AND_TIMING_UNKNOWN_REQUIRES_TRACE"",""SPRITE_VFX_TIER_NOT_IN_ORIGINAL_752_UNIT_AUDIT""]","2D cell-animated effect family (BATTLE_ATTACK_SPRITE). The original 26 VFX units are all Nitro 3D models; this entire 2D sprite library was outside the 752-unit audit. Trigger and timing remain gameplay authority and must be traced, not inferred from the artwork."
art:vfx:e003-purple00:sprite-reference,VFX,VFX_2D_SPRITE_FAMILY,common/e003_purple00,YDIJ ROM art census,docs/art/ROM_ART_CENSUS.json,ROM_BINARY,RAW_2D_BATTLE_ATTACK_SPRITE_E003_PURPLE00,NDS_2D,PIXIJS_2D,NEEDS_REBUILD,ORIGINAL_REPLACEMENT_REQUIRED,VERIFIED_BINARY,ROM_COPYRIGHTED_REFERENCE,true,,,,,,,,,REBUILD,,[],"[""ORIGINAL_EFFECT_REPLACEMENT_REQUIRED"",""TRIGGER_AND_TIMING_UNKNOWN_REQUIRES_TRACE"",""SPRITE_VFX_TIER_NOT_IN_ORIGINAL_752_UNIT_AUDIT""]","2D cell-animated effect family (BATTLE_ATTACK_SPRITE). The original 26 VFX units are all Nitro 3D models; this entire 2D sprite library was outside the 752-unit audit. Trigger and timing remain gameplay authority and must be traced, not inferred from the artwork."
art:vfx:e003-raiun00:sprite-reference,VFX,VFX_2D_SPRITE_FAMILY,common/e003_raiun00,YDIJ ROM art census,docs/art/ROM_ART_CENSUS.json,ROM_BINARY,RAW_2D_BATTLE_ATTACK_SPRITE_E003_RAIUN00,NDS_2D,PIXIJS_2D,NEEDS_REBUILD,ORIGINAL_REPLACEMENT_REQUIRED,VERIFIED_BINARY,ROM_COPYRIGHTED_REFERENCE,true,,,,,,,,,REBUILD,,[],"[""ORIGINAL_EFFECT_REPLACEMENT_REQUIRED"",""TRIGGER_AND_TIMING_UNKNOWN_REQUIRES_TRACE"",""SPRITE_VFX_TIER_NOT_IN_ORIGINAL_752_UNIT_AUDIT""]","2D cell-animated effect family (BATTLE_ATTACK_SPRITE). The original 26 VFX units are all Nitro 3D models; this entire 2D sprite library was outside the 752-unit audit. Trigger and timing remain gameplay authority and must be traced, not inferred from the artwork."
art:vfx:e003-risingdestroyer00:sprite-reference,VFX,VFX_2D_SPRITE_FAMILY,common/e003_risingdestroyer00,YDIJ ROM art census,docs/art/ROM_ART_CENSUS.json,ROM_BINARY,RAW_2D_BATTLE_ATTACK_SPRITE_E003_RISINGDESTROYER00,NDS_2D,PIXIJS_2D,NEEDS_REBUILD,ORIGINAL_REPLACEMENT_REQUIRED,VERIFIED_BINARY,ROM_COPYRIGHTED_REFERENCE,true,,,,,,,,,REBUILD,,[],"[""ORIGINAL_EFFECT_REPLACEMENT_REQUIRED"",""TRIGGER_AND_TIMING_UNKNOWN_REQUIRES_TRACE"",""SPRITE_VFX_TIER_NOT_IN_ORIGINAL_752_UNIT_AUDIT""]","2D cell-animated effect family (BATTLE_ATTACK_SPRITE). The original 26 VFX units are all Nitro 3D models; this entire 2D sprite library was outside the 752-unit audit. Trigger and timing remain gameplay authority and must be traced, not inferred from the artwork."
art:vfx:e003-rock00:sprite-reference,VFX,VFX_2D_SPRITE_FAMILY,common/e003_rock00,YDIJ ROM art census,docs/art/ROM_ART_CENSUS.json,ROM_BINARY,RAW_2D_BATTLE_ATTACK_SPRITE_E003_ROCK00,NDS_2D,PIXIJS_2D,NEEDS_REBUILD,ORIGINAL_REPLACEMENT_REQUIRED,VERIFIED_BINARY,ROM_COPYRIGHTED_REFERENCE,true,,,,,,,,,REBUILD,,[],"[""ORIGINAL_EFFECT_REPLACEMENT_REQUIRED"",""TRIGGER_AND_TIMING_UNKNOWN_REQUIRES_TRACE"",""SPRITE_VFX_TIER_NOT_IN_ORIGINAL_752_UNIT_AUDIT""]","2D cell-animated effect family (BATTLE_ATTACK_SPRITE). The original 26 VFX units are all Nitro 3D models; this entire 2D sprite library was outside the 752-unit audit. Trigger and timing remain gameplay authority and must be traced, not inferred from the artwork."
art:vfx:e003-rocketpunch00:sprite-reference,VFX,VFX_2D_SPRITE_FAMILY,common/e003_rocketpunch00,YDIJ ROM art census,docs/art/ROM_ART_CENSUS.json,ROM_BINARY,RAW_2D_BATTLE_ATTACK_SPRITE_E003_ROCKETPUNCH00,NDS_2D,PIXIJS_2D,NEEDS_REBUILD,ORIGINAL_REPLACEMENT_REQUIRED,VERIFIED_BINARY,ROM_COPYRIGHTED_REFERENCE,true,,,,,,,,,REBUILD,,[],"[""ORIGINAL_EFFECT_REPLACEMENT_REQUIRED"",""TRIGGER_AND_TIMING_UNKNOWN_REQUIRES_TRACE"",""SPRITE_VFX_TIER_NOT_IN_ORIGINAL_752_UNIT_AUDIT""]","2D cell-animated effect family (BATTLE_ATTACK_SPRITE). The original 26 VFX units are all Nitro 3D models; this entire 2D sprite library was outside the 752-unit audit. Trigger and timing remain gameplay authority and must be traced, not inferred from the artwork."
art:vfx:e003-ropear01:sprite-reference,VFX,VFX_2D_SPRITE_FAMILY,common/e003_ropear01,YDIJ ROM art census,docs/art/ROM_ART_CENSUS.json,ROM_BINARY,RAW_2D_BATTLE_ATTACK_SPRITE_E003_ROPEAR01,NDS_2D,PIXIJS_2D,NEEDS_REBUILD,ORIGINAL_REPLACEMENT_REQUIRED,VERIFIED_BINARY,ROM_COPYRIGHTED_REFERENCE,true,,,,,,,,,REBUILD,,[],"[""ORIGINAL_EFFECT_REPLACEMENT_REQUIRED"",""TRIGGER_AND_TIMING_UNKNOWN_REQUIRES_TRACE"",""SPRITE_VFX_TIER_NOT_IN_ORIGINAL_752_UNIT_AUDIT""]","2D cell-animated effect family (BATTLE_ATTACK_SPRITE). The original 26 VFX units are all Nitro 3D models; this entire 2D sprite library was outside the 752-unit audit. Trigger and timing remain gameplay authority and must be traced, not inferred from the artwork."
art:vfx:e003-rose00:sprite-reference,VFX,VFX_2D_SPRITE_FAMILY,common/e003_rose00,YDIJ ROM art census,docs/art/ROM_ART_CENSUS.json,ROM_BINARY,RAW_2D_BATTLE_ATTACK_SPRITE_E003_ROSE00,NDS_2D,PIXIJS_2D,NEEDS_REBUILD,ORIGINAL_REPLACEMENT_REQUIRED,VERIFIED_BINARY,ROM_COPYRIGHTED_REFERENCE,true,,,,,,,,,REBUILD,,[],"[""ORIGINAL_EFFECT_REPLACEMENT_REQUIRED"",""TRIGGER_AND_TIMING_UNKNOWN_REQUIRES_TRACE"",""SPRITE_VFX_TIER_NOT_IN_ORIGINAL_752_UNIT_AUDIT""]","2D cell-animated effect family (BATTLE_ATTACK_SPRITE). The original 26 VFX units are all Nitro 3D models; this entire 2D sprite library was outside the 752-unit audit. Trigger and timing remain gameplay authority and must be traced, not inferred from the artwork."
art:vfx:e003-seed00:sprite-reference,VFX,VFX_2D_SPRITE_FAMILY,common/e003_seed00,YDIJ ROM art census,docs/art/ROM_ART_CENSUS.json,ROM_BINARY,RAW_2D_BATTLE_ATTACK_SPRITE_E003_SEED00,NDS_2D,PIXIJS_2D,NEEDS_REBUILD,ORIGINAL_REPLACEMENT_REQUIRED,VERIFIED_BINARY,ROM_COPYRIGHTED_REFERENCE,true,,,,,,,,,REBUILD,,[],"[""ORIGINAL_EFFECT_REPLACEMENT_REQUIRED"",""TRIGGER_AND_TIMING_UNKNOWN_REQUIRES_TRACE"",""SPRITE_VFX_TIER_NOT_IN_ORIGINAL_752_UNIT_AUDIT""]","2D cell-animated effect family (BATTLE_ATTACK_SPRITE). The original 26 VFX units are all Nitro 3D models; this entire 2D sprite library was outside the 752-unit audit. Trigger and timing remain gameplay authority and must be traced, not inferred from the artwork."
art:vfx:e003-smileybomb00:sprite-reference,VFX,VFX_2D_SPRITE_FAMILY,common/e003_smileybomb00,YDIJ ROM art census,docs/art/ROM_ART_CENSUS.json,ROM_BINARY,RAW_2D_BATTLE_ATTACK_SPRITE_E003_SMILEYBOMB00,NDS_2D,PIXIJS_2D,NEEDS_REBUILD,ORIGINAL_REPLACEMENT_REQUIRED,VERIFIED_BINARY,ROM_COPYRIGHTED_REFERENCE,true,,,,,,,,,REBUILD,,[],"[""ORIGINAL_EFFECT_REPLACEMENT_REQUIRED"",""TRIGGER_AND_TIMING_UNKNOWN_REQUIRES_TRACE"",""SPRITE_VFX_TIER_NOT_IN_ORIGINAL_752_UNIT_AUDIT""]","2D cell-animated effect family (BATTLE_ATTACK_SPRITE). The original 26 VFX units are all Nitro 3D models; this entire 2D sprite library was outside the 752-unit audit. Trigger and timing remain gameplay authority and must be traced, not inferred from the artwork."
art:vfx:e003-snowcrystal00:sprite-reference,VFX,VFX_2D_SPRITE_FAMILY,common/e003_snowcrystal00,YDIJ ROM art census,docs/art/ROM_ART_CENSUS.json,ROM_BINARY,RAW_2D_BATTLE_ATTACK_SPRITE_E003_SNOWCRYSTAL00,NDS_2D,PIXIJS_2D,NEEDS_REBUILD,ORIGINAL_REPLACEMENT_REQUIRED,VERIFIED_BINARY,ROM_COPYRIGHTED_REFERENCE,true,,,,,,,,,REBUILD,,[],"[""ORIGINAL_EFFECT_REPLACEMENT_REQUIRED"",""TRIGGER_AND_TIMING_UNKNOWN_REQUIRES_TRACE"",""SPRITE_VFX_TIER_NOT_IN_ORIGINAL_752_UNIT_AUDIT""]","2D cell-animated effect family (BATTLE_ATTACK_SPRITE). The original 26 VFX units are all Nitro 3D models; this entire 2D sprite library was outside the 752-unit audit. Trigger and timing remain gameplay authority and must be traced, not inferred from the artwork."
art:vfx:e003-snowstorm:sprite-reference,VFX,VFX_2D_SPRITE_FAMILY,common/e003_snowstorm,YDIJ ROM art census,docs/art/ROM_ART_CENSUS.json,ROM_BINARY,RAW_2D_BATTLE_ATTACK_SPRITE_E003_SNOWSTORM,NDS_2D,PIXIJS_2D,NEEDS_REBUILD,ORIGINAL_REPLACEMENT_REQUIRED,VERIFIED_BINARY,ROM_COPYRIGHTED_REFERENCE,true,,,,,,,,,REBUILD,,[],"[""ORIGINAL_EFFECT_REPLACEMENT_REQUIRED"",""TRIGGER_AND_TIMING_UNKNOWN_REQUIRES_TRACE"",""SPRITE_VFX_TIER_NOT_IN_ORIGINAL_752_UNIT_AUDIT""]","2D cell-animated effect family (BATTLE_ATTACK_SPRITE). The original 26 VFX units are all Nitro 3D models; this entire 2D sprite library was outside the 752-unit audit. Trigger and timing remain gameplay authority and must be traced, not inferred from the artwork."
art:vfx:e003-soloblue00:sprite-reference,VFX,VFX_2D_SPRITE_FAMILY,common/e003_soloblue00,YDIJ ROM art census,docs/art/ROM_ART_CENSUS.json,ROM_BINARY,RAW_2D_BATTLE_ATTACK_SPRITE_E003_SOLOBLUE00,NDS_2D,PIXIJS_2D,NEEDS_REBUILD,ORIGINAL_REPLACEMENT_REQUIRED,VERIFIED_BINARY,ROM_COPYRIGHTED_REFERENCE,true,,,,,,,,,REBUILD,,[],"[""ORIGINAL_EFFECT_REPLACEMENT_REQUIRED"",""TRIGGER_AND_TIMING_UNKNOWN_REQUIRES_TRACE"",""SPRITE_VFX_TIER_NOT_IN_ORIGINAL_752_UNIT_AUDIT""]","2D cell-animated effect family (BATTLE_ATTACK_SPRITE). The original 26 VFX units are all Nitro 3D models; this entire 2D sprite library was outside the 752-unit audit. Trigger and timing remain gameplay authority and must be traced, not inferred from the artwork."
art:vfx:e003-spear00:sprite-reference,VFX,VFX_2D_SPRITE_FAMILY,common/e003_spear00,YDIJ ROM art census,docs/art/ROM_ART_CENSUS.json,ROM_BINARY,RAW_2D_BATTLE_ATTACK_SPRITE_E003_SPEAR00,NDS_2D,PIXIJS_2D,NEEDS_REBUILD,ORIGINAL_REPLACEMENT_REQUIRED,VERIFIED_BINARY,ROM_COPYRIGHTED_REFERENCE,true,,,,,,,,,REBUILD,,[],"[""ORIGINAL_EFFECT_REPLACEMENT_REQUIRED"",""TRIGGER_AND_TIMING_UNKNOWN_REQUIRES_TRACE"",""SPRITE_VFX_TIER_NOT_IN_ORIGINAL_752_UNIT_AUDIT""]","2D cell-animated effect family (BATTLE_ATTACK_SPRITE). The original 26 VFX units are all Nitro 3D models; this entire 2D sprite library was outside the 752-unit audit. Trigger and timing remain gameplay authority and must be traced, not inferred from the artwork."
art:vfx:e003-specialtime:sprite-reference,VFX,VFX_2D_SPRITE_FAMILY,common/e003_specialtime,YDIJ ROM art census,docs/art/ROM_ART_CENSUS.json,ROM_BINARY,RAW_2D_BATTLE_ATTACK_SPRITE_E003_SPECIALTIME,NDS_2D,PIXIJS_2D,NEEDS_REBUILD,ORIGINAL_REPLACEMENT_REQUIRED,VERIFIED_BINARY,ROM_COPYRIGHTED_REFERENCE,true,,,,,,,,,REBUILD,,[],"[""ORIGINAL_EFFECT_REPLACEMENT_REQUIRED"",""TRIGGER_AND_TIMING_UNKNOWN_REQUIRES_TRACE"",""SPRITE_VFX_TIER_NOT_IN_ORIGINAL_752_UNIT_AUDIT""]","2D cell-animated effect family (BATTLE_ATTACK_SPRITE). The original 26 VFX units are all Nitro 3D models; this entire 2D sprite library was outside the 752-unit audit. Trigger and timing remain gameplay authority and must be traced, not inferred from the artwork."
art:vfx:e003-spiralbone00:sprite-reference,VFX,VFX_2D_SPRITE_FAMILY,common/e003_spiralbone00,YDIJ ROM art census,docs/art/ROM_ART_CENSUS.json,ROM_BINARY,RAW_2D_BATTLE_ATTACK_SPRITE_E003_SPIRALBONE00,NDS_2D,PIXIJS_2D,NEEDS_REBUILD,ORIGINAL_REPLACEMENT_REQUIRED,VERIFIED_BINARY,ROM_COPYRIGHTED_REFERENCE,true,,,,,,,,,REBUILD,,[],"[""ORIGINAL_EFFECT_REPLACEMENT_REQUIRED"",""TRIGGER_AND_TIMING_UNKNOWN_REQUIRES_TRACE"",""SPRITE_VFX_TIER_NOT_IN_ORIGINAL_752_UNIT_AUDIT""]","2D cell-animated effect family (BATTLE_ATTACK_SPRITE). The original 26 VFX units are all Nitro 3D models; this entire 2D sprite library was outside the 752-unit audit. Trigger and timing remain gameplay authority and must be traced, not inferred from the artwork."
art:vfx:e003-star00:sprite-reference,VFX,VFX_2D_SPRITE_FAMILY,common/e003_star00,YDIJ ROM art census,docs/art/ROM_ART_CENSUS.json,ROM_BINARY,RAW_2D_BATTLE_ATTACK_SPRITE_E003_STAR00,NDS_2D,PIXIJS_2D,NEEDS_REBUILD,ORIGINAL_REPLACEMENT_REQUIRED,VERIFIED_BINARY,ROM_COPYRIGHTED_REFERENCE,true,,,,,,,,,REBUILD,,[],"[""ORIGINAL_EFFECT_REPLACEMENT_REQUIRED"",""TRIGGER_AND_TIMING_UNKNOWN_REQUIRES_TRACE"",""SPRITE_VFX_TIER_NOT_IN_ORIGINAL_752_UNIT_AUDIT""]","2D cell-animated effect family (BATTLE_ATTACK_SPRITE). The original 26 VFX units are all Nitro 3D models; this entire 2D sprite library was outside the 752-unit audit. Trigger and timing remain gameplay authority and must be traced, not inferred from the artwork."
art:vfx:e003-star01:sprite-reference,VFX,VFX_2D_SPRITE_FAMILY,common/e003_star01,YDIJ ROM art census,docs/art/ROM_ART_CENSUS.json,ROM_BINARY,RAW_2D_BATTLE_ATTACK_SPRITE_E003_STAR01,NDS_2D,PIXIJS_2D,NEEDS_REBUILD,ORIGINAL_REPLACEMENT_REQUIRED,VERIFIED_BINARY,ROM_COPYRIGHTED_REFERENCE,true,,,,,,,,,REBUILD,,[],"[""ORIGINAL_EFFECT_REPLACEMENT_REQUIRED"",""TRIGGER_AND_TIMING_UNKNOWN_REQUIRES_TRACE"",""SPRITE_VFX_TIER_NOT_IN_ORIGINAL_752_UNIT_AUDIT""]","2D cell-animated effect family (BATTLE_ATTACK_SPRITE). The original 26 VFX units are all Nitro 3D models; this entire 2D sprite library was outside the 752-unit audit. Trigger and timing remain gameplay authority and must be traced, not inferred from the artwork."
art:vfx:e003-starlight00:sprite-reference,VFX,VFX_2D_SPRITE_FAMILY,common/e003_starlight00,YDIJ ROM art census,docs/art/ROM_ART_CENSUS.json,ROM_BINARY,RAW_2D_BATTLE_ATTACK_SPRITE_E003_STARLIGHT00,NDS_2D,PIXIJS_2D,NEEDS_REBUILD,ORIGINAL_REPLACEMENT_REQUIRED,VERIFIED_BINARY,ROM_COPYRIGHTED_REFERENCE,true,,,,,,,,,REBUILD,,[],"[""ORIGINAL_EFFECT_REPLACEMENT_REQUIRED"",""TRIGGER_AND_TIMING_UNKNOWN_REQUIRES_TRACE"",""SPRITE_VFX_TIER_NOT_IN_ORIGINAL_752_UNIT_AUDIT""]","2D cell-animated effect family (BATTLE_ATTACK_SPRITE). The original 26 VFX units are all Nitro 3D models; this entire 2D sprite library was outside the 752-unit audit. Trigger and timing remain gameplay authority and must be traced, not inferred from the artwork."
art:vfx:e003-sumiburesu00:sprite-reference,VFX,VFX_2D_SPRITE_FAMILY,common/e003_sumiburesu00,YDIJ ROM art census,docs/art/ROM_ART_CENSUS.json,ROM_BINARY,RAW_2D_BATTLE_ATTACK_SPRITE_E003_SUMIBURESU00,NDS_2D,PIXIJS_2D,NEEDS_REBUILD,ORIGINAL_REPLACEMENT_REQUIRED,VERIFIED_BINARY,ROM_COPYRIGHTED_REFERENCE,true,,,,,,,,,REBUILD,,[],"[""ORIGINAL_EFFECT_REPLACEMENT_REQUIRED"",""TRIGGER_AND_TIMING_UNKNOWN_REQUIRES_TRACE"",""SPRITE_VFX_TIER_NOT_IN_ORIGINAL_752_UNIT_AUDIT""]","2D cell-animated effect family (BATTLE_ATTACK_SPRITE). The original 26 VFX units are all Nitro 3D models; this entire 2D sprite library was outside the 752-unit audit. Trigger and timing remain gameplay authority and must be traced, not inferred from the artwork."
art:vfx:e003-sun00:sprite-reference,VFX,VFX_2D_SPRITE_FAMILY,common/e003_sun00,YDIJ ROM art census,docs/art/ROM_ART_CENSUS.json,ROM_BINARY,RAW_2D_BATTLE_ATTACK_SPRITE_E003_SUN00,NDS_2D,PIXIJS_2D,NEEDS_REBUILD,ORIGINAL_REPLACEMENT_REQUIRED,VERIFIED_BINARY,ROM_COPYRIGHTED_REFERENCE,true,,,,,,,,,REBUILD,,[],"[""ORIGINAL_EFFECT_REPLACEMENT_REQUIRED"",""TRIGGER_AND_TIMING_UNKNOWN_REQUIRES_TRACE"",""SPRITE_VFX_TIER_NOT_IN_ORIGINAL_752_UNIT_AUDIT""]","2D cell-animated effect family (BATTLE_ATTACK_SPRITE). The original 26 VFX units are all Nitro 3D models; this entire 2D sprite library was outside the 752-unit audit. Trigger and timing remain gameplay authority and must be traced, not inferred from the artwork."
art:vfx:e003-suport-eff:sprite-reference,VFX,VFX_2D_SPRITE_FAMILY,common/e003_suport_eff,YDIJ ROM art census,docs/art/ROM_ART_CENSUS.json,ROM_BINARY,RAW_2D_BATTLE_ATTACK_SPRITE_E003_SUPORT_EFF,NDS_2D,PIXIJS_2D,NEEDS_REBUILD,ORIGINAL_REPLACEMENT_REQUIRED,VERIFIED_BINARY,ROM_COPYRIGHTED_REFERENCE,true,,,,,,,,,REBUILD,,[],"[""ORIGINAL_EFFECT_REPLACEMENT_REQUIRED"",""TRIGGER_AND_TIMING_UNKNOWN_REQUIRES_TRACE"",""SPRITE_VFX_TIER_NOT_IN_ORIGINAL_752_UNIT_AUDIT""]","2D cell-animated effect family (BATTLE_ATTACK_SPRITE). The original 26 VFX units are all Nitro 3D models; this entire 2D sprite library was outside the 752-unit audit. Trigger and timing remain gameplay authority and must be traced, not inferred from the artwork."
art:vfx:e003-sword00:sprite-reference,VFX,VFX_2D_SPRITE_FAMILY,common/e003_sword00,YDIJ ROM art census,docs/art/ROM_ART_CENSUS.json,ROM_BINARY,RAW_2D_BATTLE_ATTACK_SPRITE_E003_SWORD00,NDS_2D,PIXIJS_2D,NEEDS_REBUILD,ORIGINAL_REPLACEMENT_REQUIRED,VERIFIED_BINARY,ROM_COPYRIGHTED_REFERENCE,true,,,,,,,,,REBUILD,,[],"[""ORIGINAL_EFFECT_REPLACEMENT_REQUIRED"",""TRIGGER_AND_TIMING_UNKNOWN_REQUIRES_TRACE"",""SPRITE_VFX_TIER_NOT_IN_ORIGINAL_752_UNIT_AUDIT""]","2D cell-animated effect family (BATTLE_ATTACK_SPRITE). The original 26 VFX units are all Nitro 3D models; this entire 2D sprite library was outside the 752-unit audit. Trigger and timing remain gameplay authority and must be traced, not inferred from the artwork."
art:vfx:e003-syuriken00:sprite-reference,VFX,VFX_2D_SPRITE_FAMILY,common/e003_syuriken00,YDIJ ROM art census,docs/art/ROM_ART_CENSUS.json,ROM_BINARY,RAW_2D_BATTLE_ATTACK_SPRITE_E003_SYURIKEN00,NDS_2D,PIXIJS_2D,NEEDS_REBUILD,ORIGINAL_REPLACEMENT_REQUIRED,VERIFIED_BINARY,ROM_COPYRIGHTED_REFERENCE,true,,,,,,,,,REBUILD,,[],"[""ORIGINAL_EFFECT_REPLACEMENT_REQUIRED"",""TRIGGER_AND_TIMING_UNKNOWN_REQUIRES_TRACE"",""SPRITE_VFX_TIER_NOT_IN_ORIGINAL_752_UNIT_AUDIT""]","2D cell-animated effect family (BATTLE_ATTACK_SPRITE). The original 26 VFX units are all Nitro 3D models; this entire 2D sprite library was outside the 752-unit audit. Trigger and timing remain gameplay authority and must be traced, not inferred from the artwork."
art:vfx:e003-tatumaki00:sprite-reference,VFX,VFX_2D_SPRITE_FAMILY,common/e003_tatumaki00,YDIJ ROM art census,docs/art/ROM_ART_CENSUS.json,ROM_BINARY,RAW_2D_BATTLE_ATTACK_SPRITE_E003_TATUMAKI00,NDS_2D,PIXIJS_2D,NEEDS_REBUILD,ORIGINAL_REPLACEMENT_REQUIRED,VERIFIED_BINARY,ROM_COPYRIGHTED_REFERENCE,true,,,,,,,,,REBUILD,,[],"[""ORIGINAL_EFFECT_REPLACEMENT_REQUIRED"",""TRIGGER_AND_TIMING_UNKNOWN_REQUIRES_TRACE"",""SPRITE_VFX_TIER_NOT_IN_ORIGINAL_752_UNIT_AUDIT""]","2D cell-animated effect family (BATTLE_ATTACK_SPRITE). The original 26 VFX units are all Nitro 3D models; this entire 2D sprite library was outside the 752-unit audit. Trigger and timing remain gameplay authority and must be traced, not inferred from the artwork."
art:vfx:e003-tatumaki01:sprite-reference,VFX,VFX_2D_SPRITE_FAMILY,common/e003_tatumaki01,YDIJ ROM art census,docs/art/ROM_ART_CENSUS.json,ROM_BINARY,RAW_2D_BATTLE_ATTACK_SPRITE_E003_TATUMAKI01,NDS_2D,PIXIJS_2D,NEEDS_REBUILD,ORIGINAL_REPLACEMENT_REQUIRED,VERIFIED_BINARY,ROM_COPYRIGHTED_REFERENCE,true,,,,,,,,,REBUILD,,[],"[""ORIGINAL_EFFECT_REPLACEMENT_REQUIRED"",""TRIGGER_AND_TIMING_UNKNOWN_REQUIRES_TRACE"",""SPRITE_VFX_TIER_NOT_IN_ORIGINAL_752_UNIT_AUDIT""]","2D cell-animated effect family (BATTLE_ATTACK_SPRITE). The original 26 VFX units are all Nitro 3D models; this entire 2D sprite library was outside the 752-unit audit. Trigger and timing remain gameplay authority and must be traced, not inferred from the artwork."
art:vfx:e003-thunderball00:sprite-reference,VFX,VFX_2D_SPRITE_FAMILY,common/e003_thunderball00,YDIJ ROM art census,docs/art/ROM_ART_CENSUS.json,ROM_BINARY,RAW_2D_BATTLE_ATTACK_SPRITE_E003_THUNDERBALL00,NDS_2D,PIXIJS_2D,NEEDS_REBUILD,ORIGINAL_REPLACEMENT_REQUIRED,VERIFIED_BINARY,ROM_COPYRIGHTED_REFERENCE,true,,,,,,,,,REBUILD,,[],"[""ORIGINAL_EFFECT_REPLACEMENT_REQUIRED"",""TRIGGER_AND_TIMING_UNKNOWN_REQUIRES_TRACE"",""SPRITE_VFX_TIER_NOT_IN_ORIGINAL_752_UNIT_AUDIT""]","2D cell-animated effect family (BATTLE_ATTACK_SPRITE). The original 26 VFX units are all Nitro 3D models; this entire 2D sprite library was outside the 752-unit audit. Trigger and timing remain gameplay authority and must be traced, not inferred from the artwork."
art:vfx:e003-thunderjavelin00:sprite-reference,VFX,VFX_2D_SPRITE_FAMILY,common/e003_thunderjavelin00,YDIJ ROM art census,docs/art/ROM_ART_CENSUS.json,ROM_BINARY,RAW_2D_BATTLE_ATTACK_SPRITE_E003_THUNDERJAVELIN00,NDS_2D,PIXIJS_2D,NEEDS_REBUILD,ORIGINAL_REPLACEMENT_REQUIRED,VERIFIED_BINARY,ROM_COPYRIGHTED_REFERENCE,true,,,,,,,,,REBUILD,,[],"[""ORIGINAL_EFFECT_REPLACEMENT_REQUIRED"",""TRIGGER_AND_TIMING_UNKNOWN_REQUIRES_TRACE"",""SPRITE_VFX_TIER_NOT_IN_ORIGINAL_752_UNIT_AUDIT""]","2D cell-animated effect family (BATTLE_ATTACK_SPRITE). The original 26 VFX units are all Nitro 3D models; this entire 2D sprite library was outside the 752-unit audit. Trigger and timing remain gameplay authority and must be traced, not inferred from the artwork."
art:vfx:e003-toge00:sprite-reference,VFX,VFX_2D_SPRITE_FAMILY,common/e003_toge00,YDIJ ROM art census,docs/art/ROM_ART_CENSUS.json,ROM_BINARY,RAW_2D_BATTLE_ATTACK_SPRITE_E003_TOGE00,NDS_2D,PIXIJS_2D,NEEDS_REBUILD,ORIGINAL_REPLACEMENT_REQUIRED,VERIFIED_BINARY,ROM_COPYRIGHTED_REFERENCE,true,,,,,,,,,REBUILD,,[],"[""ORIGINAL_EFFECT_REPLACEMENT_REQUIRED"",""TRIGGER_AND_TIMING_UNKNOWN_REQUIRES_TRACE"",""SPRITE_VFX_TIER_NOT_IN_ORIGINAL_752_UNIT_AUDIT""]","2D cell-animated effect family (BATTLE_ATTACK_SPRITE). The original 26 VFX units are all Nitro 3D models; this entire 2D sprite library was outside the 752-unit audit. Trigger and timing remain gameplay authority and must be traced, not inferred from the artwork."
art:vfx:e003-toyfire00:sprite-reference,VFX,VFX_2D_SPRITE_FAMILY,common/e003_toyfire00,YDIJ ROM art census,docs/art/ROM_ART_CENSUS.json,ROM_BINARY,RAW_2D_BATTLE_ATTACK_SPRITE_E003_TOYFIRE00,NDS_2D,PIXIJS_2D,NEEDS_REBUILD,ORIGINAL_REPLACEMENT_REQUIRED,VERIFIED_BINARY,ROM_COPYRIGHTED_REFERENCE,true,,,,,,,,,REBUILD,,[],"[""ORIGINAL_EFFECT_REPLACEMENT_REQUIRED"",""TRIGGER_AND_TIMING_UNKNOWN_REQUIRES_TRACE"",""SPRITE_VFX_TIER_NOT_IN_ORIGINAL_752_UNIT_AUDIT""]","2D cell-animated effect family (BATTLE_ATTACK_SPRITE). The original 26 VFX units are all Nitro 3D models; this entire 2D sprite library was outside the 752-unit audit. Trigger and timing remain gameplay authority and must be traced, not inferred from the artwork."
art:vfx:e003-trident00:sprite-reference,VFX,VFX_2D_SPRITE_FAMILY,common/e003_trident00,YDIJ ROM art census,docs/art/ROM_ART_CENSUS.json,ROM_BINARY,RAW_2D_BATTLE_ATTACK_SPRITE_E003_TRIDENT00,NDS_2D,PIXIJS_2D,NEEDS_REBUILD,ORIGINAL_REPLACEMENT_REQUIRED,VERIFIED_BINARY,ROM_COPYRIGHTED_REFERENCE,true,,,,,,,,,REBUILD,,[],"[""ORIGINAL_EFFECT_REPLACEMENT_REQUIRED"",""TRIGGER_AND_TIMING_UNKNOWN_REQUIRES_TRACE"",""SPRITE_VFX_TIER_NOT_IN_ORIGINAL_752_UNIT_AUDIT""]","2D cell-animated effect family (BATTLE_ATTACK_SPRITE). The original 26 VFX units are all Nitro 3D models; this entire 2D sprite library was outside the 752-unit audit. Trigger and timing remain gameplay authority and must be traced, not inferred from the artwork."
art:vfx:e003-tsunami:sprite-reference,VFX,VFX_2D_SPRITE_FAMILY,common/e003_tsunami,YDIJ ROM art census,docs/art/ROM_ART_CENSUS.json,ROM_BINARY,RAW_2D_BATTLE_ATTACK_SPRITE_E003_TSUNAMI,NDS_2D,PIXIJS_2D,NEEDS_REBUILD,ORIGINAL_REPLACEMENT_REQUIRED,VERIFIED_BINARY,ROM_COPYRIGHTED_REFERENCE,true,,,,,,,,,REBUILD,,[],"[""ORIGINAL_EFFECT_REPLACEMENT_REQUIRED"",""TRIGGER_AND_TIMING_UNKNOWN_REQUIRES_TRACE"",""SPRITE_VFX_TIER_NOT_IN_ORIGINAL_752_UNIT_AUDIT""]","2D cell-animated effect family (BATTLE_ATTACK_SPRITE). The original 26 VFX units are all Nitro 3D models; this entire 2D sprite library was outside the 752-unit audit. Trigger and timing remain gameplay authority and must be traced, not inferred from the artwork."
art:vfx:e003-tuno00:sprite-reference,VFX,VFX_2D_SPRITE_FAMILY,common/e003_tuno00,YDIJ ROM art census,docs/art/ROM_ART_CENSUS.json,ROM_BINARY,RAW_2D_BATTLE_ATTACK_SPRITE_E003_TUNO00,NDS_2D,PIXIJS_2D,NEEDS_REBUILD,ORIGINAL_REPLACEMENT_REQUIRED,VERIFIED_BINARY,ROM_COPYRIGHTED_REFERENCE,true,,,,,,,,,REBUILD,,[],"[""ORIGINAL_EFFECT_REPLACEMENT_REQUIRED"",""TRIGGER_AND_TIMING_UNKNOWN_REQUIRES_TRACE"",""SPRITE_VFX_TIER_NOT_IN_ORIGINAL_752_UNIT_AUDIT""]","2D cell-animated effect family (BATTLE_ATTACK_SPRITE). The original 26 VFX units are all Nitro 3D models; this entire 2D sprite library was outside the 752-unit audit. Trigger and timing remain gameplay authority and must be traced, not inferred from the artwork."
art:vfx:e003-tyusyaki00:sprite-reference,VFX,VFX_2D_SPRITE_FAMILY,common/e003_tyusyaki00,YDIJ ROM art census,docs/art/ROM_ART_CENSUS.json,ROM_BINARY,RAW_2D_BATTLE_ATTACK_SPRITE_E003_TYUSYAKI00,NDS_2D,PIXIJS_2D,NEEDS_REBUILD,ORIGINAL_REPLACEMENT_REQUIRED,VERIFIED_BINARY,ROM_COPYRIGHTED_REFERENCE,true,,,,,,,,,REBUILD,,[],"[""ORIGINAL_EFFECT_REPLACEMENT_REQUIRED"",""TRIGGER_AND_TIMING_UNKNOWN_REQUIRES_TRACE"",""SPRITE_VFX_TIER_NOT_IN_ORIGINAL_752_UNIT_AUDIT""]","2D cell-animated effect family (BATTLE_ATTACK_SPRITE). The original 26 VFX units are all Nitro 3D models; this entire 2D sprite library was outside the 752-unit audit. Trigger and timing remain gameplay authority and must be traced, not inferred from the artwork."
art:vfx:e003-unchi00:sprite-reference,VFX,VFX_2D_SPRITE_FAMILY,common/e003_unchi00,YDIJ ROM art census,docs/art/ROM_ART_CENSUS.json,ROM_BINARY,RAW_2D_BATTLE_ATTACK_SPRITE_E003_UNCHI00,NDS_2D,PIXIJS_2D,NEEDS_REBUILD,ORIGINAL_REPLACEMENT_REQUIRED,VERIFIED_BINARY,ROM_COPYRIGHTED_REFERENCE,true,,,,,,,,,REBUILD,,[],"[""ORIGINAL_EFFECT_REPLACEMENT_REQUIRED"",""TRIGGER_AND_TIMING_UNKNOWN_REQUIRES_TRACE"",""SPRITE_VFX_TIER_NOT_IN_ORIGINAL_752_UNIT_AUDIT""]","2D cell-animated effect family (BATTLE_ATTACK_SPRITE). The original 26 VFX units are all Nitro 3D models; this entire 2D sprite library was outside the 752-unit audit. Trigger and timing remain gameplay authority and must be traced, not inferred from the artwork."
art:vfx:e003-walaser00:sprite-reference,VFX,VFX_2D_SPRITE_FAMILY,common/e003_walaser00,YDIJ ROM art census,docs/art/ROM_ART_CENSUS.json,ROM_BINARY,RAW_2D_BATTLE_ATTACK_SPRITE_E003_WALASER00,NDS_2D,PIXIJS_2D,NEEDS_REBUILD,ORIGINAL_REPLACEMENT_REQUIRED,VERIFIED_BINARY,ROM_COPYRIGHTED_REFERENCE,true,,,,,,,,,REBUILD,,[],"[""ORIGINAL_EFFECT_REPLACEMENT_REQUIRED"",""TRIGGER_AND_TIMING_UNKNOWN_REQUIRES_TRACE"",""SPRITE_VFX_TIER_NOT_IN_ORIGINAL_752_UNIT_AUDIT""]","2D cell-animated effect family (BATTLE_ATTACK_SPRITE). The original 26 VFX units are all Nitro 3D models; this entire 2D sprite library was outside the 752-unit audit. Trigger and timing remain gameplay authority and must be traced, not inferred from the artwork."
art:vfx:e003-walaser01:sprite-reference,VFX,VFX_2D_SPRITE_FAMILY,common/e003_walaser01,YDIJ ROM art census,docs/art/ROM_ART_CENSUS.json,ROM_BINARY,RAW_2D_BATTLE_ATTACK_SPRITE_E003_WALASER01,NDS_2D,PIXIJS_2D,NEEDS_REBUILD,ORIGINAL_REPLACEMENT_REQUIRED,VERIFIED_BINARY,ROM_COPYRIGHTED_REFERENCE,true,,,,,,,,,REBUILD,,[],"[""ORIGINAL_EFFECT_REPLACEMENT_REQUIRED"",""TRIGGER_AND_TIMING_UNKNOWN_REQUIRES_TRACE"",""SPRITE_VFX_TIER_NOT_IN_ORIGINAL_752_UNIT_AUDIT""]","2D cell-animated effect family (BATTLE_ATTACK_SPRITE). The original 26 VFX units are all Nitro 3D models; this entire 2D sprite library was outside the 752-unit audit. Trigger and timing remain gameplay authority and must be traced, not inferred from the artwork."
art:vfx:e003-waterball00:sprite-reference,VFX,VFX_2D_SPRITE_FAMILY,common/e003_waterball00,YDIJ ROM art census,docs/art/ROM_ART_CENSUS.json,ROM_BINARY,RAW_2D_BATTLE_ATTACK_SPRITE_E003_WATERBALL00,NDS_2D,PIXIJS_2D,NEEDS_REBUILD,ORIGINAL_REPLACEMENT_REQUIRED,VERIFIED_BINARY,ROM_COPYRIGHTED_REFERENCE,true,,,,,,,,,REBUILD,,[],"[""ORIGINAL_EFFECT_REPLACEMENT_REQUIRED"",""TRIGGER_AND_TIMING_UNKNOWN_REQUIRES_TRACE"",""SPRITE_VFX_TIER_NOT_IN_ORIGINAL_752_UNIT_AUDIT""]","2D cell-animated effect family (BATTLE_ATTACK_SPRITE). The original 26 VFX units are all Nitro 3D models; this entire 2D sprite library was outside the 752-unit audit. Trigger and timing remain gameplay authority and must be traced, not inferred from the artwork."
art:vfx:e003-waterball01:sprite-reference,VFX,VFX_2D_SPRITE_FAMILY,common/e003_waterball01,YDIJ ROM art census,docs/art/ROM_ART_CENSUS.json,ROM_BINARY,RAW_2D_BATTLE_ATTACK_SPRITE_E003_WATERBALL01,NDS_2D,PIXIJS_2D,NEEDS_REBUILD,ORIGINAL_REPLACEMENT_REQUIRED,VERIFIED_BINARY,ROM_COPYRIGHTED_REFERENCE,true,,,,,,,,,REBUILD,,[],"[""ORIGINAL_EFFECT_REPLACEMENT_REQUIRED"",""TRIGGER_AND_TIMING_UNKNOWN_REQUIRES_TRACE"",""SPRITE_VFX_TIER_NOT_IN_ORIGINAL_752_UNIT_AUDIT""]","2D cell-animated effect family (BATTLE_ATTACK_SPRITE). The original 26 VFX units are all Nitro 3D models; this entire 2D sprite library was outside the 752-unit audit. Trigger and timing remain gameplay authority and must be traced, not inferred from the artwork."
art:vfx:e003-yukigumo00:sprite-reference,VFX,VFX_2D_SPRITE_FAMILY,common/e003_yukigumo00,YDIJ ROM art census,docs/art/ROM_ART_CENSUS.json,ROM_BINARY,RAW_2D_BATTLE_ATTACK_SPRITE_E003_YUKIGUMO00,NDS_2D,PIXIJS_2D,NEEDS_REBUILD,ORIGINAL_REPLACEMENT_REQUIRED,VERIFIED_BINARY,ROM_COPYRIGHTED_REFERENCE,true,,,,,,,,,REBUILD,,[],"[""ORIGINAL_EFFECT_REPLACEMENT_REQUIRED"",""TRIGGER_AND_TIMING_UNKNOWN_REQUIRES_TRACE"",""SPRITE_VFX_TIER_NOT_IN_ORIGINAL_752_UNIT_AUDIT""]","2D cell-animated effect family (BATTLE_ATTACK_SPRITE). The original 26 VFX units are all Nitro 3D models; this entire 2D sprite library was outside the 752-unit audit. Trigger and timing remain gameplay authority and must be traced, not inferred from the artwork."
art:vfx:effect:sprite-reference,VFX,VFX_2D_SPRITE_FAMILY,common/effect,YDIJ ROM art census,docs/art/ROM_ART_CENSUS.json,ROM_BINARY,RAW_2D_SHARED_EFFECT_SPRITE_EFFECT,NDS_2D,PIXIJS_2D,NEEDS_REBUILD,ORIGINAL_REPLACEMENT_REQUIRED,VERIFIED_BINARY,ROM_COPYRIGHTED_REFERENCE,true,,,,,,,,,REBUILD,,[],"[""ORIGINAL_EFFECT_REPLACEMENT_REQUIRED"",""TRIGGER_AND_TIMING_UNKNOWN_REQUIRES_TRACE"",""SPRITE_VFX_TIER_NOT_IN_ORIGINAL_752_UNIT_AUDIT""]","2D cell-animated effect family (SHARED_EFFECT_SPRITE). The original 26 VFX units are all Nitro 3D models; this entire 2D sprite library was outside the 752-unit audit. Trigger and timing remain gameplay authority and must be traced, not inferred from the artwork."
art:vfx:evolution:sprite-reference,VFX,VFX_2D_SPRITE_FAMILY,common/evolution,YDIJ ROM art census,docs/art/ROM_ART_CENSUS.json,ROM_BINARY,RAW_2D_EVOLUTION_OR_RAISING_SPRITE_EVOLUTION,NDS_2D,PIXIJS_2D,NEEDS_REBUILD,ORIGINAL_REPLACEMENT_REQUIRED,VERIFIED_BINARY,ROM_COPYRIGHTED_REFERENCE,true,,,,,,,,,REBUILD,,[],"[""ORIGINAL_EFFECT_REPLACEMENT_REQUIRED"",""TRIGGER_AND_TIMING_UNKNOWN_REQUIRES_TRACE"",""SPRITE_VFX_TIER_NOT_IN_ORIGINAL_752_UNIT_AUDIT""]","2D cell-animated effect family (EVOLUTION_OR_RAISING_SPRITE). The original 26 VFX units are all Nitro 3D models; this entire 2D sprite library was outside the 752-unit audit. Trigger and timing remain gameplay authority and must be traced, not inferred from the artwork."
art:vfx:i000-item:sprite-reference,VFX,VFX_2D_SPRITE_FAMILY,common/i000_item,YDIJ ROM art census,docs/art/ROM_ART_CENSUS.json,ROM_BINARY,RAW_2D_ITEM_ICON_SHEET_I000_ITEM,NDS_2D,PIXIJS_2D,NEEDS_REBUILD,ORIGINAL_REPLACEMENT_REQUIRED,VERIFIED_BINARY,ROM_COPYRIGHTED_REFERENCE,true,,,,,,,,,REBUILD,,[],"[""ORIGINAL_EFFECT_REPLACEMENT_REQUIRED"",""TRIGGER_AND_TIMING_UNKNOWN_REQUIRES_TRACE"",""SPRITE_VFX_TIER_NOT_IN_ORIGINAL_752_UNIT_AUDIT""]","2D cell-animated effect family (ITEM_ICON_SHEET). The original 26 VFX units are all Nitro 3D models; this entire 2D sprite library was outside the 752-unit audit. Trigger and timing remain gameplay authority and must be traced, not inferred from the artwork."
